"Fecha","Último","Apertura","Máximo","Mínimo","Vol.","% var."
"18.09.2026","5.100,0","4.845,0","5.100,0","4.780,0","1,46M","5,15%"
"17.09.2026","4.850,0","4.900,0","4.950,0","4.800,0","227,57K","-1,42%"
"16.09.2026","4.920,0","4.870,0","4.920,0","4.870,0","150,72K","1,23%"
"15.09.2026","4.860,0","4.920,0","4.970,0","4.855,0","119,30K","-1,42%"
"14.09.2026","4.930,0","4.940,0","4.940,0","4.870,0","188,36K","2,71%"
"11.09.2026","4.800,0","4.950,0","5.020,0","4.800,0","220,36K","-4,38%"
"10.09.2026","5.020,0","4.835,0","5.020,0","4.835,0","475,47K","3,51%"
"09.09.2026","4.850,0","4.820,0","4.880,0","4.800,0","364,11K","1,04%"
"08.09.2026","4.800,0","4.785,0","4.850,0","4.755,0","432,37K","0,10%"
"07.09.2026","4.795,0","4.720,0","4.795,0","4.700,0","194,36K","0,95%"
"04.09.2026","4.750,0","4.760,0","4.780,0","4.715,0","136,55K","-0,21%"
"03.09.2026","4.760,0","4.780,0","4.780,0","4.745,0","53,27K","0,21%"
"02.09.2026","4.750,0","4.805,0","4.805,0","4.700,0","1,21M","-0,63%"
"01.09.2026","4.780,0","4.825,0","4.870,0","4.780,0","149,42K","-1,04%"
"31.08.2026","4.830,0","4.790,0","4.830,0","4.740,0","117,79K","0,73%"
"28.08.2026","4.795,0","4.800,0","4.800,0","4.720,0","120,86K","0,74%"
"27.08.2026","4.760,0","4.755,0","4.800,0","4.750,0","146,43K","0,11%"
"26.08.2026","4.755,0","4.800,0","4.800,0","4.730,0","157,97K","-0,83%"
"25.08.2026","4.795,0","4.800,0","4.850,0","4.750,0","177,39K","-0,21%"
"24.08.2026","4.805,0","4.800,0","4.905,0","4.800,0","150,84K","-0,10%"
"21.08.2026","4.810,0","4.850,0","4.850,0","4.800,0","202,25K","-0,21%"
"20.08.2026","4.820,0","4.895,0","4.895,0","4.820,0","105,89K","-1,33%"
"19.08.2026","4.885,0","4.940,0","4.940,0","4.815,0","206,53K","-1,71%"
"18.08.2026","4.970,0","4.990,0","4.990,0","4.840,0","153,93K","0,20%"
"14.08.2026","4.960,0","4.935,0","4.960,0","4.825,0","221,90K","1,12%"
"13.08.2026","4.905,0","4.970,0","4.985,0","4.900,0","71,55K","-1,01%"
"12.08.2026","4.955,0","4.900,0","4.975,0","4.850,0","134,27K","1,12%"
"11.08.2026","4.900,0","4.900,0","4.915,0","4.865,0","137,12K","0,00%"
"10.08.2026","4.900,0","5.000,0","5.000,0","4.835,0","243,89K","-1,90%"
"06.08.2026","4.995,0","4.990,0","5.050,0","4.990,0","348,25K","1,32%"
"05.08.2026","4.930,0","4.925,0","4.950,0","4.920,0","146,95K","-0,30%"
"04.08.2026","4.945,0","5.020,0","5.020,0","4.905,0","119,53K","-0,10%"
"03.08.2026","4.950,0","4.905,0","5.100,0","4.905,0","92,74K","-1,20%"
"31.07.2026","5.010,0","4.900,0","5.050,0","4.815,0","349,11K","3,41%"
"30.07.2026","4.845,0","4.850,0","4.865,0","4.830,0","137,44K","-0,62%"
"29.07.2026","4.875,0","5.040,0","5.040,0","4.825,0","58,56K","0,00%"
"28.07.2026","4.875,0","4.875,0","4.880,0","4.825,0","79,31K","-0,41%"
"27.07.2026","4.895,0","4.975,0","5.190,0","4.880,0","68,98K","-1,11%"
"24.07.2026","4.950,0","5.110,0","5.120,0","4.950,0","132,59K","-2,94%"
"23.07.2026","5.100,0","5.150,0","5.150,0","5.060,0","126,03K","-1,35%"
"22.07.2026","5.170,0","5.200,0","5.200,0","5.160,0","144,43K","-0,58%"
"21.07.2026","5.200,0","5.020,0","5.320,0","5.020,0","191,85K","-1,33%"
"17.07.2026","5.270,0","5.250,0","5.280,0","5.190,0","112,12K","-0,19%"
"16.07.2026","5.280,0","5.260,0","5.280,0","5.110,0","190,61K","-1,49%"
"15.07.2026","5.360,0","5.260,0","5.360,0","5.190,0","142,98K","1,90%"
"14.07.2026","5.260,0","5.380,0","5.400,0","5.190,0","191,88K","-2,23%"
"10.07.2026","5.380,0","5.160,0","5.380,0","5.120,0","456,08K","3,86%"
"09.07.2026","5.180,0","5.030,0","5.190,0","5.010,0","142,20K","2,98%"
"08.07.2026","5.030,0","5.070,0","5.110,0","4.970,0","216,55K","-0,98%"
"07.07.2026","5.080,0","4.950,0","5.100,0","4.915,0","171,74K","2,83%"
"06.07.2026","4.940,0","5.050,0","5.050,0","4.915,0","229,99K","-1,98%"
"03.07.2026","5.040,0","5.040,0","5.130,0","5.040,0","136,94K","0,40%"
"02.07.2026","5.020,0","5.100,0","5.140,0","5.010,0","260,45K","-1,38%"
"01.07.2026","5.090,0","4.930,0","5.110,0","4.930,0","190,70K","0,20%"
"30.06.2026","5.080,0","5.060,0","5.140,0","4.985,0","245,44K","0,20%"
"26.06.2026","5.070,0","5.090,0","5.090,0","4.970,0","199,43K","1,40%"
"25.06.2026","5.000,0","5.110,0","5.140,0","4.980,0","313,33K","-1,77%"
"24.06.2026","5.090,0","5.040,0","5.090,0","4.945,0","355,74K","0,20%"
"23.06.2026","5.080,0","5.070,0","5.130,0","5.020,0","230,88K","-0,20%"
"22.06.2026","5.090,0","5.300,0","5.380,0","5.010,0","819,65K","-2,12%"
"19.06.2026","5.200,0","5.210,0","5.300,0","5.180,0","279,56K","0,19%"
"18.06.2026","5.190,0","5.160,0","5.290,0","5.070,0","206,54K","-1,33%"
"17.06.2026","5.260,0","5.100,0","5.280,0","5.100,0","384,25K","3,14%"
"16.06.2026","5.100,0","5.300,0","5.300,0","5.000,0","262,70K","-1,92%"
"12.06.2026","5.200,0","5.090,0","5.270,0","5.040,0","813,71K","5,05%"
"11.06.2026","4.950,0","5.200,0","5.260,0","4.940,0","717,44K","-4,26%"
"10.06.2026","5.170,0","5.200,0","5.280,0","5.120,0","228,52K","-2,45%"
"09.06.2026","5.300,0","4.980,0","5.300,0","4.980,0","680,75K","6,53%"
"05.06.2026","4.975,0","4.955,0","5.000,0","4.920,0","192,59K","0,30%"
"04.06.2026","4.960,0","4.950,0","5.000,0","4.880,0","328,10K","0,71%"
"03.06.2026","4.925,0","4.840,0","4.925,0","4.800,0","553,65K","3,03%"
"02.06.2026","4.780,0","4.845,0","4.875,0","4.725,0","443,32K","1,70%"
"01.06.2026","4.700,0","4.870,0","4.900,0","4.685,0","982,92K","1,51%"
"29.05.2026","4.630,0","4.720,0","4.960,0","4.630,0","1,63M","-3,54%"
"28.05.2026","4.800,0","4.720,0","4.860,0","4.580,0","179,69K","-0,41%"
"27.05.2026","4.820,0","4.850,0","4.895,0","4.740,0","317,65K","0,21%"
"26.05.2026","4.810,0","4.700,0","4.890,0","4.650,0","502,79K","3,89%"
"25.05.2026","4.630,0","4.720,0","4.750,0","4.630,0","418,03K","-2,32%"
"22.05.2026","4.740,0","4.785,0","4.790,0","4.720,0","131,40K","-1,46%"
"21.05.2026","4.810,0","4.725,0","4.895,0","4.700,0","281,04K","1,48%"
"20.05.2026","4.740,0","4.900,0","4.900,0","4.705,0","419,02K","-3,07%"
"19.05.2026","4.890,0","4.940,0","4.940,0","4.880,0","156,86K","-0,91%"
"15.05.2026","4.935,0","4.900,0","5.080,0","4.800,0","211,80K","-1,50%"
"14.05.2026","5.010,0","4.960,0","5.150,0","4.960,0","445,83K","1,01%"
"13.05.2026","4.960,0","4.900,0","4.965,0","4.805,0","179,00K","2,69%"
"12.05.2026","4.830,0","4.990,0","4.990,0","4.830,0","437,83K","-1,43%"
"11.05.2026","4.900,0","4.970,0","4.970,0","4.875,0","270,99K","1,03%"
"08.05.2026","4.850,0","4.950,0","4.950,0","4.850,0","461,85K","-1,02%"
"07.05.2026","4.900,0","4.980,0","5.000,0","4.900,0","288,05K","-1,01%"
"06.05.2026","4.950,0","5.080,0","5.090,0","4.950,0","256,00K","-1,39%"
"05.05.2026","5.020,0","5.100,0","5.100,0","4.990,0","466,67K","0,80%"
"04.05.2026","4.980,0","4.920,0","5.090,0","4.915,0","206,03K","-0,20%"
"30.04.2026","4.990,0","4.980,0","5.040,0","4.910,0","169,90K","0,81%"
"29.04.2026","4.950,0","5.040,0","5.100,0","4.950,0","1,03M","-4,81%"
"28.04.2026","5.200,0","5.420,0","5.420,0","5.020,0","114,14K","0,00%"
"27.04.2026","5.200,0","5.340,0","5.340,0","5.190,0","34,87K","-0,76%"
"24.04.2026","5.240,0","5.400,0","5.480,0","5.120,0","219,02K","-2,24%"
"23.04.2026","5.360,0","5.530,0","5.570,0","5.300,0","149,92K","-2,37%"
"22.04.2026","5.490,0","5.550,0","5.550,0","5.400,0","195,28K","0,92%"
"21.04.2026","5.440,0","5.630,0","5.630,0","5.320,0","277,56K","-1,81%"
"20.04.2026","5.540,0","5.700,0","5.700,0","5.540,0","330,89K","-1,07%"
"17.04.2026","5.600,0","5.700,0","5.700,0","5.600,0","288,12K","-1,75%"
"16.04.2026","5.700,0","5.690,0","5.770,0","5.680,0","484,27K","0,18%"
"15.04.2026","5.690,0","5.790,0","5.790,0","5.690,0","513,48K","-1,04%"
"14.04.2026","5.750,0","5.740,0","5.820,0","5.740,0","477,72K","0,17%"
"13.04.2026","5.740,0","5.750,0","5.800,0","5.710,0","660,82K","-0,52%"
"10.04.2026","5.770,0","5.620,0","5.770,0","5.590,0","397,66K","3,04%"
"09.04.2026","5.600,0","5.590,0","5.600,0","5.550,0","428,30K","0,90%"
"08.04.2026","5.550,0","5.500,0","5.590,0","5.480,0","443,97K","1,09%"
"07.04.2026","5.490,0","5.490,0","5.500,0","5.390,0","181,62K","0,18%"
"06.04.2026","5.480,0","5.360,0","5.490,0","5.280,0","324,00K","3,79%"
"01.04.2026","5.280,0","5.290,0","5.380,0","5.250,0","131,98K","-0,38%"
"31.03.2026","5.300,0","5.320,0","5.320,0","5.200,0","78,67K","1,92%"
"30.03.2026","5.200,0","5.350,0","5.350,0","5.200,0","78,86K","0,00%"
"27.03.2026","5.200,0","5.550,0","5.590,0","5.200,0","616,68K","-4,76%"
"26.03.2026","5.460,0","5.360,0","5.500,0","5.300,0","637,92K","4,80%"
"25.03.2026","5.210,0","5.280,0","5.530,0","5.000,0","1,11M","3,37%"
"24.03.2026","5.040,0","5.000,0","6.510,0","4.900,0","3,97M","17,21%"
"20.03.2026","4.300,0","4.590,0","4.720,0","4.300,0","1,03M","-4,44%"
"19.03.2026","4.500,0","4.645,0","4.680,0","4.410,0","313,07K","-4,26%"
"18.03.2026","4.700,0","4.700,0","4.785,0","4.660,0","129,03K","0,86%"
"17.03.2026","4.660,0","4.995,0","4.995,0","4.660,0","474,03K","-5,19%"
"16.03.2026","4.915,0","4.970,0","4.970,0","4.905,0","47,39K","1,34%"
"13.03.2026","4.850,0","4.985,0","5.000,0","4.850,0","185,50K","-3,00%"
"12.03.2026","5.000,0","5.000,0","5.000,0","4.965,0","77,39K","-0,99%"
"11.03.2026","5.050,0","5.090,0","5.090,0","5.050,0","45,47K","0,80%"
"10.03.2026","5.010,0","4.980,0","5.010,0","4.975,0","174,77K","0,40%"
"09.03.2026","4.990,0","4.850,0","4.990,0","4.800,0","161,93K","2,46%"
"06.03.2026","4.870,0","4.870,0","4.870,0","4.745,0","159,85K","2,31%"
"05.03.2026","4.760,0","4.800,0","4.890,0","4.755,0","148,02K","1,28%"
"04.03.2026","4.700,0","4.800,0","4.900,0","4.700,0","159,22K","-4,08%"
"03.03.2026","4.900,0","4.500,0","4.900,0","4.310,0","296,95K","8,65%"
"02.03.2026","4.510,0","4.835,0","4.840,0","4.510,0","192,75K","-6,72%"
"27.02.2026","4.835,0","4.980,0","4.980,0","4.835,0","181,68K","-3,30%"
"26.02.2026","5.000,0","5.080,0","5.080,0","4.980,0","1,40M","-1,57%"
"25.02.2026","5.080,0","5.060,0","5.100,0","5.040,0","242,30K","0,40%"
"24.02.2026","5.060,0","5.100,0","5.100,0","5.040,0","282,48K","0,00%"
"23.02.2026","5.060,0","5.080,0","5.080,0","5.040,0","1,50M","-0,39%"
"20.02.2026","5.080,0","5.000,0","5.080,0","4.985,0","518,49K","1,80%"
"19.02.2026","4.990,0","4.980,0","4.990,0","4.980,0","94,21K","0,30%"
"18.02.2026","4.975,0","4.985,0","4.985,0","4.950,0","60,93K","-0,30%"
"17.02.2026","4.990,0","4.915,0","4.990,0","4.855,0","91,05K","1,63%"
"16.02.2026","4.910,0","4.910,0","4.910,0","4.910,0","33,80K","-2,96%"
"13.02.2026","5.060,0","4.870,0","5.090,0","4.855,0","206,97K","3,90%"
"12.02.2026","4.870,0","4.890,0","4.890,0","4.800,0","123,24K","0,41%"
"11.02.2026","4.850,0","4.940,0","4.940,0","4.850,0","343,95K","-2,61%"
"10.02.2026","4.980,0","4.960,0","4.980,0","4.960,0","80,85K","0,40%"
"09.02.2026","4.960,0","5.000,0","5.000,0","4.870,0","425,88K","0,00%"
"06.02.2026","4.960,0","4.970,0","5.030,0","4.950,0","85,92K","-1,59%"
"05.02.2026","5.040,0","4.955,0","5.040,0","4.950,0","220,81K","1,41%"
"04.02.2026","4.970,0","5.050,0","5.060,0","4.950,0","274,33K","-2,55%"
"03.02.2026","5.100,0","5.120,0","5.190,0","5.050,0","176,93K","-0,39%"
"02.02.2026","5.120,0","5.230,0","5.230,0","5.110,0","348,81K","-2,66%"
"30.01.2026","5.260,0","5.240,0","5.270,0","5.200,0","238,96K","0,19%"
"29.01.2026","5.250,0","5.200,0","5.250,0","5.160,0","304,76K","0,19%"
"28.01.2026","5.240,0","5.100,0","5.240,0","5.090,0","1,31M","2,75%"
"27.01.2026","5.100,0","5.090,0","5.100,0","5.070,0","500,62K","0,39%"
"26.01.2026","5.080,0","5.050,0","5.090,0","5.050,0","469,44K","-0,20%"
"23.01.2026","5.090,0","5.080,0","5.100,0","5.060,0","451,81K","0,20%"
"22.01.2026","5.080,0","5.100,0","5.100,0","5.060,0","238,01K","-0,20%"
"21.01.2026","5.090,0","5.090,0","5.090,0","5.050,0","361,21K","0,00%"
"20.01.2026","5.090,0","5.040,0","5.090,0","5.040,0","456,44K","0,20%"
"19.01.2026","5.080,0","5.030,0","5.080,0","5.010,0","145,94K","0,40%"
"16.01.2026","5.060,0","5.030,0","5.070,0","5.000,0","204,14K","0,00%"
"15.01.2026","5.060,0","5.000,0","5.060,0","4.990,0","193,67K","1,50%"
"14.01.2026","4.985,0","5.090,0","5.090,0","4.985,0","269,32K","-1,48%"
"13.01.2026","5.060,0","5.050,0","5.100,0","5.010,0","325,29K","0,20%"
"09.01.2026","5.050,0","5.050,0","5.050,0","4.980,0","170,54K","1,00%"
"08.01.2026","5.000,0","5.000,0","5.000,0","4.985,0","70,75K","0,00%"
"07.01.2026","5.000,0","4.960,0","5.000,0","4.950,0","98,54K","-1,19%"
"06.01.2026","5.060,0","4.950,0","5.060,0","4.935,0","572,00K","2,64%"
"05.01.2026","4.930,0","4.950,0","4.950,0","4.885,0","169,27K","0,61%"
"02.01.2026","4.900,0","4.905,0","4.925,0","4.830,0","82,91K","0,00%"
"30.12.2025","4.900,0","4.980,0","4.980,0","4.900,0","143,09K","-0,61%"
"29.12.2025","4.930,0","4.895,0","4.930,0","4.865,0","162,78K","0,61%"
"26.12.2025","4.900,0","4.850,0","4.900,0","4.850,0","366,51K","-1,01%"
"24.12.2025","4.950,0","4.915,0","4.970,0","4.915,0","115,09K","0,71%"
"23.12.2025","4.915,0","4.905,0","4.990,0","4.900,0","233,50K","0,31%"
"22.12.2025","4.900,0","4.910,0","4.925,0","4.890,0","168,08K","0,31%"
"19.12.2025","4.885,0","4.945,0","4.945,0","4.860,0","217,26K","0,41%"
"18.12.2025","4.865,0","4.990,0","4.990,0","4.865,0","221,37K","-1,32%"
"17.12.2025","4.930,0","5.000,0","5.000,0","4.880,0","334,81K","-0,40%"
"16.12.2025","4.950,0","4.995,0","4.995,0","4.860,0","204,45K","-0,30%"
"15.12.2025","4.965,0","5.000,0","5.050,0","4.965,0","122,32K","-0,70%"
"12.12.2025","5.000,0","4.975,0","5.000,0","4.905,0","125,05K","1,32%"
"11.12.2025","4.935,0","4.940,0","4.950,0","4.900,0","280,91K","0,51%"
"10.12.2025","4.910,0","4.965,0","4.990,0","4.910,0","224,26K","-0,81%"
"09.12.2025","4.950,0","4.965,0","4.965,0","4.925,0","117,84K","-0,30%"
"05.12.2025","4.965,0","4.950,0","4.965,0","4.850,0","221,96K","0,30%"
"04.12.2025","4.950,0","4.900,0","4.950,0","4.855,0","222,19K","2,06%"
"03.12.2025","4.850,0","4.905,0","4.920,0","4.850,0","157,30K","-1,12%"
"02.12.2025","4.905,0","4.900,0","4.905,0","4.870,0","187,36K","0,10%"
"01.12.2025","4.900,0","4.905,0","4.905,0","4.870,0","131,68K","-0,91%"
"28.11.2025","4.945,0","4.840,0","4.945,0","4.810,0","237,83K","3,02%"
"27.11.2025","4.800,0","4.790,0","4.825,0","4.740,0","162,96K","0,21%"
"26.11.2025","4.790,0","4.730,0","4.790,0","4.730,0","171,30K","1,27%"
"25.11.2025","4.730,0","4.735,0","4.735,0","4.655,0","333,45K","2,05%"
"24.11.2025","4.635,0","4.710,0","4.745,0","4.635,0","710,40K","-1,38%"
"21.11.2025","4.700,0","4.890,0","4.890,0","4.640,0","591,35K","-3,69%"
"20.11.2025","4.880,0","4.905,0","4.935,0","4.880,0","202,55K","0,00%"
"19.11.2025","4.880,0","4.915,0","4.915,0","4.865,0","125,31K","0,41%"
"18.11.2025","4.860,0","4.885,0","4.920,0","4.860,0","186,84K","-1,82%"
"14.11.2025","4.950,0","4.860,0","4.950,0","4.860,0","80,09K","0,10%"
"13.11.2025","4.945,0","4.950,0","4.950,0","4.900,0","124,19K","0,30%"
"12.11.2025","4.930,0","4.915,0","4.935,0","4.900,0","115,11K","0,31%"
"11.11.2025","4.915,0","4.900,0","4.950,0","4.865,0","150,27K","0,31%"
"10.11.2025","4.900,0","4.850,0","4.900,0","4.850,0","67,70K","1,03%"
"07.11.2025","4.850,0","4.855,0","4.855,0","4.850,0","97,82K","-0,21%"
"06.11.2025","4.860,0","4.860,0","4.890,0","4.845,0","622,98K","-0,10%"
"05.11.2025","4.865,0","4.885,0","4.885,0","4.850,0","126,34K","0,00%"
"04.11.2025","4.865,0","4.865,0","4.865,0","4.855,0","42,17K","-0,51%"
"31.10.2025","4.890,0","4.910,0","4.910,0","4.880,0","70,24K","-0,41%"
"30.10.2025","4.910,0","4.915,0","4.915,0","4.880,0","62,84K","-0,10%"
"29.10.2025","4.915,0","4.995,0","4.995,0","4.890,0","296,42K","0,31%"
"28.10.2025","4.900,0","4.915,0","4.930,0","4.900,0","111,71K","0,00%"
"27.10.2025","4.900,0","5.000,0","5.090,0","4.900,0","604,42K","-2,00%"
"24.10.2025","5.000,0","4.920,0","5.000,0","4.890,0","249,42K","2,15%"
"23.10.2025","4.895,0","4.900,0","4.920,0","4.895,0","142,85K","0,10%"
"22.10.2025","4.890,0","4.850,0","4.890,0","4.810,0","140,20K","0,41%"
"21.10.2025","4.870,0","4.830,0","4.870,0","4.830,0","109,37K","0,62%"
"20.10.2025","4.840,0","4.820,0","4.870,0","4.820,0","249,16K","-0,62%"
"17.10.2025","4.870,0","4.820,0","4.870,0","4.820,0","212,83K","0,83%"
"16.10.2025","4.830,0","4.825,0","4.855,0","4.825,0","166,40K","-0,51%"
"15.10.2025","4.855,0","4.810,0","4.860,0","4.810,0","461,38K","0,52%"
"14.10.2025","4.830,0","4.830,0","4.850,0","4.830,0","101,41K","0,00%"
"10.10.2025","4.830,0","4.815,0","4.830,0","4.795,0","171,45K","0,10%"
"09.10.2025","4.825,0","4.795,0","4.835,0","4.785,0","145,84K","0,63%"
"08.10.2025","4.795,0","4.750,0","4.795,0","4.710,0","93,21K","0,74%"
"07.10.2025","4.760,0","4.760,0","4.760,0","4.760,0","27,90K","1,06%"
"06.10.2025","4.710,0","4.755,0","4.755,0","4.705,0","147,26K","0,86%"
"03.10.2025","4.670,0","4.635,0","4.745,0","4.635,0","153,00K","0,86%"
"02.10.2025","4.630,0","4.630,0","4.630,0","4.630,0","43,71K","0,11%"
"01.10.2025","4.625,0","4.600,0","4.625,0","4.595,0","59,48K","-1,60%"
"30.09.2025","4.700,0","4.720,0","4.755,0","4.645,0","137,14K","-0,32%"
"29.09.2025","4.715,0","4.775,0","4.775,0","4.690,0","96,62K","-1,26%"
"26.09.2025","4.775,0","4.775,0","4.775,0","4.705,0","153,74K","0,00%"
"25.09.2025","4.775,0","4.775,0","4.775,0","4.730,0","168,79K","-0,21%"
"24.09.2025","4.785,0","4.800,0","4.820,0","4.750,0","372,05K","0,21%"
"23.09.2025","4.775,0","4.730,0","4.785,0","4.675,0","386,43K","1,06%"
"22.09.2025","4.725,0","4.600,0","4.730,0","4.580,0","370,05K","3,85%"
"19.09.2025","4.550,0","4.525,0","4.585,0","4.525,0","2,04M","0,66%"
"18.09.2025","4.520,0","4.380,0","4.580,0","4.380,0","1,91M","2,49%"
"17.09.2025","4.410,0","4.520,0","4.520,0","4.300,0","590,37K","-2,00%"
"16.09.2025","4.500,0","4.500,0","4.580,0","4.500,0","319,32K","0,00%"
"15.09.2025","4.500,0","4.755,0","4.755,0","4.500,0","894,71K","-5,06%"
"12.09.2025","4.740,0","4.770,0","4.780,0","4.740,0","134,09K","-2,07%"
"11.09.2025","4.840,0","4.740,0","4.840,0","4.705,0","176,38K","1,57%"
"10.09.2025","4.765,0","4.725,0","4.765,0","4.720,0","139,53K","0,42%"
"09.09.2025","4.745,0","4.705,0","4.750,0","4.705,0","111,73K","-0,52%"
"08.09.2025","4.770,0","4.720,0","4.775,0","4.710,0","166,82K","0,95%"
"05.09.2025","4.725,0","4.720,0","4.725,0","4.720,0","147,97K","0,00%"
"04.09.2025","4.725,0","4.705,0","4.760,0","4.700,0","107,85K","0,43%"
"03.09.2025","4.705,0","4.720,0","4.750,0","4.720,0","111,64K","-1,88%"
"02.09.2025","4.795,0","4.785,0","4.795,0","4.725,0","104,34K","-0,10%"
"01.09.2025","4.800,0","4.800,0","4.800,0","4.740,0","107,94K","0,21%"
"29.08.2025","4.790,0","4.670,0","4.790,0","4.665,0","114,68K","0,00%"
"28.08.2025","4.790,0","4.655,0","4.800,0","4.655,0","176,55K","0,00%"
"27.08.2025","4.790,0","4.745,0","4.795,0","4.745,0","77,74K","0,84%"
"26.08.2025","4.750,0","4.685,0","4.795,0","4.680,0","260,11K","1,50%"
"25.08.2025","4.680,0","4.750,0","4.750,0","4.680,0","327,27K","-2,50%"
"22.08.2025","4.800,0","4.800,0","4.800,0","4.755,0","90,48K","0,42%"
"21.08.2025","4.780,0","4.810,0","4.810,0","4.780,0","128,66K","-0,62%"
"20.08.2025","4.810,0","4.810,0","4.885,0","4.805,0","83,03K","0,10%"
"19.08.2025","4.805,0","4.800,0","4.840,0","4.800,0","181,26K","-1,64%"
"15.08.2025","4.885,0","4.840,0","4.885,0","4.840,0","148,67K","2,30%"
"14.08.2025","4.775,0","4.935,0","4.950,0","4.775,0","243,66K","-1,95%"
"13.08.2025","4.870,0","4.870,0","4.910,0","4.870,0","93,65K","-1,02%"
"12.08.2025","4.920,0","4.920,0","4.930,0","4.850,0","176,50K","-0,40%"
"11.08.2025","4.940,0","4.805,0","4.950,0","4.805,0","91,40K","0,82%"
"08.08.2025","4.900,0","4.780,0","4.900,0","4.780,0","251,07K","4,03%"
"06.08.2025","4.710,0","4.700,0","4.710,0","4.700,0","28,38K","0,00%"
"05.08.2025","4.710,0","4.710,0","4.710,0","4.710,0","27,40K","-0,32%"
"04.08.2025","4.725,0","4.790,0","4.790,0","4.725,0","104,41K","-1,66%"
"01.08.2025","4.805,0","4.700,0","4.805,0","4.680,0","259,14K","2,23%"
"31.07.2025","4.700,0","4.700,0","4.700,0","4.700,0","37,08K","0,21%"
"30.07.2025","4.690,0","4.765,0","4.765,0","4.690,0","144,69K","0,21%"
"29.07.2025","4.680,0","4.760,0","4.760,0","4.680,0","635,69K","-2,09%"
"28.07.2025","4.780,0","4.745,0","4.800,0","4.700,0","280,74K","2,03%"
"25.07.2025","4.685,0","4.710,0","4.740,0","4.685,0","194,40K","-1,37%"
"24.07.2025","4.750,0","4.735,0","4.750,0","4.680,0","89,56K","1,50%"
"23.07.2025","4.680,0","4.735,0","4.735,0","4.680,0","111,04K","0,54%"
"22.07.2025","4.655,0","4.650,0","4.710,0","4.650,0","89,25K","0,98%"
"21.07.2025","4.610,0","4.800,0","4.805,0","4.610,0","144,00K","-3,96%"
"18.07.2025","4.800,0","4.800,0","4.850,0","4.760,0","150,87K","-1,94%"
"17.07.2025","4.895,0","4.820,0","4.895,0","4.710,0","467,14K","1,98%"
"16.07.2025","4.800,0","4.600,0","4.800,0","4.600,0","180,47K","2,13%"
"15.07.2025","4.700,0","4.550,0","4.700,0","4.550,0","178,11K","3,18%"
"14.07.2025","4.555,0","4.535,0","4.555,0","4.505,0","81,75K","0,44%"
"11.07.2025","4.535,0","4.500,0","4.535,0","4.500,0","143,42K","0,33%"
"10.07.2025","4.520,0","4.500,0","4.520,0","4.500,0","102,18K","0,44%"
"09.07.2025","4.500,0","4.515,0","4.525,0","4.500,0","119,78K","0,45%"
"08.07.2025","4.480,0","4.510,0","4.550,0","4.480,0","145,58K","-0,55%"
"07.07.2025","4.505,0","4.550,0","4.550,0","4.495,0","162,97K","-0,99%"
"04.07.2025","4.550,0","4.550,0","4.550,0","4.550,0","104,24K","-0,44%"
"03.07.2025","4.570,0","4.510,0","4.570,0","4.510,0","123,68K","0,44%"
"02.07.2025","4.550,0","4.570,0","4.570,0","4.550,0","333,16K","-0,55%"
"01.07.2025","4.575,0","4.605,0","4.610,0","4.575,0","120,77K","1,67%"
"27.06.2025","4.500,0","4.580,0","4.580,0","4.500,0","151,99K","-1,64%"
"26.06.2025","4.575,0","4.600,0","4.600,0","4.575,0","322,48K","-0,65%"
"25.06.2025","4.605,0","4.695,0","4.695,0","4.600,0","238,30K","-2,02%"
"24.06.2025","4.700,0","4.495,0","4.700,0","4.495,0","293,32K","4,44%"
"20.06.2025","4.500,0","4.485,0","4.500,0","4.355,0","400,62K","0,00%"
"19.06.2025","4.500,0","4.545,0","4.550,0","4.490,0","918,01K","-0,66%"
"18.06.2025","4.530,0","4.505,0","4.530,0","4.505,0","128,70K","0,67%"
"17.06.2025","4.500,0","4.530,0","4.575,0","4.500,0","396,85K","0,00%"
"16.06.2025","4.500,0","4.500,0","4.530,0","4.470,0","523,50K","0,22%"
"13.06.2025","4.490,0","4.500,0","4.520,0","4.490,0","243,44K","-0,33%"
"12.06.2025","4.505,0","4.550,0","4.600,0","4.500,0","157,28K","-0,99%"
"11.06.2025","4.550,0","4.560,0","4.570,0","4.500,0","160,10K","-0,22%"
"10.06.2025","4.560,0","4.400,0","4.580,0","4.400,0","524,79K","3,17%"
"09.06.2025","4.420,0","4.465,0","4.465,0","4.400,0","139,39K","-0,56%"
"06.06.2025","4.445,0","4.420,0","4.445,0","4.400,0","160,23K","0,91%"
"05.06.2025","4.405,0","4.390,0","4.425,0","4.380,0","438,62K","0,57%"
"04.06.2025","4.380,0","4.390,0","4.390,0","4.345,0","123,37K","-0,11%"
"03.06.2025","4.385,0","4.240,0","4.385,0","4.240,0","159,27K","3,91%"
"30.05.2025","4.220,0","4.315,0","4.350,0","4.220,0","632,15K","-4,09%"
"29.05.2025","4.400,0","4.325,0","4.400,0","4.325,0","136,55K","2,33%"
"28.05.2025","4.300,0","4.355,0","4.390,0","4.300,0","280,74K","-2,05%"
"27.05.2025","4.390,0","4.400,0","4.400,0","4.360,0","202,70K","-0,11%"
"26.05.2025","4.395,0","4.405,0","4.410,0","4.390,0","87,52K","-0,34%"
"23.05.2025","4.410,0","4.350,0","4.415,0","4.320,0","208,62K","2,32%"
"22.05.2025","4.310,0","4.300,0","4.330,0","4.300,0","161,52K","-0,46%"
"21.05.2025","4.330,0","4.260,0","4.330,0","4.260,0","98,23K","0,70%"
"20.05.2025","4.300,0","4.280,0","4.300,0","4.260,0","104,61K","-0,35%"
"19.05.2025","4.315,0","4.320,0","4.320,0","4.270,0","161,57K","-0,12%"
"16.05.2025","4.320,0","4.295,0","4.320,0","4.220,0","258,04K","-0,46%"
"15.05.2025","4.340,0","4.390,0","4.390,0","4.330,0","155,05K","-1,92%"
"14.05.2025","4.425,0","4.240,0","4.425,0","4.240,0","533,05K","4,00%"
"13.05.2025","4.255,0","4.165,0","4.255,0","4.165,0","405,01K","2,16%"
"12.05.2025","4.165,0","4.150,0","4.165,0","4.100,0","235,69K","0,36%"
"09.05.2025","4.150,0","4.080,0","4.170,0","4.050,0","278,86K","1,72%"
"08.05.2025","4.080,0","4.070,0","4.090,0","4.060,0","242,00K","0,12%"
"07.05.2025","4.075,0","4.050,0","4.090,0","4.045,0","573,00K","1,24%"
"06.05.2025","4.025,0","4.030,0","4.050,0","4.025,0","74,31K","0,00%"
"05.05.2025","4.025,0","4.000,0","4.030,0","4.000,0","275,25K","0,63%"
"02.05.2025","4.000,0","3.855,0","4.030,0","3.855,0","55,82K","-0,50%"
"30.04.2025","4.020,0","3.920,0","4.020,0","3.920,0","131,93K","2,55%"
"29.04.2025","3.920,0","3.920,0","3.920,0","3.910,0","247,54K","0,77%"
"28.04.2025","3.890,0","3.890,0","3.920,0","3.890,0","114,10K","0,00%"
"25.04.2025","3.890,0","3.890,0","3.895,0","3.890,0","241,78K","0,00%"
"24.04.2025","3.890,0","3.945,0","3.955,0","3.860,0","240,53K","-0,64%"
"23.04.2025","3.915,0","3.990,0","3.990,0","3.890,0","669,19K","-1,01%"
"22.04.2025","3.955,0","4.030,0","4.035,0","3.955,0","134,01K","-1,13%"
"21.04.2025","4.000,0","4.000,0","4.020,0","3.990,0","122,65K","0,00%"
"16.04.2025","4.000,0","3.935,0","4.015,0","3.920,0","107,06K","-0,12%"
"15.04.2025","4.005,0","4.010,0","4.070,0","4.005,0","283,52K","-0,62%"
"14.04.2025","4.030,0","3.980,0","4.030,0","3.980,0","130,88K","2,03%"
"11.04.2025","3.950,0","3.985,0","3.995,0","3.950,0","181,05K","-0,88%"
"10.04.2025","3.985,0","4.070,0","4.070,0","3.980,0","305,73K","-2,09%"
"09.04.2025","4.070,0","4.000,0","4.070,0","3.960,0","296,81K","0,99%"
"08.04.2025","4.030,0","4.050,0","4.050,0","4.020,0","541,02K","0,00%"
"07.04.2025","4.030,0","3.980,0","4.030,0","3.970,0","402,14K","0,37%"
"04.04.2025","4.015,0","4.005,0","4.030,0","3.965,0","708,48K","0,25%"
"03.04.2025","4.005,0","4.000,0","4.030,0","3.970,0","343,24K","-0,37%"
"02.04.2025","4.020,0","3.975,0","4.045,0","3.955,0","1,03M","0,88%"
"01.04.2025","3.985,0","3.930,0","3.995,0","3.930,0","298,53K","1,14%"
"31.03.2025","3.940,0","3.940,0","3.940,0","3.880,0","516,27K","0,00%"
"28.03.2025","3.940,0","3.900,0","3.940,0","3.880,0","303,17K","1,03%"
"27.03.2025","3.900,0","3.840,0","3.900,0","3.840,0","508,84K","0,39%"
"26.03.2025","3.885,0","3.850,0","3.885,0","3.815,0","182,27K","-0,26%"
"25.03.2025","3.895,0","3.885,0","3.900,0","3.840,0","290,09K","0,26%"
"21.03.2025","3.885,0","3.875,0","3.885,0","3.705,0","1,56M","0,91%"
"20.03.2025","3.850,0","3.860,0","3.885,0","3.835,0","124,00K","-0,77%"
"19.03.2025","3.880,0","3.840,0","3.890,0","3.840,0","179,74K","-0,13%"
"18.03.2025","3.885,0","3.890,0","3.890,0","3.830,0","162,00K","-0,13%"
"17.03.2025","3.890,0","3.800,0","3.895,0","3.800,0","461,47K","2,37%"
"14.03.2025","3.800,0","3.770,0","3.800,0","3.770,0","285,23K","0,80%"
"13.03.2025","3.770,0","3.765,0","3.770,0","3.740,0","107,56K","0,13%"
"12.03.2025","3.765,0","3.750,0","3.765,0","3.725,0","199,65K","1,76%"
"11.03.2025","3.700,0","3.720,0","3.740,0","3.700,0","352,20K","-0,94%"
"10.03.2025","3.735,0","3.760,0","3.770,0","3.730,0","254,23K","-0,66%"
"07.03.2025","3.760,0","3.730,0","3.765,0","3.725,0","643,82K","0,80%"
"06.03.2025","3.730,0","3.735,0","3.740,0","3.710,0","405,31K","0,00%"
"05.03.2025","3.730,0","3.705,0","3.740,0","3.700,0","461,00K","0,13%"
"04.03.2025","3.725,0","3.635,0","3.725,0","3.635,0","316,48K","0,95%"
"03.03.2025","3.690,0","3.710,0","3.725,0","3.640,0","306,42K","-0,27%"
"28.02.2025","3.700,0","3.740,0","3.755,0","3.680,0","265,36K","-0,80%"
"27.02.2025","3.730,0","3.740,0","3.780,0","3.680,0","319,36K","-0,13%"
"26.02.2025","3.735,0","3.800,0","3.840,0","3.700,0","744,65K","-1,45%"
"25.02.2025","3.790,0","3.790,0","3.795,0","3.740,0","1,08M","0,00%"
"24.02.2025","3.790,0","3.795,0","3.900,0","3.750,0","2,02M","1,61%"
"21.02.2025","3.730,0","3.750,0","3.750,0","3.710,0","403,31K","-0,53%"
"20.02.2025","3.750,0","3.740,0","3.795,0","3.700,0","1,82M","0,27%"
"19.02.2025","3.740,0","3.680,0","3.740,0","3.675,0","1,09M","1,63%"
"18.02.2025","3.680,0","3.680,0","3.685,0","3.660,0","226,24K","-0,54%"
"17.02.2025","3.700,0","3.650,0","3.700,0","3.635,0","162,44K","1,37%"
"14.02.2025","3.650,0","3.675,0","3.675,0","3.650,0","44,05K","-0,54%"
"13.02.2025","3.670,0","3.670,0","3.670,0","3.645,0","98,91K","-0,14%"
"12.02.2025","3.675,0","3.660,0","3.675,0","3.635,0","137,94K","-0,14%"
"11.02.2025","3.680,0","3.655,0","3.680,0","3.630,0","347,70K","0,68%"
"10.02.2025","3.655,0","3.690,0","3.690,0","3.620,0","342,25K","-0,68%"
"07.02.2025","3.680,0","3.690,0","3.690,0","3.670,0","130,92K","-0,27%"
"06.02.2025","3.690,0","3.665,0","3.700,0","3.665,0","251,76K","0,27%"
"05.02.2025","3.680,0","3.680,0","3.685,0","3.670,0","748,44K","-0,41%"
"04.02.2025","3.695,0","3.700,0","3.735,0","3.670,0","368,69K","-0,40%"
"03.02.2025","3.710,0","3.720,0","3.720,0","3.670,0","235,85K","-0,27%"
"31.01.2025","3.720,0","3.700,0","3.730,0","3.670,0","343,41K","0,00%"
"30.01.2025","3.720,0","3.650,0","3.740,0","3.635,0","1,75M","2,62%"
"29.01.2025","3.625,0","3.630,0","3.670,0","3.615,0","420,41K","0,00%"
"28.01.2025","3.625,0","3.620,0","3.670,0","3.620,0","242,02K","-0,41%"
"27.01.2025","3.640,0","3.630,0","3.660,0","3.630,0","164,85K","-0,55%"
"24.01.2025","3.660,0","3.645,0","3.665,0","3.645,0","230,46K","-0,41%"
"23.01.2025","3.675,0","3.675,0","3.675,0","3.675,0","41,54K","0,00%"
"22.01.2025","3.675,0","3.680,0","3.680,0","3.675,0","172,21K","-0,14%"
"21.01.2025","3.680,0","3.670,0","3.700,0","3.670,0","137,93K","0,14%"
"20.01.2025","3.675,0","3.660,0","3.680,0","3.660,0","822,39K","-0,14%"
"17.01.2025","3.680,0","3.675,0","3.690,0","3.675,0","77,96K","-1,87%"
"16.01.2025","3.750,0","3.775,0","3.790,0","3.705,0","178,75K","-0,66%"
"15.01.2025","3.775,0","3.790,0","3.790,0","3.760,0","138,07K","-0,79%"
"14.01.2025","3.805,0","3.820,0","3.820,0","3.790,0","77,91K","-0,26%"
"13.01.2025","3.815,0","3.780,0","3.815,0","3.770,0","305,85K","1,33%"
"10.01.2025","3.765,0","3.755,0","3.765,0","3.745,0","134,76K","0,40%"
"09.01.2025","3.750,0","3.755,0","3.760,0","3.750,0","98,77K","0,54%"
"08.01.2025","3.730,0","3.760,0","3.800,0","3.725,0","223,63K","-0,27%"
"07.01.2025","3.740,0","3.720,0","3.795,0","3.720,0","327,85K","0,27%"
"03.01.2025","3.730,0","3.720,0","3.735,0","3.720,0","156,14K","0,00%"
"02.01.2025","3.730,0","3.700,0","3.730,0","3.700,0","124,09K","1,36%"
"30.12.2024","3.680,0","3.690,0","3.720,0","3.680,0","219,31K","-0,14%"
"27.12.2024","3.685,0","3.695,0","3.700,0","3.680,0","142,17K","0,55%"
"26.12.2024","3.665,0","3.630,0","3.675,0","3.630,0","142,02K","1,24%"
"24.12.2024","3.620,0","3.570,0","3.620,0","3.570,0","121,03K","1,40%"
"23.12.2024","3.570,0","3.540,0","3.580,0","3.520,0","209,50K","1,42%"
"20.12.2024","3.520,0","3.510,0","3.520,0","3.485,0","255,20K","-0,14%"
"19.12.2024","3.525,0","3.550,0","3.550,0","3.475,0","259,27K","0,71%"
"18.12.2024","3.500,0","3.500,0","3.535,0","3.495,0","193,18K","0,00%"
"17.12.2024","3.500,0","3.500,0","3.505,0","3.495,0","98,25K","-0,14%"
"16.12.2024","3.505,0","3.500,0","3.505,0","3.500,0","104,67K","0,00%"
"13.12.2024","3.505,0","3.500,0","3.505,0","3.480,0","275,30K","0,14%"
"12.12.2024","3.500,0","3.490,0","3.500,0","3.490,0","87,33K","0,29%"
"11.12.2024","3.490,0","3.490,0","3.510,0","3.490,0","114,32K","0,43%"
"10.12.2024","3.475,0","3.510,0","3.515,0","3.465,0","247,41K","-1,00%"
"09.12.2024","3.510,0","3.510,0","3.515,0","3.470,0","160,47K","-0,28%"
"06.12.2024","3.520,0","3.520,0","3.520,0","3.500,0","111,61K","0,00%"
"05.12.2024","3.520,0","3.510,0","3.535,0","3.505,0","156,73K","0,43%"
"04.12.2024","3.505,0","3.540,0","3.540,0","3.480,0","466,14K","0,00%"
"03.12.2024","3.505,0","3.550,0","3.600,0","3.500,0","262,73K","-1,27%"
"02.12.2024","3.550,0","3.585,0","3.585,0","3.500,0","369,14K","-1,11%"
"29.11.2024","3.590,0","3.590,0","3.600,0","3.570,0","327,24K","0,00%"
"28.11.2024","3.590,0","3.590,0","3.600,0","3.580,0","264,59K","0,28%"
"27.11.2024","3.580,0","3.600,0","3.600,0","3.580,0","171,08K","-0,14%"
"26.11.2024","3.585,0","3.600,0","3.600,0","3.580,0","821,21K","2,43%"
"25.11.2024","3.500,0","3.665,0","3.665,0","3.500,0","3,12M","-3,98%"
"22.11.2024","3.645,0","3.645,0","3.645,0","3.610,0","350,70K","0,00%"
"21.11.2024","3.645,0","3.655,0","3.730,0","3.620,0","235,72K","0,69%"
"20.11.2024","3.620,0","3.605,0","3.650,0","3.590,0","313,61K","0,42%"
"19.11.2024","3.605,0","3.555,0","3.605,0","3.555,0","465,64K","1,12%"
"18.11.2024","3.565,0","3.570,0","3.580,0","3.560,0","315,53K","0,00%"
"15.11.2024","3.565,0","3.610,0","3.635,0","3.550,0","165,63K","-1,11%"
"14.11.2024","3.605,0","3.645,0","3.645,0","3.600,0","129,14K","-0,83%"
"13.11.2024","3.635,0","3.680,0","3.685,0","3.600,0","110,76K","-0,68%"
"12.11.2024","3.660,0","3.715,0","3.715,0","3.660,0","126,96K","-1,48%"
"08.11.2024","3.715,0","3.740,0","3.740,0","3.700,0","117,61K","-0,67%"
"07.11.2024","3.740,0","3.725,0","3.745,0","3.705,0","170,04K","0,40%"
"06.11.2024","3.725,0","3.765,0","3.770,0","3.700,0","170,94K","-1,84%"
"05.11.2024","3.795,0","3.800,0","3.800,0","3.760,0","95,85K","1,20%"
"01.11.2024","3.750,0","3.760,0","3.775,0","3.750,0","51,38K","-0,79%"
"31.10.2024","3.780,0","3.785,0","3.800,0","3.700,0","143,94K","-0,13%"
"30.10.2024","3.785,0","3.785,0","3.790,0","3.785,0","259,64K","0,13%"
"29.10.2024","3.780,0","3.785,0","3.805,0","3.780,0","38,55K","-1,82%"
"28.10.2024","3.850,0","3.810,0","3.850,0","3.810,0","36,20K","1,05%"
"25.10.2024","3.810,0","3.865,0","3.865,0","3.810,0","31,96K","0,66%"
"24.10.2024","3.785,0","3.785,0","3.785,0","3.785,0","12,22K","0,00%"
"23.10.2024","3.785,0","3.850,0","3.850,0","3.780,0","119,59K","-1,05%"
"22.10.2024","3.825,0","3.910,0","3.910,0","3.700,0","139,71K","-2,30%"
"21.10.2024","3.915,0","3.930,0","3.950,0","3.915,0","47,39K","-1,26%"
"18.10.2024","3.965,0","4.010,0","4.010,0","3.950,0","145,42K","-0,88%"
"17.10.2024","4.000,0","3.980,0","4.015,0","3.980,0","174,97K","0,50%"
"16.10.2024","3.980,0","3.995,0","4.000,0","3.950,0","216,02K","0,76%"
"15.10.2024","3.950,0","3.950,0","3.970,0","3.935,0","100,60K","-0,88%"
"11.10.2024","3.985,0","3.970,0","3.985,0","3.965,0","93,61K","0,50%"
"10.10.2024","3.965,0","4.000,0","4.000,0","3.965,0","75,98K","-0,75%"
"09.10.2024","3.995,0","3.950,0","3.995,0","3.950,0","59,90K","0,88%"
"08.10.2024","3.960,0","3.905,0","3.960,0","3.905,0","85,79K","1,02%"
"07.10.2024","3.920,0","3.960,0","3.960,0","3.920,0","88,85K","-0,51%"
"04.10.2024","3.940,0","3.910,0","3.950,0","3.910,0","93,84K","-0,25%"
"03.10.2024","3.950,0","3.930,0","3.950,0","3.905,0","141,10K","0,00%"
"02.10.2024","3.950,0","3.965,0","3.965,0","3.935,0","71,97K","-0,25%"
"01.10.2024","3.960,0","3.945,0","3.960,0","3.945,0","95,60K","1,15%"
"30.09.2024","3.915,0","3.910,0","3.945,0","3.900,0","114,76K","0,38%"
"27.09.2024","3.900,0","3.890,0","3.950,0","3.880,0","144,82K","-1,27%"
"26.09.2024","3.950,0","3.950,0","3.950,0","3.950,0","62,49K","0,13%"
"25.09.2024","3.945,0","3.950,0","3.950,0","3.945,0","86,37K","-0,13%"
"24.09.2024","3.950,0","3.950,0","3.950,0","3.945,0","97,30K","0,00%"
"23.09.2024","3.950,0","3.950,0","3.950,0","3.925,0","94,59K","-0,75%"
"20.09.2024","3.980,0","3.850,0","3.980,0","3.800,0","3,52M","3,51%"
"19.09.2024","3.845,0","3.850,0","3.850,0","3.770,0","470,07K","-0,13%"
"18.09.2024","3.850,0","3.850,0","3.850,0","3.800,0","119,91K","-0,90%"
"17.09.2024","3.885,0","3.885,0","3.900,0","3.850,0","126,46K","-0,13%"
"16.09.2024","3.890,0","3.900,0","3.920,0","3.890,0","140,22K","-0,77%"
"13.09.2024","3.920,0","3.950,0","3.950,0","3.920,0","289,82K","-0,88%"
"12.09.2024","3.955,0","3.915,0","3.955,0","3.915,0","143,46K","0,89%"
"11.09.2024","3.920,0","3.950,0","3.950,0","3.920,0","84,14K","0,00%"
"10.09.2024","3.920,0","3.960,0","3.960,0","3.920,0","103,87K","0,13%"
"09.09.2024","3.915,0","4.000,0","4.000,0","3.915,0","105,85K","-2,13%"
"06.09.2024","4.000,0","4.000,0","4.000,0","4.000,0","159,26K","0,00%"
"05.09.2024","4.000,0","3.970,0","4.000,0","3.970,0","190,61K","1,01%"
"04.09.2024","3.960,0","4.030,0","4.030,0","3.960,0","209,42K","-1,61%"
"03.09.2024","4.025,0","4.045,0","4.050,0","4.025,0","116,78K","0,50%"
"02.09.2024","4.005,0","4.050,0","4.050,0","4.005,0","74,78K","-1,11%"
"30.08.2024","4.050,0","4.035,0","4.050,0","4.000,0","212,35K","0,75%"
"29.08.2024","4.020,0","4.070,0","4.070,0","4.020,0","67,28K","-1,23%"
"28.08.2024","4.070,0","4.070,0","4.070,0","4.025,0","90,89K","0,00%"
"27.08.2024","4.070,0","4.040,0","4.070,0","4.040,0","94,93K","-0,73%"
"26.08.2024","4.100,0","4.035,0","4.100,0","4.000,0","86,56K","2,50%"
"23.08.2024","4.000,0","4.140,0","4.150,0","4.000,0","129,16K","-3,15%"
"22.08.2024","4.130,0","4.165,0","4.165,0","4.130,0","473,96K","-1,20%"
"21.08.2024","4.180,0","4.180,0","4.180,0","4.180,0","77,07K","-0,12%"
"20.08.2024","4.185,0","4.190,0","4.190,0","4.150,0","90,71K","-0,36%"
"16.08.2024","4.200,0","4.190,0","4.200,0","4.130,0","119,38K","0,00%"
"15.08.2024","4.200,0","4.140,0","4.210,0","4.140,0","159,43K","-0,24%"
"14.08.2024","4.210,0","4.160,0","4.215,0","4.160,0","200,56K","1,20%"
"13.08.2024","4.160,0","4.120,0","4.160,0","4.105,0","167,71K","0,73%"
"12.08.2024","4.130,0","4.100,0","4.130,0","4.075,0","237,54K","-0,24%"
"09.08.2024","4.140,0","4.020,0","4.140,0","4.020,0","197,57K","2,22%"
"08.08.2024","4.050,0","3.995,0","4.095,0","3.995,0","129,16K","3,32%"
"06.08.2024","3.920,0","3.900,0","4.000,0","3.850,0","125,13K","1,29%"
"05.08.2024","3.870,0","3.890,0","3.900,0","3.870,0","64,82K","-2,76%"
"02.08.2024","3.980,0","4.000,0","4.000,0","3.980,0","42,03K","-0,50%"
"01.08.2024","4.000,0","3.980,0","4.000,0","3.980,0","134,45K","1,01%"
"31.07.2024","3.960,0","4.000,0","4.000,0","3.960,0","430,79K","0,00%"
"30.07.2024","3.960,0","4.000,0","4.000,0","3.960,0","524,54K","-1,00%"
"29.07.2024","4.000,0","4.000,0","4.000,0","3.950,0","683,86K","-0,50%"
"26.07.2024","4.020,0","4.075,0","4.100,0","4.020,0","55,79K","-1,83%"
"25.07.2024","4.095,0","4.095,0","4.095,0","4.095,0","9,24K","-0,12%"
"24.07.2024","4.100,0","4.080,0","4.100,0","4.080,0","21,86K","0,49%"
"23.07.2024","4.080,0","4.135,0","4.150,0","4.080,0","101,45K","-2,74%"
"22.07.2024","4.195,0","4.150,0","4.220,0","4.150,0","99,34K","0,24%"
"19.07.2024","4.185,0","4.180,0","4.185,0","4.045,0","111,06K","-0,83%"
"18.07.2024","4.220,0","4.210,0","4.220,0","4.200,0","151,05K","1,93%"
"17.07.2024","4.140,0","4.240,0","4.245,0","4.140,0","161,08K","-2,24%"
"16.07.2024","4.235,0","4.265,0","4.265,0","4.235,0","158,29K","-0,70%"
"15.07.2024","4.265,0","4.320,0","4.320,0","4.250,0","176,51K","-1,27%"
"12.07.2024","4.320,0","4.215,0","4.320,0","4.215,0","209,79K","1,17%"
"11.07.2024","4.270,0","4.170,0","4.270,0","4.115,0","228,47K","2,40%"
"10.07.2024","4.170,0","4.040,0","4.200,0","3.800,0","110,62K","-0,12%"
"09.07.2024","4.175,0","4.110,0","4.175,0","4.110,0","142,41K","0,24%"
"08.07.2024","4.165,0","4.120,0","4.165,0","4.120,0","152,21K","1,09%"
"05.07.2024","4.120,0","4.100,0","4.120,0","4.100,0","98,41K","0,49%"
"04.07.2024","4.100,0","4.080,0","4.100,0","4.060,0","68,86K","0,00%"
"03.07.2024","4.100,0","4.095,0","4.100,0","4.095,0","132,39K","1,61%"
"02.07.2024","4.035,0","4.100,0","4.100,0","4.020,0","148,57K","-1,59%"
"28.06.2024","4.100,0","4.070,0","4.100,0","4.070,0","52,08K","0,99%"
"27.06.2024","4.060,0","4.070,0","4.075,0","4.045,0","148,88K","0,00%"
"26.06.2024","4.060,0","4.190,0","4.190,0","4.060,0","200,14K","-2,05%"
"25.06.2024","4.145,0","4.120,0","4.145,0","4.085,0","60,22K","0,61%"
"24.06.2024","4.120,0","4.055,0","4.120,0","4.035,0","144,11K","0,49%"
"21.06.2024","4.100,0","4.035,0","4.100,0","4.000,0","350,08K","1,36%"
"20.06.2024","4.045,0","4.040,0","4.060,0","4.025,0","136,49K","-1,10%"
"19.06.2024","4.090,0","4.005,0","4.090,0","4.000,0","76,05K","0,99%"
"18.06.2024","4.050,0","4.060,0","4.080,0","4.045,0","160,30K","0,75%"
"17.06.2024","4.020,0","4.055,0","4.080,0","4.020,0","178,17K","-2,31%"
"14.06.2024","4.115,0","4.065,0","4.120,0","4.000,0","273,52K","1,60%"
"13.06.2024","4.050,0","4.080,0","4.100,0","4.050,0","157,84K","-0,49%"
"12.06.2024","4.070,0","4.110,0","4.140,0","4.070,0","408,09K","-1,93%"
"11.06.2024","4.150,0","4.150,0","4.150,0","4.140,0","137,52K","0,00%"
"07.06.2024","4.150,0","4.180,0","4.200,0","4.110,0","279,95K","-0,72%"
"06.06.2024","4.180,0","4.065,0","4.250,0","4.065,0","488,69K","-1,99%"
"05.06.2024","4.265,0","4.325,0","4.325,0","4.265,0","472,72K","-0,93%"
"04.06.2024","4.305,0","4.330,0","4.330,0","4.300,0","533,17K","0,12%"
"31.05.2024","4.300,0","4.385,0","4.385,0","4.300,0","856,23K","-1,83%"
"30.05.2024","4.380,0","4.370,0","4.380,0","4.370,0","295,09K","0,23%"
"29.05.2024","4.370,0","4.370,0","4.375,0","4.350,0","215,98K","0,00%"
"28.05.2024","4.370,0","4.310,0","4.380,0","4.300,0","171,25K","0,00%"
"27.05.2024","4.370,0","4.305,0","4.370,0","4.305,0","106,06K","-0,11%"
"24.05.2024","4.375,0","4.295,0","4.375,0","4.295,0","130,53K","1,86%"
"23.05.2024","4.295,0","4.265,0","4.380,0","4.265,0","352,75K","-2,16%"
"22.05.2024","4.390,0","4.350,0","4.390,0","4.315,0","273,56K","0,34%"
"21.05.2024","4.375,0","4.355,0","4.375,0","4.300,0","265,22K","-0,11%"
"20.05.2024","4.380,0","4.350,0","4.390,0","4.345,0","298,40K","0,69%"
"17.05.2024","4.350,0","4.350,0","4.375,0","4.310,0","294,38K","-0,46%"
"16.05.2024","4.370,0","4.310,0","4.370,0","4.310,0","225,46K","1,39%"
"15.05.2024","4.310,0","4.300,0","4.330,0","4.300,0","469,26K","0,47%"
"14.05.2024","4.290,0","4.210,0","4.290,0","4.210,0","352,34K","2,02%"
"10.05.2024","4.205,0","4.190,0","4.250,0","4.180,0","246,00K","0,00%"
"09.05.2024","4.205,0","4.190,0","4.210,0","4.160,0","394,39K","0,36%"
"08.05.2024","4.190,0","4.110,0","4.190,0","4.100,0","195,22K","0,24%"
"07.05.2024","4.180,0","4.170,0","4.180,0","4.100,0","195,48K","-0,24%"
"06.05.2024","4.190,0","4.075,0","4.190,0","4.075,0","92,61K","-0,24%"
"03.05.2024","4.200,0","4.150,0","4.200,0","4.150,0","241,15K","0,96%"
"02.05.2024","4.160,0","4.150,0","4.170,0","4.090,0","237,31K","0,85%"
"30.04.2024","4.125,0","4.110,0","4.150,0","4.110,0","108,70K","-0,60%"
"29.04.2024","4.150,0","4.195,0","4.210,0","4.125,0","276,31K","-0,95%"
"26.04.2024","4.190,0","4.140,0","4.200,0","4.140,0","599,04K","1,21%"
"25.04.2024","4.140,0","4.050,0","4.150,0","4.050,0","175,72K","1,72%"
"24.04.2024","4.070,0","4.120,0","4.120,0","4.070,0","70,93K","-1,93%"
"23.04.2024","4.150,0","4.080,0","4.150,0","4.060,0","172,41K","3,36%"
"22.04.2024","4.015,0","4.000,0","4.040,0","4.000,0","200,43K","-1,59%"
"19.04.2024","4.080,0","3.980,0","4.150,0","3.950,0","329,98K","2,13%"
"18.04.2024","3.995,0","4.050,0","4.050,0","3.965,0","335,69K","-1,36%"
"17.04.2024","4.050,0","4.160,0","4.160,0","4.050,0","393,89K","-2,64%"
"16.04.2024","4.160,0","4.240,0","4.240,0","3.860,0","546,83K","-1,89%"
"15.04.2024","4.240,0","4.270,0","4.280,0","4.230,0","540,39K","-0,93%"
"12.04.2024","4.280,0","4.300,0","4.300,0","4.280,0","225,63K","-0,47%"
"11.04.2024","4.300,0","4.250,0","4.300,0","4.220,0","2,16M","1,18%"
"10.04.2024","4.250,0","4.290,0","4.340,0","4.140,0","518,00K","-0,93%"
"09.04.2024","4.290,0","4.205,0","4.315,0","4.200,0","846,84K","2,14%"
"08.04.2024","4.200,0","4.205,0","4.230,0","4.125,0","247,28K","-0,12%"
"05.04.2024","4.205,0","4.150,0","4.260,0","4.145,0","375,42K","1,33%"
"04.04.2024","4.150,0","4.050,0","4.160,0","4.050,0","852,96K","2,47%"
"03.04.2024","4.050,0","4.015,0","4.055,0","4.010,0","564,49K","1,25%"
"02.04.2024","4.000,0","3.950,0","4.040,0","3.950,0","1,67M","1,27%"
"01.04.2024","3.950,0","3.945,0","3.975,0","3.900,0","275,01K","0,38%"
"27.03.2024","3.935,0","3.900,0","3.980,0","3.900,0","348,77K","1,94%"
"26.03.2024","3.860,0","3.930,0","3.955,0","3.860,0","350,39K","-1,40%"
"22.03.2024","3.915,0","3.890,0","3.915,0","3.875,0","236,67K","0,90%"
"21.03.2024","3.880,0","3.835,0","3.885,0","3.800,0","251,04K","1,84%"
"20.03.2024","3.810,0","3.860,0","3.890,0","3.800,0","275,10K","-0,26%"
"19.03.2024","3.820,0","3.725,0","3.820,0","3.725,0","745,09K","2,69%"
"18.03.2024","3.720,0","3.845,0","3.845,0","3.700,0","563,29K","6,29%"
"15.03.2024","3.500,0","3.840,0","3.870,0","3.500,0","3,56M","-8,74%"
"14.03.2024","3.835,0","3.880,0","3.880,0","3.835,0","165,58K","-1,16%"
"13.03.2024","3.880,0","3.890,0","3.890,0","3.880,0","122,08K","-0,51%"
"12.03.2024","3.900,0","3.915,0","3.940,0","3.865,0","191,64K","0,00%"
"11.03.2024","3.900,0","3.905,0","3.915,0","3.875,0","153,74K","-0,64%"
"08.03.2024","3.925,0","3.900,0","3.945,0","3.900,0","221,88K","0,64%"
"07.03.2024","3.900,0","3.870,0","3.900,0","3.865,0","217,63K","0,91%"
"06.03.2024","3.865,0","3.840,0","3.900,0","3.840,0","401,57K","0,39%"
"05.03.2024","3.850,0","3.770,0","3.890,0","3.770,0","327,09K","0,79%"
"04.03.2024","3.820,0","3.655,0","3.830,0","3.655,0","515,29K","2,41%"
"01.03.2024","3.730,0","3.615,0","3.775,0","3.615,0","1,40M","-0,53%"
"29.02.2024","3.750,0","3.660,0","3.750,0","3.615,0","4,40M","3,59%"
"28.02.2024","3.620,0","3.680,0","3.730,0","3.605,0","759,26K","-1,63%"
"27.02.2024","3.680,0","3.800,0","3.830,0","3.680,0","595,62K","-3,92%"
"26.02.2024","3.830,0","3.605,0","3.830,0","3.570,0","1,13M","6,24%"
"23.02.2024","3.605,0","3.465,0","3.620,0","3.415,0","605,71K","3,89%"
"22.02.2024","3.470,0","3.450,0","3.500,0","3.400,0","503,34K","0,58%"
"21.02.2024","3.450,0","3.335,0","3.480,0","3.310,0","460,88K","2,68%"
"20.02.2024","3.360,0","3.200,0","3.370,0","3.200,0","914,52K","5,00%"
"19.02.2024","3.200,0","3.200,0","3.200,0","3.150,0","89,31K","0,00%"
"16.02.2024","3.200,0","3.240,0","3.240,0","3.190,0","368,19K","2,07%"
"15.02.2024","3.135,0","3.100,0","3.190,0","3.100,0","191,44K","1,62%"
"14.02.2024","3.085,0","3.085,0","3.085,0","3.075,0","35,65K","-0,16%"
"13.02.2024","3.090,0","3.140,0","3.140,0","3.090,0","274,86K","-2,22%"
"12.02.2024","3.160,0","3.200,0","3.200,0","3.160,0","50,19K","-2,47%"
"09.02.2024","3.240,0","3.250,0","3.250,0","3.170,0","104,88K","-0,31%"
"08.02.2024","3.250,0","3.250,0","3.250,0","3.230,0","91,69K","0,00%"
"07.02.2024","3.250,0","3.210,0","3.260,0","3.210,0","338,28K","1,40%"
"06.02.2024","3.205,0","3.170,0","3.205,0","3.135,0","204,56K","0,00%"
"05.02.2024","3.205,0","3.220,0","3.220,0","3.175,0","98,18K","-0,16%"
"02.02.2024","3.210,0","3.220,0","3.230,0","3.210,0","270,85K","0,63%"
"01.02.2024","3.190,0","3.370,0","3.370,0","3.165,0","416,91K","-3,77%"
"31.01.2024","3.315,0","3.325,0","3.335,0","3.310,0","140,00K","-0,45%"
"30.01.2024","3.330,0","3.300,0","3.330,0","3.260,0","195,60K","1,22%"
"29.01.2024","3.290,0","3.355,0","3.390,0","3.290,0","385,91K","-1,64%"
"26.01.2024","3.345,0","3.310,0","3.350,0","3.300,0","322,64K","1,36%"
"25.01.2024","3.300,0","3.265,0","3.315,0","3.265,0","250,86K","0,76%"
"24.01.2024","3.275,0","3.305,0","3.320,0","3.275,0","125,31K","-1,36%"
"23.01.2024","3.320,0","3.305,0","3.320,0","3.290,0","268,56K","0,45%"
"22.01.2024","3.305,0","3.180,0","3.310,0","3.155,0","234,58K","2,32%"
"19.01.2024","3.230,0","3.220,0","3.270,0","3.200,0","328,09K","-2,12%"
"18.01.2024","3.300,0","3.300,0","3.320,0","3.260,0","332,51K","1,23%"
"17.01.2024","3.260,0","3.245,0","3.350,0","3.245,0","1,12M","0,46%"
"16.01.2024","3.245,0","3.160,0","3.245,0","3.155,0","279,87K","2,69%"
"15.01.2024","3.160,0","3.130,0","3.170,0","3.130,0","232,45K","0,64%"
"12.01.2024","3.140,0","3.075,0","3.140,0","3.075,0","315,31K","0,16%"
"11.01.2024","3.135,0","3.130,0","3.140,0","3.100,0","822,31K","-0,48%"
"10.01.2024","3.150,0","3.150,0","3.180,0","3.130,0","275,88K","0,00%"
"09.01.2024","3.150,0","3.145,0","3.160,0","3.070,0","934,03K","0,32%"
"05.01.2024","3.140,0","3.155,0","3.190,0","3.140,0","859,36K","-0,48%"
"04.01.2024","3.155,0","3.135,0","3.185,0","3.120,0","473,05K","1,77%"
"03.01.2024","3.100,0","3.050,0","3.140,0","3.025,0","550,47K","1,81%"
"02.01.2024","3.045,0","2.995,0","3.045,0","2.980,0","199,93K","2,87%"
"28.12.2023","2.960,0","2.995,0","2.995,0","2.960,0","384,27K","-0,17%"
"27.12.2023","2.965,0","2.965,0","3.000,0","2.950,0","387,83K","0,17%"
"26.12.2023","2.960,0","2.945,0","2.970,0","2.945,0","204,72K","1,02%"
"22.12.2023","2.930,0","2.845,0","2.975,0","2.840,0","691,34K","5,02%"
"21.12.2023","2.790,0","2.870,0","2.870,0","2.790,0","327,63K","-2,62%"
"20.12.2023","2.865,0","2.800,0","2.900,0","2.800,0","1,11M","1,78%"
"19.12.2023","2.815,0","2.710,0","2.845,0","2.685,0","591,70K","3,49%"
"18.12.2023","2.720,0","2.740,0","2.745,0","2.680,0","270,20K","-0,55%"
"15.12.2023","2.735,0","2.750,0","2.750,0","2.660,0","219,11K","0,92%"
"14.12.2023","2.710,0","2.720,0","2.800,0","2.710,0","822,84K","-0,73%"
"13.12.2023","2.730,0","2.515,0","2.740,0","2.515,0","965,11K","8,76%"
"12.12.2023","2.510,0","2.515,0","2.535,0","2.470,0","349,67K","1,62%"
"11.12.2023","2.470,0","2.465,0","2.470,0","2.415,0","113,57K","1,02%"
"07.12.2023","2.445,0","2.375,0","2.445,0","2.375,0","59,85K","0,00%"
"06.12.2023","2.445,0","2.410,0","2.460,0","2.355,0","78,87K","-1,21%"
"05.12.2023","2.475,0","2.455,0","2.495,0","2.450,0","150,68K","0,81%"
"04.12.2023","2.455,0","2.435,0","2.455,0","2.430,0","127,78K","0,61%"
"01.12.2023","2.440,0","2.420,0","2.450,0","2.420,0","81,62K","1,67%"
"30.11.2023","2.400,0","2.440,0","2.440,0","2.350,0","2,06M","-2,44%"
"29.11.2023","2.460,0","2.435,0","2.460,0","2.430,0","71,06K","0,61%"
"28.11.2023","2.445,0","2.450,0","2.475,0","2.440,0","77,97K","-2,00%"
"27.11.2023","2.495,0","2.475,0","2.495,0","2.435,0","72,33K","-0,20%"
"24.11.2023","2.500,0","2.465,0","2.500,0","2.465,0","471,50K","1,42%"
"23.11.2023","2.465,0","2.460,0","2.465,0","2.425,0","77,62K","0,61%"
"22.11.2023","2.450,0","2.490,0","2.495,0","2.430,0","226,43K","0,00%"
"21.11.2023","2.450,0","2.400,0","2.450,0","2.400,0","257,70K","-0,41%"
"20.11.2023","2.460,0","2.475,0","2.475,0","2.420,0","83,50K","-0,20%"
"17.11.2023","2.465,0","2.445,0","2.470,0","2.420,0","338,03K","0,82%"
"16.11.2023","2.445,0","2.400,0","2.445,0","2.355,0","59,81K","2,73%"
"15.11.2023","2.380,0","2.385,0","2.385,0","2.350,0","120,81K","-2,86%"
"14.11.2023","2.450,0","2.450,0","2.450,0","2.450,0","37,71K","0,00%"
"10.11.2023","2.450,0","2.385,0","2.450,0","2.380,0","86,45K","1,66%"
"09.11.2023","2.410,0","2.365,0","2.410,0","2.365,0","57,95K","1,26%"
"08.11.2023","2.380,0","2.385,0","2.385,0","2.380,0","30,56K","-0,29%"
"07.11.2023","2.387,0","2.350,0","2.387,0","2.350,0","56,23K","1,36%"
"03.11.2023","2.355,0","2.355,0","2.355,0","2.355,0","22,83K","-2,81%"
"02.11.2023","2.423,0","2.423,0","2.423,0","2.423,0","25,52K","1,81%"
"01.11.2023","2.380,0","2.396,0","2.430,0","2.350,0","151,65K","-0,67%"
"30.10.2023","2.396,0","2.435,0","2.435,0","2.396,0","112,96K","-0,33%"
"27.10.2023","2.404,0","2.406,0","2.430,0","2.404,0","88,14K","0,17%"
"26.10.2023","2.400,0","2.480,0","2.480,0","2.400,0","92,41K","-3,23%"
"25.10.2023","2.480,0","2.501,0","2.519,0","2.480,0","37,83K","-1,67%"
"24.10.2023","2.522,0","2.522,0","2.522,0","2.522,0","29,45K","0,48%"
"23.10.2023","2.510,0","2.510,0","2.600,0","2.510,0","113,99K","-2,33%"
"20.10.2023","2.570,0","2.511,0","2.630,0","2.500,0","523,27K","2,35%"
"19.10.2023","2.511,0","2.510,0","2.578,0","2.503,0","257,45K","0,44%"
"18.10.2023","2.500,0","2.440,0","2.500,0","2.440,0","203,13K","2,88%"
"17.10.2023","2.430,0","2.400,0","2.445,0","2.400,0","861,60K","1,25%"
"13.10.2023","2.400,0","2.340,0","2.400,0","2.340,0","42,07K","2,56%"
"12.10.2023","2.340,0","2.301,0","2.415,0","2.301,0","263,92K","-2,50%"
"11.10.2023","2.400,0","2.400,0","2.440,0","2.386,0","226,02K","0,04%"
"10.10.2023","2.399,0","2.406,0","2.442,0","2.390,0","426,18K","-0,04%"
"09.10.2023","2.400,0","2.399,0","2.450,0","2.395,0","171,75K","0,17%"
"06.10.2023","2.396,0","2.446,0","2.446,0","2.396,0","125,17K","-0,17%"
"05.10.2023","2.400,0","2.442,0","2.450,0","2.400,0","245,16K","-0,04%"
"04.10.2023","2.401,0","2.482,0","2.482,0","2.401,0","126,32K","-3,22%"
"03.10.2023","2.481,0","2.500,0","2.500,0","2.481,0","54,28K","-0,76%"
"02.10.2023","2.500,0","2.590,0","2.590,0","2.500,0","136,75K","-3,06%"
"29.09.2023","2.579,0","2.563,0","2.579,0","2.541,0","299,45K","-0,81%"
"28.09.2023","2.600,0","2.540,0","2.630,0","2.540,0","215,52K","2,40%"
"27.09.2023","2.539,0","2.479,0","2.599,0","2.479,0","305,09K","2,38%"
"26.09.2023","2.480,0","2.313,0","2.480,0","2.313,0","111,27K","7,83%"
"25.09.2023","2.300,0","2.310,0","2.310,0","2.300,0","99,60K","0,00%"
"21.09.2023","2.300,0","2.273,0","2.349,0","2.273,0","95,80K","-2,34%"
"20.09.2023","2.355,0","2.369,0","2.399,0","2.355,0","117,55K","-0,63%"
"19.09.2023","2.370,0","2.335,0","2.370,0","2.255,0","242,94K","2,73%"
"18.09.2023","2.307,0","2.370,0","2.370,0","2.307,0","83,83K","4,39%"
"15.09.2023","2.210,0","2.220,0","2.238,0","2.210,0","783,83K","0,45%"
"14.09.2023","2.200,0","2.290,0","2.290,0","2.200,0","76,74K","-3,93%"
"13.09.2023","2.290,0","2.290,0","2.290,0","2.290,0","45,85K","-1,72%"
"12.09.2023","2.330,0","2.300,0","2.332,0","2.300,0","104,05K","3,56%"
"11.09.2023","2.250,0","2.250,0","2.250,0","2.232,0","92,97K","0,90%"
"08.09.2023","2.230,0","2.250,0","2.260,0","2.228,0","105,33K","-0,45%"
"07.09.2023","2.240,0","2.313,0","2.328,0","2.240,0","199,07K","-3,28%"
"06.09.2023","2.316,0","2.300,0","2.385,0","2.290,0","149,77K","-2,28%"
"05.09.2023","2.370,0","2.360,0","2.445,0","2.360,0","104,81K","1,63%"
"04.09.2023","2.332,0","2.450,0","2.450,0","2.332,0","127,32K","-4,82%"
"01.09.2023","2.450,0","2.455,0","2.455,0","2.250,0","127,85K","0,00%"
"31.08.2023","2.450,0","2.452,0","2.500,0","2.450,0","460,10K","-1,29%"
"30.08.2023","2.482,0","2.480,0","2.549,0","2.480,0","151,28K","-0,12%"
"29.08.2023","2.485,0","2.502,0","2.502,0","2.465,0","511,26K","-1,39%"
"28.08.2023","2.520,0","2.520,0","2.522,0","2.520,0","21,64K","-1,18%"
"25.08.2023","2.550,0","2.502,0","2.550,0","2.502,0","54,46K","2,00%"
"24.08.2023","2.500,0","2.550,0","2.550,0","2.500,0","36,28K","-0,12%"
"23.08.2023","2.503,0","2.540,0","2.550,0","2.450,0","78,98K","-2,98%"
"22.08.2023","2.580,0","2.512,0","2.580,0","2.512,0","55,25K","2,79%"
"18.08.2023","2.510,0","2.540,0","2.540,0","2.510,0","60,73K","-1,57%"
"17.08.2023","2.550,0","2.560,0","2.600,0","2.550,0","37,97K","-1,92%"
"16.08.2023","2.600,0","2.550,0","2.600,0","2.550,0","47,11K","2,00%"
"15.08.2023","2.549,0","2.552,0","2.552,0","2.549,0","44,61K","-0,04%"
"14.08.2023","2.550,0","2.516,0","2.552,0","2.516,0","27,51K","-1,35%"
"11.08.2023","2.585,0","2.514,0","2.600,0","2.514,0","123,86K","2,99%"
"10.08.2023","2.510,0","2.560,0","2.562,0","2.510,0","91,09K","-2,90%"
"09.08.2023","2.585,0","2.585,0","2.600,0","2.575,0","249,36K","0,98%"
"08.08.2023","2.560,0","2.612,0","2.612,0","2.560,0","51,68K","-1,54%"
"03.08.2023","2.600,0","2.581,0","2.610,0","2.580,0","112,60K","0,00%"
"02.08.2023","2.600,0","2.620,0","2.620,0","2.560,0","128,76K","-1,48%"
"01.08.2023","2.639,0","2.640,0","2.640,0","2.639,0","35,48K","-0,04%"
"31.07.2023","2.640,0","2.645,0","2.650,0","2.610,0","133,00K","-0,38%"
"27.07.2023","2.650,0","2.650,0","2.650,0","2.650,0","80,40K","1,15%"
"26.07.2023","2.620,0","2.650,0","2.650,0","2.615,0","107,19K","-1,13%"
"25.07.2023","2.650,0","2.660,0","2.698,0","2.650,0","31,49K","-1,12%"
"24.07.2023","2.680,0","2.650,0","2.700,0","2.650,0","54,92K","-0,74%"
"21.07.2023","2.700,0","2.716,0","2.716,0","2.680,0","104,47K","0,75%"
"19.07.2023","2.680,0","2.670,0","2.719,0","2.670,0","195,78K","1,06%"
"18.07.2023","2.652,0","2.680,0","2.700,0","2.651,0","51,88K","-1,04%"
"17.07.2023","2.680,0","2.701,0","2.710,0","2.632,0","62,76K","-1,47%"
"14.07.2023","2.720,0","2.730,0","2.737,0","2.720,0","32,89K","-0,73%"
"13.07.2023","2.740,0","2.718,0","2.744,0","2.718,0","172,34K","-0,65%"
"12.07.2023","2.758,0","2.744,0","2.758,0","2.744,0","162,70K","1,10%"
"11.07.2023","2.728,0","2.700,0","2.730,0","2.690,0","244,43K","1,04%"
"10.07.2023","2.700,0","2.701,0","2.701,0","2.680,0","48,62K","0,75%"
"07.07.2023","2.680,0","2.690,0","2.690,0","2.679,0","71,19K","-0,37%"
"06.07.2023","2.690,0","2.650,0","2.690,0","2.650,0","31,06K","0,11%"
"05.07.2023","2.687,0","2.700,0","2.700,0","2.660,0","65,02K","1,02%"
"04.07.2023","2.660,0","2.680,0","2.660,0","2.660,0","28,64K","-0,75%"
"30.06.2023","2.680,0","2.680,0","2.680,0","2.620,0","61,96K","0,00%"
"29.06.2023","2.680,0","2.680,0","2.680,0","2.680,0","9,60K","-0,74%"
"28.06.2023","2.700,0","2.680,0","2.700,0","2.680,0","28,58K","0,75%"
"27.06.2023","2.680,0","2.660,0","2.685,0","2.660,0","86,55K","-0,19%"
"23.06.2023","2.685,0","2.685,0","2.685,0","2.685,0","6,94K","-2,01%"
"22.06.2023","2.740,0","2.712,0","2.740,0","2.710,0","33,57K","0,18%"
"21.06.2023","2.735,0","2.750,0","2.750,0","2.735,0","28,88K","-0,44%"
"20.06.2023","2.747,0","2.740,0","2.762,0","2.740,0","151,40K","0,26%"
"16.06.2023","2.740,0","2.780,0","2.780,0","2.740,0","39,76K","-4,20%"
"15.06.2023","2.860,0","2.750,0","2.869,0","2.750,0","48,34K","2,14%"
"14.06.2023","2.800,0","2.799,0","2.800,0","2.799,0","50,42K","-2,81%"
"13.06.2023","2.881,0","2.740,0","2.881,0","2.722,0","102,23K","5,15%"
"09.06.2023","2.740,0","2.750,0","2.750,0","2.701,0","27,84K","-1,26%"
"08.06.2023","2.775,0","2.729,0","2.779,0","2.601,0","47,87K","-0,18%"
"07.06.2023","2.780,0","2.880,0","2.880,0","2.780,0","414,82K","-2,11%"
"06.06.2023","2.840,0","2.824,0","2.920,0","2.805,0","419,96K","1,43%"
"05.06.2023","2.800,0","2.800,0","2.865,0","2.800,0","69,28K","-1,41%"
"02.06.2023","2.840,0","2.670,0","2.847,0","2.660,0","469,19K","5,58%"
"01.06.2023","2.690,0","2.690,0","2.780,0","2.690,0","113,63K","-0,37%"
"31.05.2023","2.700,0","2.610,0","2.700,0","2.515,0","382,73K","3,81%"
"30.05.2023","2.601,0","2.603,0","2.603,0","2.601,0","33,68K","0,08%"
"26.05.2023","2.599,0","2.600,0","2.600,0","2.599,0","32,70K","-0,04%"
"25.05.2023","2.600,0","2.600,0","2.600,0","2.600,0","11,85K","0,50%"
"24.05.2023","2.587,0","2.690,0","2.690,0","2.587,0","27,69K","-5,17%"
"23.05.2023","2.728,0","2.728,0","2.728,0","2.728,0","14,74K","1,04%"
"19.05.2023","2.700,0","2.700,0","2.700,0","2.700,0","26,87K","0,00%"
"18.05.2023","2.700,0","2.696,0","2.700,0","2.696,0","42,39K","0,19%"
"17.05.2023","2.695,0","2.611,0","2.695,0","2.611,0","25,81K","-0,19%"
"12.05.2023","2.700,0","2.675,0","2.700,0","2.667,0","124,46K","1,28%"
"11.05.2023","2.666,0","2.722,0","2.722,0","2.666,0","52,09K","-1,26%"
"09.05.2023","2.700,0","2.808,0","2.825,0","2.700,0","54,52K","-3,85%"
"08.05.2023","2.808,0","2.806,0","2.808,0","2.806,0","41,30K","0,11%"
"05.05.2023","2.805,0","2.872,0","2.872,0","2.805,0","39,38K","-2,26%"
"04.05.2023","2.870,0","2.821,0","2.870,0","2.810,0","107,47K","-1,00%"
"03.05.2023","2.899,0","2.890,0","2.905,0","2.880,0","130,87K","-0,03%"
"02.05.2023","2.900,0","2.950,0","2.950,0","2.833,0","121,54K","-0,68%"
"28.04.2023","2.920,0","2.825,0","2.920,0","2.825,0","144,98K","3,55%"
"27.04.2023","2.820,0","2.807,0","2.820,0","2.805,0","33,62K","-5,05%"
"26.04.2023","2.970,0","2.980,0","3.019,0","2.970,0","94,31K","0,68%"
"25.04.2023","2.950,0","2.951,0","2.951,0","2.950,0","58,33K","-0,34%"
"24.04.2023","2.960,0","2.993,0","2.999,0","2.960,0","80,56K","-1,00%"
"21.04.2023","2.990,0","2.902,0","3.000,0","2.902,0","330,22K","-1,77%"
"19.04.2023","3.044,0","2.950,0","3.048,0","2.950,0","236,08K","2,49%"
"18.04.2023","2.970,0","3.001,0","3.040,0","2.970,0","80,80K","-0,03%"
"17.04.2023","2.971,0","2.802,0","3.075,0","2.802,0","171,12K","-3,44%"
"14.04.2023","3.077,0","3.050,0","3.077,0","3.001,0","242,34K","-0,36%"
"13.04.2023","3.088,0","3.057,0","3.089,0","3.057,0","124,94K","-0,06%"
"12.04.2023","3.090,0","3.055,0","3.090,0","3.031,0","76,73K","-0,87%"
"11.04.2023","3.117,0","3.100,0","3.119,0","3.070,0","857,38K","0,71%"
"10.04.2023","3.095,0","3.080,0","3.099,0","3.070,0","170,00K","1,48%"
"05.04.2023","3.050,0","3.000,0","3.050,0","2.999,0","172,39K","4,45%"
"04.04.2023","2.920,0","2.980,0","2.993,0","2.920,0","48,16K","-1,02%"
"03.04.2023","2.950,0","2.970,0","2.970,0","2.905,0","131,57K","1,72%"
"31.03.2023","2.900,0","2.801,0","2.900,0","2.752,0","162,36K","1,43%"
"30.03.2023","2.859,0","2.840,0","2.865,0","2.811,0","140,68K","0,32%"
"29.03.2023","2.850,0","2.800,0","2.850,0","2.751,0","142,92K","1,32%"
"28.03.2023","2.813,0","2.840,0","2.840,0","2.813,0","442,09K","0,46%"
"27.03.2023","2.800,0","2.750,0","2.840,0","2.700,0","246,63K","1,82%"
"24.03.2023","2.750,0","2.850,0","2.850,0","2.710,0","2,14M","-1,43%"
"23.03.2023","2.790,0","2.718,0","2.790,0","2.700,0","40,39K","2,20%"
"22.03.2023","2.730,0","2.736,0","2.736,0","2.730,0","56,82K","-2,50%"
"21.03.2023","2.800,0","2.770,0","2.820,0","2.751,0","69,03K","-1,69%"
"17.03.2023","2.848,0","2.800,0","2.848,0","2.770,0","678,47K","-0,77%"
"16.03.2023","2.870,0","2.700,0","2.910,0","2.700,0","2,81M","6,30%"
"15.03.2023","2.700,0","2.555,0","2.700,0","2.540,0","835,91K","5,68%"
"14.03.2023","2.555,0","2.480,0","2.555,0","2.480,0","82,31K","5,58%"
"13.03.2023","2.420,0","2.410,0","2.490,0","2.400,0","111,13K","-1,22%"
"10.03.2023","2.450,0","2.500,0","2.500,0","2.450,0","98,07K","-2,00%"
"09.03.2023","2.500,0","2.600,0","2.600,0","2.500,0","122,55K","-3,85%"
"08.03.2023","2.600,0","2.661,0","2.661,0","2.600,0","186,26K","-2,99%"
"07.03.2023","2.680,0","2.692,0","2.712,0","2.675,0","189,08K","-0,30%"
"06.03.2023","2.688,0","2.630,0","2.695,0","2.630,0","137,32K","2,24%"
"03.03.2023","2.629,0","2.599,0","2.721,0","2.599,0","614,22K","4,74%"
"02.03.2023","2.510,0","2.500,0","2.550,0","2.500,0","36,03K","-1,57%"
"01.03.2023","2.550,0","2.301,0","2.560,0","2.301,0","112,98K","5,28%"
"28.02.2023","2.422,0","2.243,0","2.500,0","2.243,0","244,58K","0,29%"
"27.02.2023","2.415,0","2.230,0","2.550,0","2.230,0","777,79K","7,96%"
"24.02.2023","2.237,0","2.201,0","2.237,0","2.201,0","61,30K","0,45%"
"23.02.2023","2.227,0","2.199,0","2.244,0","2.181,0","432,07K","2,49%"
"22.02.2023","2.173,0","2.170,0","2.178,0","2.161,0","170,54K","2,55%"
"21.02.2023","2.119,0","2.220,0","2.220,0","2.119,0","428,17K","-5,19%"
"20.02.2023","2.235,0","2.240,0","2.240,0","2.200,0","76,78K","3,09%"
"17.02.2023","2.168,0","2.150,0","2.168,0","2.120,0","166,84K","1,07%"
"16.02.2023","2.145,0","2.160,0","2.280,0","2.127,0","947,30K","2,63%"
"15.02.2023","2.090,0","2.160,0","2.160,0","2.055,0","300,07K","-2,34%"
"14.02.2023","2.140,0","2.280,0","2.290,0","2.053,0","615,45K","-5,98%"
"13.02.2023","2.276,0","2.355,0","2.355,0","2.152,0","136,56K","-3,15%"
"10.02.2023","2.350,0","2.400,0","2.400,0","2.350,0","58,70K","-1,26%"
"09.02.2023","2.380,0","2.450,0","2.450,0","2.380,0","72,62K","-2,62%"
"08.02.2023","2.444,0","2.496,0","2.499,0","2.444,0","89,03K","-2,00%"
"07.02.2023","2.494,0","2.480,0","2.523,0","2.480,0","85,98K","0,97%"
"06.02.2023","2.470,0","2.533,0","2.533,0","2.470,0","102,05K","-1,28%"
"03.02.2023","2.502,0","2.515,0","2.530,0","2.502,0","113,72K","-0,64%"
"02.02.2023","2.518,0","2.501,0","2.549,0","2.400,0","264,94K","-0,67%"
"01.02.2023","2.535,0","2.600,0","2.600,0","2.533,0","58,87K","-2,50%"
"31.01.2023","2.600,0","2.612,0","2.612,0","2.600,0","51,72K","-0,46%"
"30.01.2023","2.612,0","2.613,0","2.630,0","2.612,0","173,55K","-1,43%"
"27.01.2023","2.650,0","2.615,0","2.667,0","2.602,0","183,60K","1,34%"
"26.01.2023","2.615,0","2.680,0","2.690,0","2.615,0","111,13K","-3,15%"
"25.01.2023","2.700,0","2.800,0","2.800,0","2.700,0","129,20K","-2,46%"
"24.01.2023","2.768,0","2.842,0","2.842,0","2.760,0","112,07K","-2,77%"
"23.01.2023","2.847,0","2.850,0","2.855,0","2.847,0","31,84K","-1,90%"
"20.01.2023","2.902,0","2.901,0","2.930,0","2.901,0","81,82K","0,07%"
"19.01.2023","2.900,0","2.900,0","2.905,0","2.900,0","200,75K","0,00%"
"18.01.2023","2.900,0","2.942,0","2.995,0","2.891,0","75,94K","0,35%"
"17.01.2023","2.890,0","2.880,0","2.890,0","2.880,0","12,85K","0,28%"
"16.01.2023","2.882,0","2.882,0","2.882,0","2.882,0","20,97K","-0,76%"
"13.01.2023","2.904,0","2.815,0","2.904,0","2.815,0","24,29K","-2,81%"
"12.01.2023","2.988,0","2.989,0","2.990,0","2.970,0","68,92K","0,64%"
"11.01.2023","2.969,0","2.930,0","2.970,0","2.900,0","201,69K","2,38%"
"10.01.2023","2.900,0","2.849,0","2.919,0","2.849,0","74,24K","1,79%"
"06.01.2023","2.849,0","2.860,0","2.860,0","2.802,0","49,17K","2,45%"
"05.01.2023","2.781,0","2.799,0","2.800,0","2.781,0","48,69K","-0,32%"
"04.01.2023","2.790,0","2.840,0","2.840,0","2.790,0","54,51K","-0,32%"
"03.01.2023","2.799,0","2.782,0","2.799,0","2.782,0","28,91K","0,68%"
"02.01.2023","2.780,0","2.801,0","2.801,0","2.780,0","29,95K","0,00%"
"29.12.2022","2.780,0","2.789,0","2.790,0","2.779,0","100,67K","1,83%"
"28.12.2022","2.730,0","2.797,0","2.797,0","2.701,0","34,08K","-1,41%"
"27.12.2022","2.769,0","2.700,0","2.769,0","2.700,0","51,28K","3,71%"
"26.12.2022","2.670,0","2.650,0","2.670,0","2.640,0","32,58K","0,00%"
"23.12.2022","2.670,0","2.660,0","2.670,0","2.656,0","28,57K","1,29%"
"22.12.2022","2.636,0","2.635,0","2.640,0","2.632,0","125,07K","0,23%"
"21.12.2022","2.630,0","2.620,0","2.650,0","2.601,0","127,01K","3,14%"
"20.12.2022","2.550,0","2.611,0","2.620,0","2.542,0","123,19K","0,39%"
"19.12.2022","2.540,0","2.570,0","2.600,0","2.532,0","208,84K","2,83%"
"16.12.2022","2.470,0","2.725,0","2.725,0","2.470,0","296,59K","-8,21%"
"15.12.2022","2.691,0","2.740,0","2.820,0","2.691,0","135,21K","-1,79%"
"14.12.2022","2.740,0","2.800,0","2.856,0","2.740,0","109,25K","-2,42%"
"13.12.2022","2.808,0","2.850,0","2.850,0","2.808,0","57,37K","0,21%"
"12.12.2022","2.802,0","2.840,0","2.840,0","2.802,0","56,09K","-0,28%"
"09.12.2022","2.810,0","2.984,0","2.984,0","2.810,0","44,94K","0,32%"
"07.12.2022","2.801,0","2.850,0","2.870,0","2.801,0","66,55K","-1,82%"
"06.12.2022","2.853,0","2.853,0","2.853,0","2.853,0","9,46K","-2,29%"
"05.12.2022","2.920,0","2.920,0","2.920,0","2.920,0","17,29K","-0,03%"
"02.12.2022","2.921,0","2.925,0","3.000,0","2.920,0","545,53K","0,38%"
"01.12.2022","2.910,0","2.960,0","2.960,0","2.910,0","757,79K","-0,51%"
"30.11.2022","2.925,0","3.084,0","3.084,0","2.925,0","120,51K","0,69%"
"29.11.2022","2.905,0","2.921,0","3.097,0","2.905,0","86,42K","-3,20%"
"28.11.2022","3.001,0","3.043,0","3.077,0","3.001,0","119,53K","-1,28%"
"25.11.2022","3.040,0","3.038,0","3.040,0","3.038,0","47,75K","0,00%"
"24.11.2022","3.040,0","3.075,0","3.075,0","3.030,0","27,31K","1,33%"
"23.11.2022","3.000,0","3.050,0","3.051,0","3.000,0","126,83K","-1,57%"
"22.11.2022","3.048,0","2.980,0","3.048,0","2.980,0","18,36K","0,43%"
"21.11.2022","3.035,0","3.050,0","3.050,0","2.990,0","105,86K","-0,49%"
"18.11.2022","3.050,0","3.060,0","3.065,0","3.050,0","76,55K","0,03%"
"17.11.2022","3.049,0","3.099,0","3.100,0","3.017,0","69,73K","-0,03%"
"16.11.2022","3.050,0","3.149,0","3.190,0","3.050,0","154,65K","-1,61%"
"15.11.2022","3.100,0","2.850,0","3.100,0","2.850,0","164,11K","7,64%"
"11.11.2022","2.880,0","2.969,0","2.994,0","2.880,0","50,95K","-2,34%"
"10.11.2022","2.949,0","2.950,0","2.995,0","2.851,0","52,21K","4,06%"
"09.11.2022","2.834,0","2.860,0","2.860,0","2.834,0","145,19K","-0,56%"
"08.11.2022","2.850,0","2.900,0","2.944,0","2.850,0","96,62K","-1,72%"
"04.11.2022","2.900,0","2.989,0","2.989,0","2.900,0","60,49K","0,00%"
"03.11.2022","2.900,0","2.900,0","2.935,0","2.877,0","84,39K","0,80%"
"02.11.2022","2.877,0","2.888,0","2.899,0","2.877,0","119,11K","0,31%"
"01.11.2022","2.868,0","2.899,0","2.899,0","2.842,0","303,93K","3,35%"
"31.10.2022","2.775,0","2.765,0","2.800,0","2.760,0","234,98K","0,91%"
"28.10.2022","2.750,0","2.700,0","2.819,0","2.700,0","146,48K","0,00%"
"27.10.2022","2.750,0","2.750,0","2.750,0","2.706,0","86,56K","1,78%"
"26.10.2022","2.702,0","2.800,0","2.800,0","2.702,0","135,88K","-0,66%"
"25.10.2022","2.720,0","2.749,0","2.749,0","2.715,0","75,81K","0,33%"
"24.10.2022","2.711,0","2.800,0","2.800,0","2.690,0","72,06K","-2,73%"
"21.10.2022","2.787,0","2.900,0","2.900,0","2.760,0","314,62K","3,22%"
"20.10.2022","2.700,0","2.900,0","2.900,0","2.700,0","65,22K","-5,33%"
"19.10.2022","2.852,0","2.900,0","2.900,0","2.850,0","137,14K","-1,66%"
"18.10.2022","2.900,0","2.904,0","2.904,0","2.860,0","160,78K","-0,07%"
"14.10.2022","2.902,0","2.920,0","2.930,0","2.901,0","61,77K","-0,51%"
"13.10.2022","2.917,0","2.950,0","2.950,0","2.917,0","59,01K","-2,11%"
"12.10.2022","2.980,0","2.960,0","2.985,0","2.950,0","107,97K","2,72%"
"11.10.2022","2.901,0","2.958,0","2.958,0","2.901,0","28,49K","-1,79%"
"10.10.2022","2.954,0","2.965,0","2.965,0","2.954,0","24,79K","-0,37%"
"07.10.2022","2.965,0","2.962,0","2.965,0","2.962,0","41,38K","0,34%"
"06.10.2022","2.955,0","2.955,0","2.955,0","2.955,0","18,05K","0,34%"
"05.10.2022","2.945,0","2.900,0","2.945,0","2.895,0","79,18K","1,66%"
"04.10.2022","2.897,0","2.849,0","2.900,0","2.828,0","208,45K","3,02%"
"03.10.2022","2.812,0","2.813,0","2.828,0","2.808,0","165,60K","-0,04%"
"30.09.2022","2.813,0","2.815,0","2.850,0","2.813,0","87,79K","-0,18%"
"29.09.2022","2.818,0","2.750,0","2.820,0","2.750,0","343,22K","-0,25%"
"28.09.2022","2.825,0","2.855,0","2.855,0","2.797,0","209,85K","-2,25%"
"27.09.2022","2.890,0","2.860,0","2.927,0","2.830,0","54,96K","1,40%"
"26.09.2022","2.850,0","2.956,0","2.956,0","2.820,0","76,11K","-3,68%"
"23.09.2022","2.959,0","2.900,0","2.960,0","2.900,0","57,97K","-0,40%"
"22.09.2022","2.971,0","2.974,0","2.974,0","2.971,0","367,10K","-0,07%"
"21.09.2022","2.973,0","3.000,0","3.000,0","2.970,0","269,57K","-0,40%"
"20.09.2022","2.985,0","2.950,0","3.000,0","2.800,0","211,46K","1,53%"
"19.09.2022","2.940,0","2.910,0","3.100,0","2.902,0","195,68K","1,38%"
"16.09.2022","2.900,0","3.058,0","3.058,0","2.900,0","415,31K","-9,01%"
"15.09.2022","3.187,0","3.151,0","3.187,0","3.000,0","167,33K","0,06%"
"14.09.2022","3.185,0","3.270,0","3.270,0","3.185,0","129,31K","-2,90%"
"13.09.2022","3.280,0","3.280,0","3.280,0","3.280,0","51,70K","0,61%"
"12.09.2022","3.260,0","3.187,0","3.297,0","3.187,0","43,66K","2,29%"
"09.09.2022","3.187,0","3.200,0","3.200,0","3.187,0","35,84K","-3,42%"
"07.09.2022","3.300,0","3.300,0","3.300,0","3.300,0","58,86K","0,61%"
"06.09.2022","3.280,0","3.260,0","3.280,0","3.220,0","80,46K","0,92%"
"05.09.2022","3.250,0","3.270,0","3.280,0","3.250,0","104,21K","0,40%"
"02.09.2022","3.237,0","3.250,0","3.275,0","3.237,0","97,50K","-1,16%"
"01.09.2022","3.275,0","3.248,0","3.275,0","3.207,0","30,04K","-0,70%"
"31.08.2022","3.298,0","3.335,0","3.337,0","3.250,0","272,37K","-0,03%"
"30.08.2022","3.299,0","3.340,0","3.345,0","3.280,0","128,38K","-1,96%"
"29.08.2022","3.365,0","3.354,0","3.377,0","3.354,0","88,77K","-2,46%"
"26.08.2022","3.450,0","3.450,0","3.450,0","3.450,0","18,00K","1,47%"
"25.08.2022","3.400,0","3.434,0","3.434,0","3.352,0","129,87K","1,80%"
"24.08.2022","3.340,0","3.450,0","3.450,0","3.340,0","103,97K","-3,19%"
"23.08.2022","3.450,0","3.476,0","3.482,0","3.450,0","54,78K","-0,72%"
"22.08.2022","3.475,0","3.599,0","3.599,0","3.475,0","42,51K","-0,69%"
"19.08.2022","3.499,0","3.511,0","3.511,0","3.495,0","167,34K","-0,48%"
"18.08.2022","3.516,0","3.550,0","3.550,0","3.510,0","728,40K","-0,93%"
"17.08.2022","3.549,0","3.559,0","3.560,0","3.490,0","611,07K","-0,03%"
"16.08.2022","3.550,0","3.600,0","3.609,0","3.550,0","678,08K","-0,92%"
"12.08.2022","3.583,0","3.630,0","3.630,0","3.583,0","198,83K","-1,29%"
"11.08.2022","3.630,0","3.600,0","3.649,0","3.600,0","124,56K","1,34%"
"10.08.2022","3.582,0","3.625,0","3.699,0","3.582,0","609,49K","-0,50%"
"09.08.2022","3.600,0","3.595,0","3.619,0","3.595,0","162,68K","0,14%"
"08.08.2022","3.595,0","3.534,0","3.650,0","3.534,0","904,36K","1,73%"
"05.08.2022","3.534,0","3.485,0","3.544,0","3.410,0","49,88K","-0,03%"
"04.08.2022","3.535,0","3.483,0","3.535,0","3.481,0","61,27K","1,55%"
"03.08.2022","3.481,0","3.534,0","3.534,0","3.462,0","95,02K","0,90%"
"02.08.2022","3.450,0","3.494,0","3.535,0","3.450,0","153,76K","-0,86%"
"01.08.2022","3.480,0","3.540,0","3.540,0","3.480,0","165,88K","-1,69%"
"29.07.2022","3.540,0","3.650,0","3.650,0","3.531,0","248,46K","-1,64%"
"28.07.2022","3.599,0","3.719,0","3.719,0","3.570,0","1,93M","-2,73%"
"27.07.2022","3.700,0","3.789,0","3.789,0","3.659,0","107,82K","-2,63%"
"26.07.2022","3.800,0","3.770,0","3.800,0","3.685,0","33,88K","-0,47%"
"25.07.2022","3.818,0","3.650,0","3.818,0","3.650,0","126,05K","2,86%"
"22.07.2022","3.712,0","3.738,0","3.738,0","3.712,0","53,24K","-0,70%"
"21.07.2022","3.738,0","3.740,0","3.742,0","3.660,0","89,48K","0,21%"
"19.07.2022","3.730,0","3.730,0","3.730,0","3.730,0","7,68K","0,00%"
"18.07.2022","3.730,0","3.800,0","3.800,0","3.730,0","125,26K","0,27%"
"15.07.2022","3.720,0","3.765,0","3.765,0","3.720,0","24,77K","0,54%"
"14.07.2022","3.700,0","3.776,0","3.776,0","3.681,0","122,55K","-2,01%"
"13.07.2022","3.776,0","3.800,0","3.898,0","3.772,0","104,46K","-2,71%"
"12.07.2022","3.881,0","3.989,0","3.989,0","3.851,0","131,18K","0,94%"
"11.07.2022","3.845,0","3.941,0","3.941,0","3.845,0","118,61K","-2,29%"
"08.07.2022","3.935,0","4.020,0","4.020,0","3.823,0","68,70K","-1,58%"
"07.07.2022","3.998,0","4.010,0","4.035,0","3.940,0","108,81K","1,73%"
"06.07.2022","3.930,0","4.045,0","4.045,0","3.910,0","469,81K","0,77%"
"05.07.2022","3.900,0","3.970,0","4.050,0","3.850,0","172,03K","-1,76%"
"01.07.2022","3.970,0","3.850,0","3.970,0","3.760,0","180,11K","4,47%"
"30.06.2022","3.800,0","3.800,0","3.970,0","3.766,0","95,22K","2,01%"
"29.06.2022","3.725,0","3.760,0","3.847,0","3.725,0","74,95K","-0,43%"
"28.06.2022","3.741,0","3.899,0","3.980,0","3.710,0","238,28K","-0,53%"
"24.06.2022","3.761,0","3.850,0","3.850,0","3.761,0","140,94K","1,10%"
"23.06.2022","3.720,0","3.910,0","3.910,0","3.670,0","172,17K","-4,62%"
"22.06.2022","3.900,0","3.900,0","3.905,0","3.890,0","256,47K","1,83%"
"21.06.2022","3.830,0","4.000,0","4.000,0","3.728,0","434,81K","-4,96%"
"17.06.2022","4.030,0","4.040,0","4.100,0","4.023,0","154,64K","0,17%"
"16.06.2022","4.023,0","4.052,0","4.060,0","4.022,0","97,34K","-0,47%"
"15.06.2022","4.042,0","4.150,0","4.150,0","4.041,0","134,33K","-1,41%"
"14.06.2022","4.100,0","4.063,0","4.100,0","4.063,0","132,51K","0,99%"
"13.06.2022","4.060,0","4.190,0","4.190,0","4.060,0","183,12K","-3,75%"
"10.06.2022","4.218,0","4.170,0","4.218,0","4.170,0","128,91K","-0,05%"
"09.06.2022","4.220,0","4.200,0","4.250,0","4.172,0","461,23K","0,00%"
"08.06.2022","4.220,0","4.270,0","4.270,0","4.220,0","180,45K","-0,71%"
"07.06.2022","4.250,0","4.250,0","4.290,0","4.185,0","246,39K","0,00%"
"06.06.2022","4.250,0","4.291,0","4.310,0","4.250,0","109,05K","-0,28%"
"03.06.2022","4.262,0","4.300,0","4.350,0","4.262,0","207,70K","-1,98%"
"02.06.2022","4.348,0","4.300,0","4.348,0","4.276,0","48,41K","1,12%"
"01.06.2022","4.300,0","4.300,0","4.380,0","4.300,0","61,28K","-2,27%"
"31.05.2022","4.400,0","4.250,0","4.400,0","4.250,0","415,95K","4,76%"
"27.05.2022","4.200,0","4.170,0","4.200,0","4.160,0","70,22K","0,72%"
"26.05.2022","4.170,0","4.175,0","4.190,0","4.155,0","67,36K","0,48%"
"25.05.2022","4.150,0","4.192,0","4.192,0","4.150,0","109,20K","-1,61%"
"24.05.2022","4.218,0","4.182,0","4.218,0","4.180,0","61,55K","-0,17%"
"23.05.2022","4.225,0","4.190,0","4.239,0","4.190,0","80,85K","0,84%"
"20.05.2022","4.190,0","4.230,0","4.230,0","4.190,0","48,04K","0,72%"
"19.05.2022","4.160,0","4.160,0","4.165,0","4.160,0","153,51K","-0,24%"
"18.05.2022","4.170,0","4.195,0","4.195,0","4.157,0","270,92K","-0,48%"
"17.05.2022","4.190,0","4.200,0","4.200,0","4.157,0","110,70K","-0,45%"
"16.05.2022","4.209,0","4.155,0","4.209,0","4.155,0","15,90K","1,30%"
"13.05.2022","4.155,0","4.173,0","4.173,0","4.155,0","132,92K","-0,31%"
"12.05.2022","4.168,0","4.200,0","4.250,0","4.165,0","213,12K","0,41%"
"11.05.2022","4.151,0","4.168,0","4.170,0","4.151,0","54,86K","-1,17%"
"10.05.2022","4.200,0","4.162,0","4.299,0","4.161,0","127,08K","-0,45%"
"09.05.2022","4.219,0","4.179,0","4.288,0","4.161,0","71,32K","0,93%"
"06.05.2022","4.180,0","4.260,0","4.260,0","4.180,0","90,26K","-0,24%"
"05.05.2022","4.190,0","4.250,0","4.250,0","4.190,0","84,83K","0,22%"
"04.05.2022","4.181,0","4.160,0","4.266,0","4.160,0","85,14K","0,48%"
"03.05.2022","4.161,0","4.217,0","4.220,0","4.152,0","193,75K","-0,93%"
"02.05.2022","4.200,0","4.272,0","4.272,0","4.200,0","137,99K","-1,64%"
"29.04.2022","4.270,0","4.365,0","4.365,0","4.270,0","70,40K","-1,88%"
"28.04.2022","4.352,0","4.291,0","4.352,0","4.251,0","209,10K","1,45%"
"27.04.2022","4.290,0","4.300,0","4.305,0","4.256,0","170,85K","0,00%"
"25.04.2022","4.290,0","4.266,0","4.300,0","4.250,0","424,80K","0,47%"
"22.04.2022","4.270,0","4.310,0","4.310,0","4.262,0","189,21K","0,21%"
"21.04.2022","4.261,0","4.300,0","4.338,0","4.250,0","735,43K","-0,21%"
"20.04.2022","4.270,0","4.300,0","4.300,0","4.251,0","53,56K","-0,70%"
"19.04.2022","4.300,0","4.260,0","4.300,0","4.250,0","310,48K","0,68%"
"18.04.2022","4.271,0","4.365,0","4.365,0","4.271,0","72,86K","-2,15%"
"13.04.2022","4.365,0","4.365,0","4.365,0","4.285,0","58,13K","-0,02%"
"12.04.2022","4.366,0","4.410,0","4.410,0","4.365,0","137,91K","-0,32%"
"11.04.2022","4.380,0","4.380,0","4.380,0","4.300,0","26,26K","0,00%"
"08.04.2022","4.380,0","4.363,0","4.383,0","4.363,0","957,42K","0,32%"
"07.04.2022","4.366,0","4.383,0","4.417,0","4.366,0","111,18K","-0,34%"
"06.04.2022","4.381,0","4.385,0","4.400,0","4.381,0","204,76K","-0,43%"
"05.04.2022","4.400,0","4.460,0","4.460,0","4.400,0","133,04K","0,00%"
"04.04.2022","4.400,0","4.424,0","4.425,0","4.363,0","245,06K","-0,07%"
"01.04.2022","4.403,0","4.417,0","4.417,0","4.370,0","118,03K","0,99%"
"31.03.2022","4.360,0","4.420,0","4.420,0","4.360,0","25,49K","-1,54%"
"30.03.2022","4.428,0","4.428,0","4.430,0","4.428,0","88,23K","0,64%"
"29.03.2022","4.400,0","4.415,0","4.469,0","4.370,0","252,40K","0,00%"
"28.03.2022","4.400,0","4.400,0","4.420,0","4.395,0","841,63K","0,11%"
"25.03.2022","4.395,0","4.378,0","4.395,0","4.365,0","269,39K","0,39%"
"24.03.2022","4.378,0","4.390,0","4.394,0","4.361,0","1,13M","-0,39%"
"23.03.2022","4.395,0","4.360,0","4.395,0","4.358,0","71,43K","1,60%"
"22.03.2022","4.326,0","4.360,0","4.395,0","4.326,0","43,74K","-0,78%"
"18.03.2022","4.360,0","4.399,0","4.399,0","4.320,0","247,74K","1,16%"
"17.03.2022","4.310,0","4.330,0","4.350,0","4.293,0","58,27K","-0,35%"
"16.03.2022","4.325,0","4.290,0","4.430,0","4.289,0","1,47M","-1,44%"
"15.03.2022","4.388,0","4.330,0","4.388,0","4.329,0","157,09K","3,00%"
"14.03.2022","4.260,0","4.320,0","4.330,0","4.260,0","88,11K","-0,93%"
"11.03.2022","4.300,0","4.260,0","4.310,0","4.260,0","231,82K","0,94%"
"10.03.2022","4.260,0","4.290,0","4.300,0","4.212,0","226,80K","-1,16%"
"09.03.2022","4.310,0","4.290,0","4.318,0","4.245,0","213,58K","1,25%"
"08.03.2022","4.257,0","4.249,0","4.270,0","4.223,0","309,37K","0,76%"
"07.03.2022","4.225,0","4.175,0","4.252,0","4.175,0","249,28K","1,56%"
"04.03.2022","4.160,0","4.175,0","4.175,0","4.150,0","266,09K","0,24%"
"03.03.2022","4.150,0","4.170,0","4.183,0","4.150,0","211,56K","-0,05%"
"02.03.2022","4.152,0","4.166,0","4.177,0","4.103,0","331,22K","-0,34%"
"01.03.2022","4.166,0","4.219,0","4.255,0","4.162,0","134,69K","-0,33%"
"28.02.2022","4.180,0","4.299,0","4.299,0","4.180,0","190,40K","-0,48%"
"25.02.2022","4.200,0","4.210,0","4.210,0","4.190,0","152,86K","1,45%"
"24.02.2022","4.140,0","4.110,0","4.160,0","4.100,0","380,87K","-0,48%"
"23.02.2022","4.160,0","4.185,0","4.210,0","4.160,0","258,80K","-0,48%"
"22.02.2022","4.180,0","4.205,0","4.205,0","4.140,0","197,05K","-0,21%"
"21.02.2022","4.189,0","4.207,0","4.207,0","4.176,0","55,42K","-0,52%"
"18.02.2022","4.211,0","4.240,0","4.240,0","4.157,0","146,25K","-0,59%"
"17.02.2022","4.236,0","4.200,0","4.236,0","4.150,0","122,60K","0,86%"
"16.02.2022","4.200,0","4.153,0","4.300,0","4.130,0","140,03K","-0,14%"
"15.02.2022","4.206,0","4.220,0","4.275,0","4.160,0","90,79K","-0,33%"
"14.02.2022","4.220,0","4.230,0","4.273,0","4.220,0","115,15K","-1,22%"
"11.02.2022","4.272,0","4.225,0","4.276,0","4.220,0","110,64K","0,52%"
"10.02.2022","4.250,0","4.265,0","4.268,0","4.220,0","230,95K","-0,63%"
"09.02.2022","4.277,0","4.266,0","4.300,0","4.242,0","140,29K","-0,86%"
"08.02.2022","4.314,0","4.280,0","4.314,0","4.267,0","51,29K","-0,14%"
"07.02.2022","4.320,0","4.296,0","4.328,0","4.280,0","140,30K","1,41%"
"04.02.2022","4.260,0","4.320,0","4.320,0","4.260,0","325,41K","-0,70%"
"03.02.2022","4.290,0","4.320,0","4.320,0","4.240,0","79,58K","0,89%"
"02.02.2022","4.252,0","4.357,0","4.357,0","4.240,0","206,86K","-1,23%"
"01.02.2022","4.305,0","4.370,0","4.370,0","4.300,0","139,68K","-1,87%"
"31.01.2022","4.387,0","4.400,0","4.400,0","4.365,0","130,04K","0,62%"
"28.01.2022","4.360,0","4.420,0","4.420,0","4.335,0","339,16K","0,88%"
"27.01.2022","4.322,0","4.469,0","4.469,0","4.322,0","209,88K","-1,01%"
"26.01.2022","4.366,0","4.469,0","4.469,0","4.366,0","182,26K","-1,64%"
"25.01.2022","4.439,0","4.470,0","4.475,0","4.400,0","91,46K","-0,69%"
"24.01.2022","4.470,0","4.424,0","4.499,0","4.424,0","195,78K","-0,71%"
"21.01.2022","4.502,0","4.651,0","4.651,0","4.500,0","593,96K","-4,11%"
"20.01.2022","4.695,0","4.726,0","4.727,0","4.668,0","177,40K","-2,15%"
"19.01.2022","4.798,0","4.800,0","4.800,0","4.591,0","1,62M","0,17%"
"18.01.2022","4.790,0","4.490,0","4.790,0","4.490,0","1,32M","8,13%"
"17.01.2022","4.430,0","4.314,0","4.494,0","4.255,0","699,88K","6,67%"
"14.01.2022","4.153,0","4.270,0","4.300,0","4.153,0","393,98K","-2,74%"
"13.01.2022","4.270,0","4.280,0","4.313,0","4.250,0","275,10K","1,18%"
"12.01.2022","4.220,0","4.269,0","4.318,0","4.217,0","185,68K","1,69%"
"11.01.2022","4.150,0","4.240,0","4.240,0","4.150,0","20,51K","0,00%"
"07.01.2022","4.150,0","4.181,0","4.192,0","4.100,0","137,06K","-0,48%"
"06.01.2022","4.170,0","4.182,0","4.182,0","4.170,0","18,21K","-2,34%"
"05.01.2022","4.270,0","4.276,0","4.276,0","4.270,0","18,46K","0,31%"
"04.01.2022","4.257,0","4.249,0","4.257,0","4.249,0","31,77K","0,92%"
"03.01.2022","4.218,0","4.202,0","4.218,0","4.202,0","18,53K","0,81%"
"30.12.2021","4.184,0","4.250,0","4.250,0","4.184,0","19,14K","-1,71%"
"29.12.2021","4.257,0","4.253,0","4.257,0","4.253,0","13,78K","1,36%"
"28.12.2021","4.200,0","4.205,0","4.212,0","4.200,0","47,43K","-0,94%"
"27.12.2021","4.240,0","4.293,0","4.293,0","4.240,0","29,21K","-0,21%"
"23.12.2021","4.249,0","4.200,0","4.249,0","4.200,0","9,34K","1,41%"
"22.12.2021","4.190,0","4.130,0","4.297,0","4.100,0","166,68K","0,72%"
"21.12.2021","4.160,0","4.235,0","4.235,0","4.160,0","31,15K","-2,05%"
"20.12.2021","4.247,0","4.160,0","4.247,0","4.125,0","253,32K","2,09%"
"17.12.2021","4.160,0","4.255,0","4.255,0","4.160,0","188,96K","-3,88%"
"16.12.2021","4.328,0","4.290,0","4.337,0","4.290,0","87,85K","1,81%"
"15.12.2021","4.251,0","4.289,0","4.289,0","4.251,0","17,24K","0,02%"
"14.12.2021","4.250,0","4.201,0","4.250,0","4.201,0","25,57K","-0,91%"
"13.12.2021","4.289,0","4.289,0","4.289,0","4.201,0","42,55K","0,33%"
"10.12.2021","4.275,0","4.225,0","4.300,0","4.220,0","38,68K","-0,58%"
"09.12.2021","4.300,0","4.260,0","4.300,0","4.230,0","51,34K","0,58%"
"07.12.2021","4.275,0","4.275,0","4.315,0","4.272,0","30,78K","-0,93%"
"06.12.2021","4.315,0","4.306,0","4.360,0","4.306,0","54,46K","-1,12%"
"03.12.2021","4.364,0","4.390,0","4.400,0","4.321,0","212,25K","0,05%"
"02.12.2021","4.362,0","4.380,0","4.390,0","4.340,0","221,25K","0,74%"
"01.12.2021","4.330,0","4.190,0","4.390,0","4.190,0","526,07K","6,89%"
"30.11.2021","4.051,0","4.100,0","4.177,0","4.051,0","267,68K","-2,27%"
"29.11.2021","4.145,0","4.150,0","4.300,0","4.100,0","415,19K","-0,12%"
"26.11.2021","4.150,0","4.130,0","4.180,0","4.050,0","106,87K","-1,66%"
"25.11.2021","4.220,0","4.100,0","4.220,0","4.100,0","141,30K","2,68%"
"24.11.2021","4.110,0","4.091,0","4.115,0","4.091,0","47,87K","0,27%"
"23.11.2021","4.099,0","4.195,0","4.195,0","4.075,0","9,20K","-0,02%"
"22.11.2021","4.100,0","4.150,0","4.150,0","4.100,0","111,54K","-0,49%"
"19.11.2021","4.120,0","4.121,0","4.201,0","4.120,0","41,31K","-3,26%"
"18.11.2021","4.259,0","4.228,0","4.259,0","4.228,0","28,71K","0,73%"
"17.11.2021","4.228,0","4.173,0","4.249,0","4.000,0","473,98K","-0,28%"
"16.11.2021","4.240,0","4.250,0","4.250,0","4.200,0","80,04K","-0,24%"
"12.11.2021","4.250,0","4.270,0","4.275,0","4.250,0","29,39K","0,12%"
"11.11.2021","4.245,0","4.260,0","4.298,0","4.245,0","145,04K","-0,24%"
"10.11.2021","4.255,0","4.286,0","4.286,0","4.250,0","3,10M","-1,05%"
"09.11.2021","4.300,0","4.270,0","4.300,0","4.265,0","93,50K","0,00%"
"08.11.2021","4.300,0","4.280,0","4.300,0","4.265,0","77,96K","0,82%"
"05.11.2021","4.265,0","4.262,0","4.270,0","4.262,0","82,22K","-0,35%"
"04.11.2021","4.280,0","4.280,0","4.280,0","4.270,0","43,30K","0,00%"
"03.11.2021","4.280,0","4.240,0","4.280,0","4.240,0","36,66K","1,18%"
"02.11.2021","4.230,0","4.285,0","4.293,0","4.230,0","188,14K","-1,26%"
"29.10.2021","4.284,0","4.270,0","4.284,0","4.266,0","37,22K","-0,12%"
"28.10.2021","4.289,0","4.300,0","4.300,0","4.261,0","126,18K","-0,23%"
"27.10.2021","4.299,0","4.298,0","4.299,0","4.294,0","54,36K","0,21%"
"26.10.2021","4.290,0","4.266,0","4.295,0","4.260,0","76,14K","0,37%"
"25.10.2021","4.274,0","4.285,0","4.300,0","4.271,0","22,59K","-0,88%"
"22.10.2021","4.312,0","4.286,0","4.328,0","4.286,0","76,80K","-0,39%"
"21.10.2021","4.329,0","4.290,0","4.330,0","4.282,0","61,07K","-0,02%"
"20.10.2021","4.330,0","4.300,0","4.350,0","4.300,0","95,25K","0,70%"
"19.10.2021","4.300,0","4.320,0","4.320,0","4.300,0","105,98K","0,00%"
"15.10.2021","4.300,0","4.317,0","4.400,0","4.299,0","210,54K","-1,83%"
"14.10.2021","4.380,0","4.360,0","4.400,0","4.360,0","528,25K","0,23%"
"13.10.2021","4.370,0","4.370,0","4.370,0","4.314,0","443,18K","-0,23%"
"12.10.2021","4.380,0","4.356,0","4.380,0","4.305,0","21,36K","-0,68%"
"11.10.2021","4.410,0","4.305,0","4.419,0","4.305,0","274,24K","1,66%"
"08.10.2021","4.338,0","4.325,0","4.350,0","4.303,0","86,16K","0,30%"
"07.10.2021","4.325,0","4.285,0","4.325,0","4.275,0","157,31K","1,29%"
"06.10.2021","4.270,0","4.275,0","4.289,0","4.218,0","165,56K","-0,58%"
"05.10.2021","4.295,0","4.265,0","4.300,0","4.265,0","77,13K","0,89%"
"04.10.2021","4.257,0","4.255,0","4.320,0","4.249,0","86,12K","0,61%"
"01.10.2021","4.231,0","4.151,0","4.255,0","4.151,0","16,48K","0,05%"
"30.09.2021","4.229,0","4.255,0","4.255,0","4.229,0","47,74K","0,07%"
"29.09.2021","4.226,0","4.280,0","4.280,0","4.226,0","117,07K","-0,33%"
"28.09.2021","4.240,0","4.221,0","4.280,0","4.221,0","69,53K","-0,45%"
"27.09.2021","4.259,0","4.293,0","4.293,0","4.221,0","80,48K","1,65%"
"24.09.2021","4.190,0","4.272,0","4.272,0","4.190,0","25,95K","-2,33%"
"23.09.2021","4.290,0","4.200,0","4.290,0","4.200,0","142,34K","2,63%"
"22.09.2021","4.180,0","4.155,0","4.180,0","4.155,0","70,37K","0,60%"
"21.09.2021","4.155,0","4.151,0","4.170,0","4.135,0","164,17K","0,12%"
"20.09.2021","4.150,0","4.200,0","4.200,0","4.150,0","259,50K","-2,58%"
"17.09.2021","4.260,0","4.175,0","4.260,0","4.115,0","918,01K","2,04%"
"16.09.2021","4.175,0","4.201,0","4.248,0","4.175,0","429,92K","0,07%"
"15.09.2021","4.172,0","4.151,0","4.230,0","4.150,0","419,27K","0,53%"
"14.09.2021","4.150,0","4.230,0","4.231,0","4.150,0","270,84K","-1,26%"
"10.09.2021","4.203,0","4.250,0","4.250,0","4.203,0","56,31K","-0,90%"
"09.09.2021","4.241,0","4.210,0","4.250,0","4.190,0","112,62K","0,35%"
"08.09.2021","4.226,0","4.238,0","4.249,0","4.226,0","41,78K","-0,56%"
"07.09.2021","4.250,0","4.252,0","4.252,0","4.250,0","41,85K","0,07%"
"06.09.2021","4.247,0","4.235,0","4.247,0","4.235,0","21,16K","-2,01%"
"03.09.2021","4.334,0","4.263,0","4.334,0","4.263,0","5,00K","-0,09%"
"02.09.2021","4.338,0","4.256,0","4.338,0","4.256,0","58,19K","2,07%"
"01.09.2021","4.250,0","4.310,0","4.320,0","4.250,0","31,48K","-1,39%"
"31.08.2021","4.310,0","4.300,0","4.314,0","4.290,0","369,67K","0,23%"
"30.08.2021","4.300,0","4.250,0","4.319,0","4.230,0","49,01K","1,18%"
"27.08.2021","4.250,0","4.250,0","4.260,0","4.248,0","81,18K","-0,93%"
"26.08.2021","4.290,0","4.301,0","4.303,0","4.290,0","55,37K","-1,83%"
"25.08.2021","4.370,0","4.300,0","4.370,0","4.240,0","83,50K","1,70%"
"24.08.2021","4.297,0","4.300,0","4.300,0","4.251,0","34,06K","-0,53%"
"23.08.2021","4.320,0","4.300,0","4.335,0","4.300,0","120,96K","1,17%"
"20.08.2021","4.270,0","4.119,0","4.300,0","4.119,0","455,40K","2,40%"
"19.08.2021","4.170,0","4.205,0","4.205,0","4.170,0","108,95K","-0,74%"
"18.08.2021","4.201,0","4.199,0","4.280,0","4.160,0","374,83K","0,07%"
"17.08.2021","4.198,0","4.080,0","4.200,0","4.080,0","484,41K","2,39%"
"13.08.2021","4.100,0","4.061,0","4.125,0","4.061,0","64,60K","-0,94%"
"12.08.2021","4.139,0","4.130,0","4.139,0","4.035,0","77,75K","1,32%"
"11.08.2021","4.085,0","4.095,0","4.095,0","4.080,0","45,58K","1,59%"
"10.08.2021","4.021,0","4.061,0","4.061,0","4.007,0","152,19K","-0,96%"
"09.08.2021","4.060,0","4.066,0","4.066,0","4.060,0","21,80K","-0,49%"
"05.08.2021","4.080,0","4.074,0","4.087,0","4.050,0","148,75K","-0,17%"
"04.08.2021","4.087,0","4.082,0","4.100,0","4.082,0","43,46K","0,12%"
"03.08.2021","4.082,0","4.082,0","4.082,0","4.082,0","6,88K","-0,68%"
"02.08.2021","4.110,0","4.110,0","4.110,0","4.110,0","64,42K","1,68%"
"30.07.2021","4.042,0","4.041,0","4.042,0","4.035,0","41,45K","-1,05%"
"29.07.2021","4.085,0","4.040,0","4.100,0","4.040,0","35,70K","0,86%"
"28.07.2021","4.050,0","4.085,0","4.085,0","4.050,0","32,32K","-0,61%"
"27.07.2021","4.075,0","4.158,0","4.158,0","4.075,0","592,10K","-0,54%"
"26.07.2021","4.097,0","4.086,0","4.100,0","4.078,0","151,82K","0,44%"
"23.07.2021","4.079,0","4.100,0","4.100,0","4.078,0","36,88K","0,02%"
"22.07.2021","4.078,0","4.075,0","4.100,0","4.040,0","98,36K","0,05%"
"21.07.2021","4.076,0","4.100,0","4.100,0","4.050,0","191,92K","0,64%"
"19.07.2021","4.050,0","4.075,0","4.075,0","4.020,0","68,95K","-2,39%"
"16.07.2021","4.149,0","4.180,0","4.180,0","4.123,0","77,61K","-0,02%"
"15.07.2021","4.150,0","4.152,0","4.152,0","4.150,0","19,99K","-1,19%"
"14.07.2021","4.200,0","4.260,0","4.260,0","4.200,0","18,41K","-0,05%"
"13.07.2021","4.202,0","4.202,0","4.202,0","4.202,0","3,52K","0,00%"
"12.07.2021","4.202,0","4.160,0","4.240,0","4.160,0","144,24K","1,03%"
"09.07.2021","4.159,0","4.181,0","4.181,0","4.158,0","36,07K","-0,48%"
"08.07.2021","4.179,0","4.200,0","4.210,0","4.135,0","307,03K","1,26%"
"07.07.2021","4.127,0","4.199,0","4.200,0","4.127,0","133,33K","-1,50%"
"06.07.2021","4.190,0","4.200,0","4.200,0","4.150,0","33,38K","0,48%"
"02.07.2021","4.170,0","4.088,0","4.200,0","4.088,0","24,57K","0,10%"
"01.07.2021","4.166,0","4.200,0","4.200,0","4.070,0","292,78K","-1,98%"
"30.06.2021","4.250,0","4.150,0","4.250,0","4.150,0","87,34K","2,41%"
"29.06.2021","4.150,0","4.200,0","4.200,0","4.150,0","134,87K","-1,19%"
"28.06.2021","4.200,0","4.210,0","4.210,0","4.200,0","31,79K","-0,24%"
"25.06.2021","4.210,0","4.210,0","4.210,0","4.180,0","73,17K","0,00%"
"24.06.2021","4.210,0","4.010,0","4.260,0","4.000,0","135,96K","2,13%"
"23.06.2021","4.122,0","4.128,0","4.170,0","4.110,0","237,63K","1,03%"
"22.06.2021","4.080,0","4.154,0","4.154,0","4.071,0","159,37K","-1,76%"
"21.06.2021","4.153,0","4.270,0","4.270,0","4.153,0","50,21K","-2,19%"
"18.06.2021","4.246,0","4.280,0","4.280,0","4.246,0","63,60K","-1,48%"
"17.06.2021","4.310,0","4.350,0","4.350,0","4.310,0","213,71K","-0,92%"
"16.06.2021","4.350,0","4.281,0","4.350,0","4.281,0","310,30K","-0,02%"
"15.06.2021","4.351,0","4.388,0","4.388,0","4.351,0","6,69K","1,14%"
"11.06.2021","4.302,0","4.300,0","4.345,0","4.166,0","148,61K","-0,02%"
"10.06.2021","4.303,0","4.300,0","4.303,0","4.300,0","35,18K","0,07%"
"09.06.2021","4.300,0","4.300,0","4.350,0","4.300,0","256,62K","0,02%"
"08.06.2021","4.299,0","4.300,0","4.300,0","4.288,0","228,36K","1,15%"
"04.06.2021","4.250,0","4.195,0","4.250,0","4.195,0","80,13K","1,26%"
"03.06.2021","4.197,0","4.190,0","4.238,0","4.180,0","73,78K","0,17%"
"02.06.2021","4.190,0","4.244,0","4.244,0","4.190,0","20,47K","-1,30%"
"01.06.2021","4.245,0","4.240,0","4.245,0","4.200,0","614,32K","1,65%"
"28.05.2021","4.176,0","4.000,0","4.176,0","3.900,0","1,63M","10,92%"
"27.05.2021","3.765,0","4.111,0","4.140,0","3.765,0","1,59M","-7,49%"
"26.05.2021","4.070,0","4.160,0","4.160,0","4.030,0","155,04K","-2,63%"
"25.05.2021","4.180,0","4.210,0","4.210,0","4.150,0","166,49K","-1,18%"
"24.05.2021","4.230,0","4.301,0","4.301,0","4.230,0","120,17K","-3,05%"
"21.05.2021","4.363,0","4.435,0","4.435,0","4.335,0","40,72K","0,07%"
"20.05.2021","4.360,0","4.350,0","4.399,0","4.300,0","218,00K","-2,02%"
"19.05.2021","4.450,0","4.305,0","4.450,0","4.300,0","113,52K","1,83%"
"18.05.2021","4.370,0","4.400,0","4.400,0","4.370,0","24,24K","-0,68%"
"14.05.2021","4.400,0","4.435,0","4.435,0","4.375,0","61,64K","-0,09%"
"13.05.2021","4.404,0","4.330,0","4.404,0","4.300,0","127,56K","1,24%"
"12.05.2021","4.350,0","4.530,0","4.538,0","4.350,0","139,03K","-3,10%"
"11.05.2021","4.489,0","4.400,0","4.497,0","4.341,0","28,33K","1,79%"
"10.05.2021","4.410,0","4.400,0","4.446,0","4.400,0","101,25K","1,15%"
"07.05.2021","4.360,0","4.489,0","4.489,0","4.360,0","80,86K","-0,77%"
"06.05.2021","4.394,0","4.268,0","4.394,0","4.260,0","216,30K","4,32%"
"05.05.2021","4.212,0","4.251,0","4.251,0","4.212,0","62,89K","0,36%"
"04.05.2021","4.197,0","4.250,0","4.270,0","4.180,0","225,26K","1,13%"
"03.05.2021","4.150,0","4.350,0","4.350,0","4.101,0","115,72K","-3,71%"
"30.04.2021","4.310,0","4.364,0","4.410,0","4.301,0","104,21K","-1,37%"
"29.04.2021","4.370,0","4.412,0","4.412,0","4.310,0","128,83K","-0,70%"
"28.04.2021","4.401,0","4.431,0","4.437,0","4.400,0","242,29K","-0,63%"
"27.04.2021","4.429,0","4.454,0","4.455,0","4.429,0","394,91K","-0,56%"
"26.04.2021","4.454,0","4.411,0","4.454,0","4.410,0","69,54K","1,09%"
"23.04.2021","4.406,0","4.490,0","4.492,0","4.406,0","100,23K","-2,09%"
"22.04.2021","4.500,0","4.465,0","4.523,0","4.465,0","282,10K","-0,51%"
"21.04.2021","4.523,0","4.530,0","4.536,0","4.500,0","142,49K","-0,04%"
"20.04.2021","4.525,0","4.540,0","4.588,0","4.510,0","97,07K","-0,37%"
"19.04.2021","4.542,0","4.590,0","4.590,0","4.540,0","66,57K","-1,26%"
"16.04.2021","4.600,0","4.615,0","4.645,0","4.600,0","99,82K","-0,28%"
"15.04.2021","4.613,0","4.650,0","4.651,0","4.613,0","40,71K","-0,80%"
"14.04.2021","4.650,0","4.697,0","4.697,0","4.642,0","102,30K","0,43%"
"13.04.2021","4.630,0","4.655,0","4.700,0","4.630,0","163,30K","-1,43%"
"12.04.2021","4.697,0","4.636,0","4.698,0","4.616,0","45,49K","0,97%"
"09.04.2021","4.652,0","4.670,0","4.670,0","4.652,0","6,24K","-0,45%"
"08.04.2021","4.673,0","4.714,0","4.714,0","4.673,0","47,49K","-0,87%"
"07.04.2021","4.714,0","4.733,0","4.733,0","4.714,0","17,24K","0,00%"
"06.04.2021","4.714,0","4.720,0","4.730,0","4.657,0","346,55K","-0,32%"
"05.04.2021","4.729,0","4.730,0","4.730,0","4.700,0","1,23M","1,68%"
"31.03.2021","4.651,0","4.651,0","4.651,0","4.651,0","20,35K","-1,67%"
"30.03.2021","4.730,0","4.680,0","4.730,0","4.680,0","30,70K","0,64%"
"29.03.2021","4.700,0","4.730,0","4.731,0","4.700,0","36,13K","-0,68%"
"26.03.2021","4.732,0","4.740,0","4.740,0","4.680,0","103,30K","0,04%"
"25.03.2021","4.730,0","4.724,0","4.730,0","4.720,0","62,22K","0,15%"
"24.03.2021","4.723,0","4.796,0","4.796,0","4.723,0","39,45K","-1,23%"
"23.03.2021","4.782,0","4.653,0","4.782,0","4.653,0","1,56M","0,04%"
"19.03.2021","4.780,0","4.798,0","4.798,0","4.780,0","1,39M","-0,33%"
"18.03.2021","4.796,0","4.721,0","4.796,0","4.720,0","53,66K","-0,31%"
"17.03.2021","4.811,0","4.845,0","4.848,0","4.811,0","787,07K","-0,19%"
"16.03.2021","4.820,0","4.722,0","4.849,0","4.722,0","110,06K","-0,21%"
"15.03.2021","4.830,0","4.840,0","4.840,0","4.805,0","101,88K","0,21%"
"12.03.2021","4.820,0","4.800,0","4.830,0","4.800,0","191,22K","0,44%"
"11.03.2021","4.799,0","4.719,0","4.800,0","4.719,0","230,13K","1,70%"
"10.03.2021","4.719,0","4.700,0","4.719,0","4.617,0","48,11K","0,00%"
"09.03.2021","4.719,0","4.690,0","4.719,0","4.690,0","63,63K","0,45%"
"08.03.2021","4.698,0","4.640,0","4.699,0","4.600,0","60,36K","1,64%"
"05.03.2021","4.622,0","4.652,0","4.688,0","4.622,0","135,26K","-1,45%"
"04.03.2021","4.690,0","4.657,0","4.690,0","4.650,0","38,90K","0,73%"
"03.03.2021","4.656,0","4.730,0","4.730,0","4.656,0","1,08M","-1,15%"
"02.03.2021","4.710,0","4.749,0","4.750,0","4.690,0","355,10K","-0,63%"
"01.03.2021","4.740,0","4.721,0","4.740,0","4.720,0","43,69K","0,83%"
"26.02.2021","4.701,0","4.770,0","4.770,0","4.701,0","40,53K","-1,65%"
"25.02.2021","4.780,0","4.780,0","4.820,0","4.750,0","132,70K","-0,42%"
"24.02.2021","4.800,0","4.735,0","4.800,0","4.735,0","148,11K","2,13%"
"23.02.2021","4.700,0","4.680,0","4.700,0","4.665,0","163,17K","0,30%"
"22.02.2021","4.686,0","4.692,0","4.692,0","4.671,0","40,65K","-0,30%"
"19.02.2021","4.700,0","4.720,0","4.720,0","4.651,0","153,08K","-0,63%"
"18.02.2021","4.730,0","4.700,0","4.730,0","4.700,0","547,34K","-0,11%"
"17.02.2021","4.735,0","4.720,0","4.735,0","4.720,0","80,20K","-0,32%"
"16.02.2021","4.750,0","4.720,0","4.750,0","4.715,0","269,93K","0,25%"
"15.02.2021","4.738,0","4.720,0","4.738,0","4.720,0","36,58K","0,36%"
"12.02.2021","4.721,0","4.760,0","4.760,0","4.721,0","235,68K","-0,40%"
"11.02.2021","4.740,0","4.755,0","4.755,0","4.740,0","86,80K","-0,29%"
"10.02.2021","4.754,0","4.820,0","4.820,0","4.754,0","46,24K","-0,34%"
"09.02.2021","4.770,0","4.815,0","4.815,0","4.755,0","330,30K","-1,02%"
"08.02.2021","4.819,0","4.770,0","4.820,0","4.770,0","305,78K","0,25%"
"05.02.2021","4.807,0","4.749,0","4.807,0","4.748,0","246,29K","2,10%"
"04.02.2021","4.708,0","4.704,0","4.737,0","4.690,0","69,31K","0,13%"
"03.02.2021","4.702,0","4.705,0","4.705,0","4.702,0","46,07K","0,00%"
"02.02.2021","4.702,0","4.749,0","4.749,0","4.692,0","207,87K","0,47%"
"01.02.2021","4.680,0","4.784,0","4.784,0","4.676,0","100,92K","-2,50%"
"29.01.2021","4.800,0","4.643,0","4.800,0","4.643,0","1,61M","1,22%"
"28.01.2021","4.742,0","4.677,0","4.745,0","4.677,0","163,13K","-1,00%"
"27.01.2021","4.790,0","4.750,0","4.790,0","4.750,0","67,27K","-0,21%"
"26.01.2021","4.800,0","4.800,0","4.805,0","4.700,0","168,63K","0,10%"
"25.01.2021","4.795,0","4.810,0","4.810,0","4.795,0","64,97K","-0,10%"
"22.01.2021","4.800,0","4.810,0","4.813,0","4.787,0","333,51K","-0,29%"
"21.01.2021","4.814,0","4.753,0","4.814,0","4.753,0","158,32K","1,28%"
"20.01.2021","4.753,0","4.685,0","4.753,0","4.685,0","74,93K","1,45%"
"19.01.2021","4.685,0","4.646,0","4.733,0","4.646,0","161,27K","-0,28%"
"18.01.2021","4.698,0","4.699,0","4.699,0","4.630,0","47,58K","0,60%"
"15.01.2021","4.670,0","4.785,0","4.785,0","4.670,0","96,57K","-2,30%"
"14.01.2021","4.780,0","4.800,0","4.800,0","4.780,0","292,42K","-0,42%"
"13.01.2021","4.800,0","4.750,0","4.800,0","4.725,0","59,76K","0,57%"
"12.01.2021","4.773,0","4.752,0","4.780,0","4.750,0","53,68K","-0,15%"
"08.01.2021","4.780,0","4.815,0","4.815,0","4.780,0","36,10K","-0,83%"
"07.01.2021","4.820,0","4.820,0","4.825,0","4.771,0","38,23K","0,02%"
"06.01.2021","4.819,0","4.810,0","4.820,0","4.810,0","156,11K","-0,02%"
"05.01.2021","4.820,0","4.820,0","4.820,0","4.780,0","57,97K","0,00%"
"04.01.2021","4.820,0","4.755,0","4.889,0","4.755,0","51,97K","1,73%"
"30.12.2020","4.738,0","4.870,0","4.899,0","4.738,0","91,60K","-2,71%"
"29.12.2020","4.870,0","4.800,0","4.870,0","4.800,0","92,47K","0,83%"
"28.12.2020","4.830,0","4.700,0","4.850,0","4.700,0","128,57K","2,99%"
"23.12.2020","4.690,0","4.715,0","4.775,0","4.675,0","140,88K","0,43%"
"22.12.2020","4.670,0","4.704,0","4.740,0","4.670,0","99,83K","-1,68%"
"21.12.2020","4.750,0","4.615,0","4.750,0","4.600,0","147,62K","-0,61%"
"18.12.2020","4.779,0","4.615,0","4.779,0","4.615,0","410,49K","1,57%"
"17.12.2020","4.705,0","4.729,0","4.729,0","4.674,0","220,58K","0,75%"
"16.12.2020","4.670,0","4.655,0","4.691,0","4.608,0","667,46K","-0,49%"
"15.12.2020","4.693,0","4.638,0","4.713,0","4.620,0","80,41K","1,96%"
"14.12.2020","4.603,0","4.750,0","4.750,0","4.603,0","171,35K","0,04%"
"11.12.2020","4.601,0","4.600,0","4.649,0","4.523,0","204,42K","-0,20%"
"10.12.2020","4.610,0","4.700,0","4.800,0","4.600,0","177,02K","-2,16%"
"09.12.2020","4.712,0","4.741,0","4.840,0","4.712,0","254,30K","-0,55%"
"07.12.2020","4.738,0","4.640,0","4.840,0","4.631,0","424,12K","1,24%"
"04.12.2020","4.680,0","4.615,0","4.686,0","4.615,0","278,69K","1,30%"
"03.12.2020","4.620,0","4.580,0","4.637,0","4.580,0","1,12M","0,43%"
"02.12.2020","4.600,0","4.630,0","4.630,0","4.600,0","298,32K","-0,41%"
"01.12.2020","4.619,0","4.500,0","4.629,0","4.500,0","812,08K","2,64%"
"30.11.2020","4.500,0","4.520,0","4.520,0","4.480,0","491,20K","0,00%"
"27.11.2020","4.500,0","4.480,0","4.500,0","4.480,0","40,83K","0,45%"
"26.11.2020","4.480,0","4.476,0","4.480,0","4.470,0","69,88K","0,09%"
"25.11.2020","4.476,0","4.475,0","4.477,0","4.451,0","67,79K","0,88%"
"24.11.2020","4.437,0","4.460,0","4.500,0","4.420,0","537,68K","0,84%"
"23.11.2020","4.400,0","4.489,0","4.489,0","4.400,0","108,13K","-0,02%"
"20.11.2020","4.401,0","4.400,0","4.443,0","4.392,0","131,27K","-0,88%"
"19.11.2020","4.440,0","4.420,0","4.440,0","4.380,0","47,13K","0,45%"
"18.11.2020","4.420,0","4.400,0","4.450,0","4.361,0","173,80K","0,91%"
"17.11.2020","4.380,0","4.379,0","4.429,0","4.330,0","108,03K","0,69%"
"13.11.2020","4.350,0","4.347,0","4.378,0","4.330,0","116,67K","0,81%"
"12.11.2020","4.315,0","4.388,0","4.388,0","4.315,0","274,37K","-1,51%"
"11.11.2020","4.381,0","4.434,0","4.434,0","4.320,0","199,54K","1,88%"
"10.11.2020","4.300,0","4.430,0","4.430,0","4.300,0","41,11K","-2,93%"
"09.11.2020","4.430,0","4.450,0","4.480,0","4.391,0","146,16K","1,86%"
"06.11.2020","4.349,0","4.350,0","4.355,0","4.301,0","252,14K","0,32%"
"05.11.2020","4.335,0","4.342,0","4.377,0","4.335,0","142,82K","-0,46%"
"04.11.2020","4.355,0","4.385,0","4.385,0","4.315,0","127,48K","0,90%"
"03.11.2020","4.316,0","4.369,0","4.369,0","4.300,0","185,82K","2,62%"
"30.10.2020","4.206,0","4.460,0","4.479,0","4.206,0","1,50M","-6,12%"
"29.10.2020","4.480,0","4.390,0","4.480,0","4.390,0","50,63K","0,67%"
"28.10.2020","4.450,0","4.500,0","4.500,0","4.410,0","25,37K","-1,13%"
"27.10.2020","4.501,0","4.595,0","4.595,0","4.501,0","42,10K","-1,08%"
"26.10.2020","4.550,0","4.619,0","4.619,0","4.550,0","61,60K","-1,28%"
"23.10.2020","4.609,0","4.615,0","4.615,0","4.609,0","24,41K","-0,02%"
"22.10.2020","4.610,0","4.610,0","4.619,0","4.600,0","101,24K","-0,11%"
"21.10.2020","4.615,0","4.555,0","4.688,0","4.555,0","144,40K","-0,32%"
"20.10.2020","4.630,0","4.600,0","4.630,0","4.600,0","96,64K","0,65%"
"19.10.2020","4.600,0","4.631,0","4.631,0","4.600,0","18,06K","0,00%"
"16.10.2020","4.600,0","4.541,0","4.636,0","4.541,0","63,45K","1,30%"
"15.10.2020","4.541,0","4.540,0","4.565,0","4.540,0","32,56K","-2,13%"
"14.10.2020","4.640,0","4.639,0","4.650,0","4.638,0","712,63K","0,87%"
"13.10.2020","4.600,0","4.531,0","4.600,0","4.530,0","12,69K","-0,86%"
"09.10.2020","4.640,0","4.645,0","4.645,0","4.639,0","150,68K","0,02%"
"08.10.2020","4.639,0","4.630,0","4.639,0","4.630,0","9,15K","0,19%"
"07.10.2020","4.630,0","4.645,0","4.645,0","4.625,0","93,90K","-0,22%"
"06.10.2020","4.640,0","4.645,0","4.645,0","4.570,0","73,55K","-0,22%"
"05.10.2020","4.650,0","4.570,0","4.650,0","4.570,0","6,64K","0,11%"
"02.10.2020","4.645,0","4.575,0","4.645,0","4.505,0","28,44K","2,77%"
"01.10.2020","4.520,0","4.600,0","4.600,0","4.520,0","49,81K","-2,16%"
"30.09.2020","4.620,0","4.615,0","4.620,0","4.610,0","68,56K","2,10%"
"29.09.2020","4.525,0","4.485,0","4.570,0","4.485,0","35,84K","-0,77%"
"28.09.2020","4.560,0","4.445,0","4.580,0","4.445,0","52,04K","2,93%"
"25.09.2020","4.430,0","4.500,0","4.500,0","4.430,0","14,36K","-1,56%"
"24.09.2020","4.500,0","4.475,0","4.630,0","4.445,0","131,37K","0,56%"
"23.09.2020","4.475,0","4.565,0","4.565,0","4.475,0","62,04K","-1,00%"
"22.09.2020","4.520,0","4.505,0","4.645,0","4.500,0","62,82K","-3,42%"
"21.09.2020","4.680,0","4.545,0","4.680,0","4.545,0","111,46K","2,97%"
"18.09.2020","4.545,0","4.530,0","4.545,0","4.530,0","279,69K","0,55%"
"17.09.2020","4.520,0","4.500,0","4.530,0","4.500,0","176,61K","-0,22%"
"16.09.2020","4.530,0","4.415,0","4.530,0","4.415,0","128,27K","1,12%"
"15.09.2020","4.480,0","4.530,0","4.530,0","4.480,0","72,76K","-0,67%"
"14.09.2020","4.510,0","4.540,0","4.565,0","4.500,0","163,80K","-0,11%"
"11.09.2020","4.515,0","4.490,0","4.515,0","4.405,0","53,60K","0,56%"
"10.09.2020","4.490,0","4.450,0","4.535,0","4.345,0","63,65K","0,22%"
"09.09.2020","4.480,0","4.560,0","4.560,0","4.480,0","164,84K","-0,44%"
"08.09.2020","4.500,0","4.550,0","4.550,0","4.460,0","134,97K","-1,10%"
"07.09.2020","4.550,0","4.550,0","4.550,0","4.550,0","39,79K","-1,09%"
"04.09.2020","4.600,0","4.640,0","4.640,0","4.535,0","144,36K","-0,86%"
"03.09.2020","4.640,0","4.595,0","4.640,0","4.585,0","94,95K","-0,32%"
"02.09.2020","4.655,0","4.715,0","4.715,0","4.595,0","290,26K","-0,32%"
"01.09.2020","4.670,0","4.640,0","4.725,0","4.640,0","1,19M","0,65%"
"31.08.2020","4.640,0","4.580,0","4.695,0","4.550,0","267,68K","0,22%"
"28.08.2020","4.630,0","4.655,0","4.700,0","4.625,0","124,25K","-0,54%"
"27.08.2020","4.655,0","4.650,0","4.700,0","4.650,0","119,90K","0,11%"
"26.08.2020","4.650,0","4.600,0","4.650,0","4.570,0","226,36K","1,31%"
"25.08.2020","4.590,0","4.475,0","4.680,0","4.475,0","239,21K","2,46%"
"24.08.2020","4.480,0","4.465,0","4.495,0","4.450,0","207,84K","0,90%"
"21.08.2020","4.440,0","4.375,0","4.480,0","4.375,0","331,89K","0,45%"
"20.08.2020","4.420,0","4.380,0","4.450,0","4.370,0","227,90K","1,03%"
"19.08.2020","4.375,0","4.380,0","4.380,0","4.355,0","106,92K","-0,11%"
"18.08.2020","4.380,0","4.335,0","4.380,0","4.335,0","109,18K","1,27%"
"14.08.2020","4.325,0","4.270,0","4.325,0","4.265,0","42,53K","0,93%"
"13.08.2020","4.285,0","4.300,0","4.305,0","4.285,0","146,35K","-0,70%"
"12.08.2020","4.315,0","4.235,0","4.315,0","4.235,0","172,76K","0,94%"
"11.08.2020","4.275,0","4.290,0","4.345,0","4.250,0","522,07K","1,30%"
"10.08.2020","4.220,0","4.220,0","4.220,0","4.220,0","10,36K","-1,75%"
"06.08.2020","4.295,0","4.250,0","4.295,0","4.220,0","32,22K","1,06%"
"05.08.2020","4.250,0","4.105,0","4.250,0","4.105,0","56,18K","1,07%"
"04.08.2020","4.205,0","4.200,0","4.205,0","4.145,0","327,07K","1,57%"
"03.08.2020","4.140,0","4.200,0","4.205,0","4.140,0","73,90K","-1,55%"
"31.07.2020","4.205,0","4.185,0","4.230,0","4.160,0","1,79M","-1,75%"
"30.07.2020","4.280,0","4.280,0","4.280,0","4.280,0","33,24K","0,00%"
"29.07.2020","4.280,0","4.280,0","4.280,0","4.200,0","83,04K","0,00%"
"28.07.2020","4.280,0","4.305,0","4.305,0","4.280,0","539,37K","-1,04%"
"27.07.2020","4.325,0","4.315,0","4.325,0","4.315,0","91,37K","0,35%"
"24.07.2020","4.310,0","4.305,0","4.375,0","4.305,0","91,34K","-1,71%"
"23.07.2020","4.385,0","4.320,0","4.400,0","4.305,0","150,67K","2,69%"
"22.07.2020","4.270,0","4.280,0","4.300,0","4.270,0","245,72K","-0,70%"
"21.07.2020","4.300,0","4.275,0","4.300,0","4.275,0","276,29K","0,23%"
"17.07.2020","4.290,0","4.225,0","4.290,0","4.225,0","328,68K","1,30%"
"16.07.2020","4.235,0","4.200,0","4.235,0","4.180,0","58,97K","-0,70%"
"15.07.2020","4.265,0","4.230,0","4.280,0","4.200,0","323,42K","2,03%"
"14.07.2020","4.180,0","4.200,0","4.235,0","4.180,0","288,99K","-1,07%"
"13.07.2020","4.225,0","4.225,0","4.230,0","4.200,0","254,25K","0,60%"
"10.07.2020","4.200,0","4.155,0","4.235,0","4.155,0","398,45K","0,84%"
"09.07.2020","4.165,0","4.150,0","4.170,0","4.115,0","309,25K","0,48%"
"08.07.2020","4.145,0","4.085,0","4.145,0","4.085,0","61,84K","0,85%"
"07.07.2020","4.110,0","4.085,0","4.130,0","4.085,0","122,90K","0,24%"
"06.07.2020","4.100,0","4.130,0","4.130,0","4.090,0","493,20K","-0,36%"
"03.07.2020","4.115,0","4.090,0","4.130,0","4.085,0","29,12K","0,86%"
"02.07.2020","4.080,0","4.075,0","4.130,0","4.075,0","742,12K","0,12%"
"01.07.2020","4.075,0","4.100,0","4.130,0","4.075,0","58,68K","-0,97%"
"30.06.2020","4.115,0","4.060,0","4.115,0","4.060,0","61,75K","1,35%"
"26.06.2020","4.060,0","4.060,0","4.060,0","4.060,0","5,25K","0,00%"
"25.06.2020","4.060,0","4.025,0","4.060,0","4.025,0","30,48K","0,25%"
"24.06.2020","4.050,0","4.020,0","4.050,0","4.000,0","88,08K","-0,25%"
"23.06.2020","4.060,0","4.075,0","4.075,0","4.050,0","805,90K","-0,25%"
"19.06.2020","4.070,0","4.165,0","4.165,0","4.070,0","2,49M","-2,05%"
"18.06.2020","4.155,0","4.100,0","4.155,0","4.090,0","424,85K","1,34%"
"17.06.2020","4.100,0","4.130,0","4.200,0","4.100,0","1,06M","-2,15%"
"16.06.2020","4.190,0","4.195,0","4.215,0","4.190,0","88,89K","-0,12%"
"12.06.2020","4.195,0","4.230,0","4.245,0","4.195,0","159,95K","0,24%"
"11.06.2020","4.185,0","4.195,0","4.195,0","4.185,0","127,63K","-2,79%"
"10.06.2020","4.305,0","4.255,0","4.305,0","4.200,0","420,88K","1,18%"
"09.06.2020","4.255,0","4.220,0","4.255,0","4.180,0","356,33K","0,83%"
"08.06.2020","4.220,0","4.290,0","4.290,0","4.205,0","99,01K","0,48%"
"05.06.2020","4.200,0","4.290,0","4.320,0","4.200,0","177,42K","-1,18%"
"04.06.2020","4.250,0","4.330,0","4.330,0","4.250,0","177,51K","-1,85%"
"03.06.2020","4.330,0","4.015,0","4.330,0","4.015,0","428,94K","6,91%"
"02.06.2020","4.050,0","4.020,0","4.050,0","4.000,0","72,18K","1,25%"
"01.06.2020","4.000,0","4.080,0","4.080,0","4.000,0","141,39K","-1,96%"
"29.05.2020","4.080,0","4.010,0","4.080,0","4.000,0","274,84K","-0,97%"
"28.05.2020","4.120,0","4.060,0","4.145,0","4.000,0","212,92K","1,48%"
"27.05.2020","4.060,0","4.100,0","4.100,0","4.060,0","39,56K","-0,98%"
"26.05.2020","4.100,0","4.140,0","4.140,0","4.080,0","48,20K","-0,73%"
"22.05.2020","4.130,0","4.130,0","4.130,0","4.130,0","2,50K","3,25%"
"21.05.2020","4.000,0","4.040,0","4.040,0","4.000,0","49,64K","-0,99%"
"20.05.2020","4.040,0","4.040,0","4.040,0","4.040,0","44,83K","0,00%"
"19.05.2020","4.040,0","4.110,0","4.110,0","4.040,0","33,90K","-1,46%"
"18.05.2020","4.100,0","4.120,0","4.120,0","4.070,0","82,63K","1,49%"
"15.05.2020","4.040,0","4.040,0","4.040,0","4.040,0","20,48K","0,00%"
"14.05.2020","4.040,0","4.050,0","4.050,0","4.040,0","52,10K","-1,46%"
"13.05.2020","4.100,0","4.170,0","4.170,0","4.020,0","226,25K","-0,61%"
"12.05.2020","4.125,0","4.280,0","4.285,0","4.125,0","46,80K","-1,08%"
"11.05.2020","4.170,0","4.265,0","4.265,0","4.170,0","106,74K","-2,23%"
"08.05.2020","4.265,0","4.300,0","4.300,0","4.265,0","82,93K","-1,84%"
"07.05.2020","4.345,0","4.170,0","4.345,0","4.170,0","93,83K","3,45%"
"06.05.2020","4.200,0","4.170,0","4.200,0","4.170,0","332,16K","0,60%"
"05.05.2020","4.175,0","4.320,0","4.320,0","4.100,0","19,55K","0,00%"
"04.05.2020","4.175,0","4.200,0","4.200,0","4.175,0","96,93K","-0,60%"
"30.04.2020","4.200,0","4.250,0","4.280,0","4.200,0","63,80K","-2,10%"
"29.04.2020","4.290,0","4.330,0","4.330,0","4.270,0","323,41K","-0,46%"
"28.04.2020","4.310,0","4.175,0","4.345,0","4.175,0","72,73K","3,36%"
"27.04.2020","4.170,0","4.285,0","4.285,0","4.160,0","36,62K","-3,02%"
"24.04.2020","4.300,0","4.260,0","4.300,0","4.155,0","247,78K","0,94%"
"23.04.2020","4.260,0","4.195,0","4.260,0","4.085,0","55,73K","1,43%"
"22.04.2020","4.200,0","4.170,0","4.285,0","4.170,0","675,97K","0,72%"
"21.04.2020","4.170,0","4.350,0","4.375,0","4.145,0","76,81K","-6,29%"
"20.04.2020","4.450,0","4.450,0","4.450,0","4.450,0","20,24K","3,49%"
"17.04.2020","4.300,0","4.290,0","4.300,0","4.290,0","76,53K","0,23%"
"16.04.2020","4.290,0","4.290,0","4.300,0","4.290,0","55,10K","0,00%"
"15.04.2020","4.290,0","4.250,0","4.290,0","4.165,0","148,86K","0,00%"
"14.04.2020","4.290,0","4.180,0","4.290,0","4.175,0","238,44K","2,63%"
"08.04.2020","4.180,0","4.180,0","4.180,0","4.180,0","26,47K","1,83%"
"07.04.2020","4.105,0","4.180,0","4.180,0","4.105,0","431,02K","-1,44%"
"06.04.2020","4.165,0","4.180,0","4.180,0","4.165,0","15,65K","1,09%"
"03.04.2020","4.120,0","4.000,0","4.235,0","4.000,0","32,89K","3,00%"
"02.04.2020","4.000,0","4.120,0","4.120,0","4.000,0","315,20K","-2,91%"
"01.04.2020","4.120,0","4.270,0","4.270,0","3.975,0","427,47K","-3,96%"
"31.03.2020","4.290,0","3.950,0","4.290,0","3.950,0","172,69K","7,25%"
"30.03.2020","4.000,0","4.250,0","4.250,0","4.000,0","121,35K","-4,76%"
"27.03.2020","4.200,0","4.220,0","4.330,0","4.200,0","174,65K","-3,45%"
"26.03.2020","4.350,0","4.130,0","4.400,0","4.100,0","177,38K","6,10%"
"25.03.2020","4.100,0","3.905,0","4.190,0","3.905,0","195,05K","4,99%"
"24.03.2020","3.905,0","3.655,0","3.905,0","3.655,0","13,19K","6,84%"
"20.03.2020","3.655,0","3.625,0","3.890,0","3.625,0","756,43K","-1,22%"
"19.03.2020","3.700,0","3.600,0","3.700,0","3.600,0","204,80K","7,25%"
"18.03.2020","3.450,0","3.640,0","3.680,0","3.450,0","196,69K","-4,70%"
"17.03.2020","3.620,0","3.780,0","3.780,0","3.620,0","41,91K","2,84%"
"16.03.2020","3.520,0","3.900,0","3.900,0","3.520,0","611,15K","-14,15%"
"12.03.2020","4.100,0","4.250,0","4.280,0","4.100,0","512,33K","-6,29%"
"11.03.2020","4.375,0","4.405,0","4.450,0","4.375,0","370,90K","-2,99%"
"10.03.2020","4.510,0","4.435,0","4.560,0","4.365,0","933,28K","2,27%"
"09.03.2020","4.410,0","4.500,0","4.500,0","4.250,0","1,57M","-3,40%"
"06.03.2020","4.565,0","4.570,0","4.585,0","4.500,0","452,80K","-0,76%"
"05.03.2020","4.600,0","4.580,0","4.655,0","4.560,0","274,85K","-1,08%"
"04.03.2020","4.650,0","4.690,0","4.690,0","4.580,0","365,33K","1,75%"
"03.03.2020","4.570,0","4.505,0","4.735,0","4.505,0","279,17K","-0,44%"
"02.03.2020","4.590,0","4.505,0","4.595,0","4.505,0","139,91K","2,00%"
"28.02.2020","4.500,0","4.575,0","4.635,0","4.480,0","224,71K","-1,75%"
"27.02.2020","4.580,0","4.680,0","4.680,0","4.535,0","502,93K","-2,55%"
"26.02.2020","4.700,0","4.850,0","4.850,0","4.700,0","289,61K","-2,19%"
"25.02.2020","4.805,0","4.750,0","4.815,0","4.730,0","785,39K","1,16%"
"24.02.2020","4.750,0","4.560,0","4.750,0","4.555,0","440,99K","1,06%"
"21.02.2020","4.700,0","4.575,0","4.760,0","4.500,0","1,46M","2,73%"
"20.02.2020","4.575,0","4.535,0","4.580,0","4.465,0","1,21M","0,88%"
"19.02.2020","4.535,0","4.500,0","4.540,0","4.500,0","151,10K","-0,11%"
"18.02.2020","4.540,0","4.465,0","4.540,0","4.460,0","203,09K","1,45%"
"17.02.2020","4.475,0","4.470,0","4.490,0","4.470,0","76,50K","-0,33%"
"14.02.2020","4.490,0","4.465,0","4.515,0","4.460,0","123,32K","0,67%"
"13.02.2020","4.460,0","4.480,0","4.480,0","4.415,0","66,62K","0,45%"
"12.02.2020","4.440,0","4.440,0","4.460,0","4.400,0","253,36K","0,57%"
"11.02.2020","4.415,0","4.475,0","4.475,0","4.415,0","152,46K","-0,23%"
"10.02.2020","4.425,0","4.450,0","4.450,0","4.425,0","63,15K","-0,56%"
"07.02.2020","4.450,0","4.535,0","4.540,0","4.450,0","113,74K","-1,87%"
"06.02.2020","4.535,0","4.505,0","4.535,0","4.500,0","130,52K","0,33%"
"05.02.2020","4.520,0","4.520,0","4.520,0","4.500,0","97,50K","0,44%"
"04.02.2020","4.500,0","4.520,0","4.535,0","4.500,0","148,31K","-0,55%"
"03.02.2020","4.525,0","4.535,0","4.535,0","4.515,0","60,99K","-0,22%"
"31.01.2020","4.535,0","4.465,0","4.535,0","4.465,0","667,96K","0,11%"
"30.01.2020","4.530,0","4.500,0","4.530,0","4.500,0","113,42K","0,00%"
"29.01.2020","4.530,0","4.500,0","4.530,0","4.495,0","233,00K","0,67%"
"28.01.2020","4.500,0","4.480,0","4.500,0","4.410,0","307,67K","0,22%"
"27.01.2020","4.490,0","4.460,0","4.490,0","4.445,0","219,57K","0,56%"
"24.01.2020","4.465,0","4.510,0","4.510,0","4.465,0","195,44K","-1,54%"
"23.01.2020","4.535,0","4.430,0","4.545,0","4.430,0","391,85K","1,23%"
"22.01.2020","4.480,0","4.400,0","4.480,0","4.400,0","39,60K","1,36%"
"21.01.2020","4.420,0","4.365,0","4.420,0","4.365,0","88,68K","1,61%"
"20.01.2020","4.350,0","4.360,0","4.360,0","4.350,0","10,56K","-0,80%"
"17.01.2020","4.385,0","4.365,0","4.385,0","4.365,0","54,04K","-0,23%"
"16.01.2020","4.395,0","4.400,0","4.400,0","4.380,0","49,21K","0,34%"
"15.01.2020","4.380,0","4.415,0","4.485,0","4.380,0","148,17K","-0,79%"
"14.01.2020","4.415,0","4.460,0","4.475,0","4.410,0","139,08K","-1,01%"
"13.01.2020","4.460,0","4.515,0","4.540,0","4.460,0","169,41K","-1,22%"
"10.01.2020","4.515,0","4.480,0","4.515,0","4.475,0","285,96K","0,78%"
"09.01.2020","4.480,0","4.495,0","4.500,0","4.480,0","87,45K","0,11%"
"08.01.2020","4.475,0","4.470,0","4.480,0","4.470,0","48,43K","-0,11%"
"07.01.2020","4.480,0","4.460,0","4.480,0","4.460,0","63,03K","-0,22%"
"03.01.2020","4.490,0","4.490,0","4.490,0","4.490,0","18,02K","2,05%"
"02.01.2020","4.400,0","4.385,0","4.490,0","4.385,0","15,66K","-0,23%"
"30.12.2019","4.410,0","4.460,0","4.500,0","4.410,0","47,32K","-1,34%"
"27.12.2019","4.470,0","4.420,0","4.470,0","4.420,0","22,63K","1,36%"
"26.12.2019","4.410,0","4.410,0","4.410,0","4.410,0","6,00K","-1,56%"
"24.12.2019","4.480,0","4.490,0","4.500,0","4.480,0","110,64K","-0,44%"
"23.12.2019","4.500,0","4.350,0","4.500,0","4.350,0","264,38K","2,74%"
"20.12.2019","4.380,0","4.390,0","4.480,0","4.380,0","296,71K","-0,23%"
"19.12.2019","4.390,0","4.400,0","4.410,0","4.390,0","107,78K","-0,23%"
"18.12.2019","4.400,0","4.430,0","4.430,0","4.400,0","707,03K","-0,56%"
"17.12.2019","4.425,0","4.420,0","4.425,0","4.400,0","38,43K","-0,11%"
"16.12.2019","4.430,0","4.400,0","4.430,0","4.400,0","249,97K","0,68%"
"13.12.2019","4.400,0","4.400,0","4.415,0","4.400,0","206,32K","-0,34%"
"12.12.2019","4.415,0","4.410,0","4.420,0","4.405,0","632,73K","0,00%"
"11.12.2019","4.415,0","4.415,0","4.420,0","4.405,0","72,45K","0,11%"
"10.12.2019","4.410,0","4.400,0","4.410,0","4.370,0","66,58K","0,23%"
"09.12.2019","4.400,0","4.400,0","4.420,0","4.400,0","154,19K","-0,45%"
"06.12.2019","4.420,0","4.360,0","4.420,0","4.360,0","84,87K","0,91%"
"05.12.2019","4.380,0","4.400,0","4.400,0","4.380,0","30,85K","0,69%"
"04.12.2019","4.350,0","4.415,0","4.415,0","4.350,0","116,56K","-1,58%"
"03.12.2019","4.420,0","4.400,0","4.420,0","4.365,0","267,98K","0,34%"
"02.12.2019","4.405,0","4.355,0","4.415,0","4.355,0","236,75K","-0,23%"
"29.11.2019","4.415,0","4.400,0","4.415,0","4.350,0","2,93M","0,34%"
"28.11.2019","4.400,0","4.385,0","4.400,0","4.380,0","137,00K","0,23%"
"27.11.2019","4.390,0","4.370,0","4.410,0","4.370,0","83,37K","-0,68%"
"26.11.2019","4.420,0","4.365,0","4.420,0","4.365,0","524,60K","0,45%"
"25.11.2019","4.400,0","4.400,0","4.400,0","4.350,0","3,16M","0,00%"
"22.11.2019","4.400,0","4.395,0","4.400,0","4.390,0","307,13K","0,11%"
"21.11.2019","4.395,0","4.350,0","4.395,0","4.350,0","62,24K","1,15%"
"20.11.2019","4.345,0","4.320,0","4.345,0","4.320,0","51,46K","0,58%"
"19.11.2019","4.320,0","4.330,0","4.330,0","4.320,0","11,37K","-0,46%"
"18.11.2019","4.340,0","4.320,0","4.340,0","4.320,0","75,70K","0,00%"
"15.11.2019","4.340,0","4.320,0","4.340,0","4.310,0","29,67K","-0,23%"
"14.11.2019","4.350,0","4.350,0","4.350,0","4.350,0","29,78K","0,69%"
"13.11.2019","4.320,0","4.335,0","4.335,0","4.320,0","62,80K","-1,82%"
"12.11.2019","4.400,0","4.400,0","4.400,0","4.345,0","91,67K","0,46%"
"08.11.2019","4.380,0","4.400,0","4.400,0","4.320,0","119,77K","1,39%"
"07.11.2019","4.320,0","4.385,0","4.425,0","4.320,0","103,27K","-2,48%"
"06.11.2019","4.430,0","4.435,0","4.435,0","4.430,0","108,14K","-0,45%"
"05.11.2019","4.450,0","4.450,0","4.480,0","4.415,0","106,62K","0,00%"
"01.11.2019","4.450,0","4.420,0","4.455,0","4.350,0","1,08M","2,30%"
"31.10.2019","4.350,0","4.370,0","4.370,0","4.345,0","299,83K","-0,57%"
"30.10.2019","4.375,0","4.370,0","4.405,0","4.370,0","42,84K","-0,34%"
"29.10.2019","4.390,0","4.330,0","4.400,0","4.330,0","955,98K","1,39%"
"28.10.2019","4.330,0","4.355,0","4.355,0","4.320,0","100,79K","-0,46%"
"25.10.2019","4.350,0","4.330,0","4.380,0","4.330,0","408,08K","0,93%"
"24.10.2019","4.310,0","4.285,0","4.310,0","4.275,0","98,10K","0,23%"
"23.10.2019","4.300,0","4.310,0","4.345,0","4.300,0","171,80K","-0,81%"
"22.10.2019","4.335,0","4.345,0","4.355,0","4.335,0","71,32K","-0,23%"
"21.10.2019","4.345,0","4.280,0","4.345,0","4.235,0","156,25K","1,52%"
"18.10.2019","4.280,0","4.300,0","4.330,0","4.270,0","198,27K","-0,58%"
"17.10.2019","4.305,0","4.280,0","4.325,0","4.280,0","464,12K","-0,81%"
"15.10.2019","4.340,0","4.295,0","4.360,0","4.295,0","97,82K","1,05%"
"11.10.2019","4.295,0","4.340,0","4.340,0","4.260,0","653,48K","-0,35%"
"10.10.2019","4.310,0","4.355,0","4.355,0","4.310,0","147,86K","-1,03%"
"09.10.2019","4.355,0","4.360,0","4.365,0","4.335,0","82,10K","-0,11%"
"08.10.2019","4.360,0","4.305,0","4.360,0","4.305,0","6,79K","-0,11%"
"07.10.2019","4.365,0","4.385,0","4.385,0","4.365,0","43,82K","0,46%"
"04.10.2019","4.345,0","4.385,0","4.385,0","4.345,0","19,35K","-0,11%"
"03.10.2019","4.350,0","4.375,0","4.375,0","4.315,0","158,88K","0,69%"
"02.10.2019","4.320,0","4.300,0","4.385,0","4.300,0","201,51K","-1,37%"
"01.10.2019","4.380,0","4.295,0","4.400,0","4.270,0","177,92K","0,69%"
"30.09.2019","4.350,0","4.455,0","4.460,0","4.350,0","95,88K","-2,47%"
"27.09.2019","4.460,0","4.450,0","4.480,0","4.415,0","40,92K","-0,67%"
"26.09.2019","4.490,0","4.340,0","4.490,0","4.340,0","326,87K","3,22%"
"25.09.2019","4.350,0","4.310,0","4.350,0","4.290,0","55,26K","0,93%"
"24.09.2019","4.310,0","4.290,0","4.330,0","4.285,0","476,69K","-0,46%"
"23.09.2019","4.330,0","4.340,0","4.340,0","4.295,0","192,17K","0,93%"
"20.09.2019","4.290,0","4.300,0","4.345,0","4.290,0","929,50K","-1,27%"
"19.09.2019","4.345,0","4.335,0","4.345,0","4.305,0","429,91K","-0,11%"
"18.09.2019","4.350,0","4.385,0","4.385,0","4.350,0","70,96K","-0,68%"
"17.09.2019","4.380,0","4.265,0","4.380,0","4.260,0","458,08K","0,69%"
"16.09.2019","4.350,0","4.375,0","4.375,0","4.325,0","225,34K","0,00%"
"13.09.2019","4.350,0","4.390,0","4.390,0","4.350,0","45,67K","-0,80%"
"12.09.2019","4.385,0","4.345,0","4.395,0","4.320,0","1,54M","2,21%"
"11.09.2019","4.290,0","4.385,0","4.385,0","4.280,0","58,38K","-1,94%"
"10.09.2019","4.375,0","4.385,0","4.400,0","4.360,0","42,56K","-0,23%"
"09.09.2019","4.385,0","4.350,0","4.385,0","4.340,0","75,87K","1,27%"
"06.09.2019","4.330,0","4.355,0","4.355,0","4.330,0","79,36K","0,00%"
"05.09.2019","4.330,0","4.320,0","4.360,0","4.320,0","231,13K","-0,69%"
"03.09.2019","4.360,0","4.350,0","4.380,0","4.345,0","253,48K","0,23%"
"02.09.2019","4.350,0","4.295,0","4.350,0","4.290,0","49,48K","1,40%"
"30.08.2019","4.290,0","4.300,0","4.335,0","4.250,0","107,45K","-0,23%"
"29.08.2019","4.300,0","4.295,0","4.320,0","4.280,0","178,74K","0,00%"
"28.08.2019","4.300,0","4.350,0","4.350,0","4.295,0","104,98K","1,18%"
"27.08.2019","4.250,0","4.285,0","4.300,0","4.250,0","65,13K","-0,82%"
"26.08.2019","4.285,0","4.300,0","4.340,0","4.280,0","47,36K","-1,49%"
"23.08.2019","4.350,0","4.345,0","4.350,0","4.345,0","39,06K","-0,11%"
"22.08.2019","4.355,0","4.300,0","4.360,0","4.300,0","57,41K","-0,11%"
"21.08.2019","4.360,0","4.355,0","4.360,0","4.345,0","708,32K","-0,57%"
"20.08.2019","4.385,0","4.415,0","4.415,0","4.385,0","81,29K","-0,79%"
"16.08.2019","4.420,0","4.345,0","4.420,0","4.335,0","339,67K","1,73%"
"15.08.2019","4.345,0","4.375,0","4.375,0","4.280,0","314,27K","-0,57%"
"14.08.2019","4.370,0","4.365,0","4.370,0","4.200,0","82,13K","-2,24%"
"13.08.2019","4.470,0","4.445,0","4.480,0","4.385,0","154,03K","0,45%"
"12.08.2019","4.450,0","4.370,0","4.450,0","4.370,0","67,00K","0,00%"
"09.08.2019","4.450,0","4.425,0","4.490,0","4.400,0","225,90K","1,60%"
"08.08.2019","4.380,0","4.360,0","4.380,0","4.360,0","61,81K","3,55%"
"06.08.2019","4.230,0","4.335,0","4.335,0","4.230,0","513,68K","2,05%"
"05.08.2019","4.145,0","4.350,0","4.380,0","4.145,0","131,17K","-6,96%"
"02.08.2019","4.455,0","4.400,0","4.455,0","4.400,0","139,26K","2,41%"
"01.08.2019","4.350,0","4.495,0","4.495,0","4.340,0","77,73K","-2,25%"
"31.07.2019","4.450,0","4.500,0","4.500,0","4.425,0","560,77K","-1,11%"
"30.07.2019","4.500,0","4.500,0","4.500,0","4.415,0","1,11M","0,00%"
"29.07.2019","4.500,0","4.415,0","4.500,0","4.415,0","43,99K","0,33%"
"26.07.2019","4.485,0","4.490,0","4.490,0","4.485,0","67,20K","-0,22%"
"25.07.2019","4.495,0","4.495,0","4.495,0","4.485,0","261,88K","0,22%"
"24.07.2019","4.485,0","4.490,0","4.500,0","4.480,0","239,75K","-0,11%"
"23.07.2019","4.490,0","4.445,0","4.500,0","4.445,0","157,46K","1,01%"
"22.07.2019","4.445,0","4.495,0","4.495,0","4.435,0","49,17K","-1,11%"
"19.07.2019","4.495,0","4.420,0","4.515,0","4.420,0","94,77K","-0,11%"
"18.07.2019","4.500,0","4.500,0","4.500,0","4.490,0","1,73M","-0,22%"
"17.07.2019","4.510,0","4.570,0","4.570,0","4.510,0","104,73K","-1,31%"
"16.07.2019","4.570,0","4.560,0","4.580,0","4.560,0","329,95K","0,22%"
"15.07.2019","4.560,0","4.500,0","4.560,0","4.490,0","50,37K","0,00%"
"12.07.2019","4.560,0","4.545,0","4.560,0","4.540,0","134,73K","0,11%"
"11.07.2019","4.555,0","4.505,0","4.555,0","4.400,0","133,85K","0,00%"
"10.07.2019","4.555,0","4.500,0","4.585,0","4.495,0","365,53K","1,22%"
"09.07.2019","4.500,0","4.430,0","4.500,0","4.420,0","236,41K","1,69%"
"08.07.2019","4.425,0","4.425,0","4.475,0","4.425,0","421,71K","0,00%"
"05.07.2019","4.425,0","4.390,0","4.430,0","4.375,0","224,38K","1,61%"
"04.07.2019","4.355,0","4.385,0","4.385,0","4.330,0","37,12K","0,00%"
"03.07.2019","4.355,0","4.395,0","4.395,0","4.355,0","109,33K","-0,91%"
"02.07.2019","4.395,0","4.350,0","4.445,0","4.350,0","100,38K","1,15%"
"28.06.2019","4.345,0","4.345,0","4.350,0","4.345,0","34,58K","0,70%"
"27.06.2019","4.315,0","4.340,0","4.340,0","4.270,0","63,73K","0,94%"
"26.06.2019","4.275,0","4.255,0","4.300,0","4.255,0","80,94K","0,47%"
"25.06.2019","4.255,0","4.275,0","4.275,0","4.250,0","68,24K","-0,35%"
"21.06.2019","4.270,0","4.285,0","4.320,0","4.265,0","139,74K","0,12%"
"20.06.2019","4.265,0","4.240,0","4.265,0","4.235,0","41,66K","1,07%"
"19.06.2019","4.220,0","4.275,0","4.275,0","4.220,0","52,76K","-0,35%"
"18.06.2019","4.235,0","4.230,0","4.300,0","4.230,0","188,19K","0,24%"
"17.06.2019","4.225,0","4.290,0","4.290,0","4.225,0","73,02K","-0,59%"
"14.06.2019","4.250,0","4.205,0","4.300,0","4.205,0","139,20K","0,83%"
"13.06.2019","4.215,0","4.250,0","4.250,0","4.205,0","95,75K","-0,47%"
"12.06.2019","4.235,0","4.240,0","4.240,0","4.235,0","15,49K","1,68%"
"11.06.2019","4.165,0","4.245,0","4.245,0","4.165,0","44,73K","-0,95%"
"10.06.2019","4.205,0","4.145,0","4.240,0","4.145,0","91,35K","0,36%"
"07.06.2019","4.190,0","4.100,0","4.195,0","4.100,0","189,71K","2,20%"
"06.06.2019","4.100,0","3.990,0","4.100,0","3.990,0","177,40K","0,61%"
"05.06.2019","4.075,0","4.160,0","4.160,0","4.075,0","38,90K","-1,33%"
"04.06.2019","4.130,0","4.240,0","4.240,0","4.105,0","239,73K","-2,59%"
"31.05.2019","4.240,0","4.225,0","4.250,0","4.190,0","72,92K","0,00%"
"30.05.2019","4.240,0","4.205,0","4.290,0","4.205,0","67,48K","0,36%"
"29.05.2019","4.225,0","4.340,0","4.340,0","4.225,0","103,97K","-1,74%"
"28.05.2019","4.300,0","4.250,0","4.350,0","4.250,0","155,10K","-1,49%"
"27.05.2019","4.365,0","4.105,0","4.375,0","4.105,0","21,78K","0,00%"
"24.05.2019","4.365,0","4.060,0","4.375,0","4.060,0","1,11M","3,93%"
"23.05.2019","4.200,0","4.120,0","4.200,0","4.100,0","57,66K","1,08%"
"22.05.2019","4.155,0","4.280,0","4.385,0","4.155,0","170,59K","-2,92%"
"21.05.2019","4.280,0","4.235,0","4.280,0","4.235,0","224,21K","0,00%"
"20.05.2019","4.280,0","4.200,0","4.300,0","4.160,0","37,80K","0,12%"
"17.05.2019","4.275,0","4.305,0","4.305,0","4.275,0","187,06K","-0,70%"
"16.05.2019","4.305,0","4.315,0","4.315,0","4.300,0","242,89K","-0,12%"
"15.05.2019","4.310,0","4.350,0","4.350,0","4.310,0","48,22K","-1,82%"
"14.05.2019","4.390,0","4.305,0","4.395,0","4.305,0","243,90K","2,09%"
"13.05.2019","4.300,0","4.360,0","4.360,0","4.300,0","70,96K","-1,49%"
"10.05.2019","4.365,0","4.365,0","4.375,0","4.350,0","89,73K","0,00%"
"09.05.2019","4.365,0","4.450,0","4.450,0","4.365,0","107,82K","0,00%"
"08.05.2019","4.365,0","4.360,0","4.430,0","4.360,0","115,15K","-1,13%"
"07.05.2019","4.415,0","4.425,0","4.425,0","4.415,0","19,46K","-1,12%"
"06.05.2019","4.465,0","4.545,0","4.545,0","4.465,0","67,85K","-0,78%"
"03.05.2019","4.500,0","4.570,0","4.570,0","4.500,0","130,00K","-0,88%"
"02.05.2019","4.540,0","4.450,0","4.560,0","4.450,0","241,98K","1,34%"
"30.04.2019","4.480,0","4.590,0","4.590,0","4.450,0","335,85K","-3,03%"
"29.04.2019","4.620,0","4.605,0","4.620,0","4.590,0","195,95K","0,43%"
"26.04.2019","4.600,0","4.600,0","4.605,0","4.595,0","286,71K","0,00%"
"25.04.2019","4.600,0","4.595,0","4.605,0","4.505,0","312,58K","0,11%"
"24.04.2019","4.595,0","4.550,0","4.605,0","4.530,0","630,25K","0,99%"
"23.04.2019","4.550,0","4.540,0","4.555,0","4.490,0","302,23K","0,22%"
"22.04.2019","4.540,0","4.600,0","4.600,0","4.540,0","28,04K","0,67%"
"17.04.2019","4.510,0","4.580,0","4.580,0","4.510,0","114,32K","-1,42%"
"16.04.2019","4.575,0","4.570,0","4.575,0","4.535,0","368,53K","0,66%"
"15.04.2019","4.545,0","4.625,0","4.625,0","4.545,0","55,66K","-1,09%"
"12.04.2019","4.595,0","4.665,0","4.665,0","4.595,0","52,03K","-0,11%"
"11.04.2019","4.600,0","4.620,0","4.680,0","4.555,0","184,80K","-0,86%"
"10.04.2019","4.640,0","4.600,0","4.640,0","4.595,0","1,65M","0,87%"
"09.04.2019","4.600,0","4.550,0","4.635,0","4.540,0","762,20K","0,88%"
"08.04.2019","4.560,0","4.570,0","4.570,0","4.515,0","290,51K","-0,33%"
"05.04.2019","4.575,0","4.495,0","4.575,0","4.455,0","206,68K","3,04%"
"04.04.2019","4.440,0","4.445,0","4.455,0","4.410,0","132,92K","0,00%"
"03.04.2019","4.440,0","4.380,0","4.440,0","4.370,0","323,89K","1,60%"
"02.04.2019","4.370,0","4.335,0","4.415,0","4.335,0","336,61K","1,16%"
"01.04.2019","4.320,0","4.445,0","4.445,0","4.320,0","76,52K","-2,48%"
"29.03.2019","4.430,0","4.480,0","4.485,0","4.430,0","91,46K","-0,78%"
"28.03.2019","4.465,0","4.500,0","4.500,0","4.460,0","298,57K","-0,33%"
"27.03.2019","4.480,0","4.540,0","4.540,0","4.460,0","308,37K","-2,18%"
"26.03.2019","4.580,0","4.500,0","4.590,0","4.500,0","48,55K","0,99%"
"22.03.2019","4.535,0","4.590,0","4.590,0","4.490,0","157,67K","-1,31%"
"21.03.2019","4.595,0","4.595,0","4.645,0","4.595,0","197,93K","-0,11%"
"20.03.2019","4.600,0","4.585,0","4.600,0","4.555,0","322,72K","0,33%"
"19.03.2019","4.585,0","4.595,0","4.600,0","4.530,0","87,33K","-0,33%"
"18.03.2019","4.600,0","4.480,0","4.600,0","4.480,0","558,83K","3,37%"
"15.03.2019","4.450,0","4.440,0","4.525,0","4.440,0","678,69K","0,23%"
"14.03.2019","4.440,0","4.380,0","4.440,0","4.380,0","306,79K","0,91%"
"13.03.2019","4.400,0","4.395,0","4.400,0","4.370,0","377,38K","0,11%"
"12.03.2019","4.395,0","4.390,0","4.400,0","4.390,0","194,28K","0,00%"
"11.03.2019","4.395,0","4.390,0","4.400,0","4.360,0","256,48K","0,69%"
"08.03.2019","4.365,0","4.360,0","4.365,0","4.320,0","87,83K","0,00%"
"07.03.2019","4.365,0","4.385,0","4.395,0","4.365,0","1,03M","0,00%"
"06.03.2019","4.365,0","4.365,0","4.405,0","4.365,0","113,33K","0,00%"
"05.03.2019","4.365,0","4.430,0","4.435,0","4.365,0","112,47K","-0,80%"
"04.03.2019","4.400,0","4.400,0","4.430,0","4.400,0","106,21K","0,00%"
"01.03.2019","4.400,0","4.400,0","4.400,0","4.365,0","73,88K","0,00%"
"28.02.2019","4.400,0","4.400,0","4.420,0","4.395,0","2,88M","0,11%"
"27.02.2019","4.395,0","4.440,0","4.440,0","4.390,0","637,81K","-1,01%"
"26.02.2019","4.440,0","4.380,0","4.440,0","4.360,0","402,87K","2,07%"
"25.02.2019","4.350,0","4.355,0","4.355,0","4.350,0","18,51K","-0,80%"
"22.02.2019","4.385,0","4.390,0","4.390,0","4.350,0","221,61K","0,23%"
"21.02.2019","4.375,0","4.335,0","4.400,0","4.335,0","195,94K","0,34%"
"20.02.2019","4.360,0","4.330,0","4.360,0","4.330,0","400,79K","0,00%"
"19.02.2019","4.360,0","4.315,0","4.360,0","4.300,0","86,51K","0,35%"
"18.02.2019","4.345,0","4.350,0","4.350,0","4.305,0","183,17K","0,70%"
"15.02.2019","4.315,0","4.295,0","4.315,0","4.295,0","73,54K","0,47%"
"14.02.2019","4.295,0","4.300,0","4.300,0","4.290,0","288,78K","0,00%"
"13.02.2019","4.295,0","4.300,0","4.315,0","4.295,0","148,15K","-0,46%"
"12.02.2019","4.315,0","4.300,0","4.315,0","4.270,0","54,31K","0,94%"
"11.02.2019","4.275,0","4.260,0","4.275,0","4.260,0","16,36K","-0,58%"
"08.02.2019","4.300,0","4.260,0","4.315,0","4.260,0","149,34K","0,00%"
"07.02.2019","4.300,0","4.305,0","4.310,0","4.285,0","459,48K","-0,12%"
"06.02.2019","4.305,0","4.345,0","4.360,0","4.300,0","536,52K","-1,94%"
"05.02.2019","4.390,0","4.350,0","4.405,0","4.350,0","548,48K","0,92%"
"04.02.2019","4.350,0","4.310,0","4.350,0","4.280,0","101,11K","2,11%"
"01.02.2019","4.260,0","4.220,0","4.290,0","4.220,0","40,10K","-0,58%"
"31.01.2019","4.285,0","4.280,0","4.325,0","4.280,0","1,36M","-0,92%"
"30.01.2019","4.325,0","4.300,0","4.330,0","4.280,0","409,51K","1,05%"
"29.01.2019","4.280,0","4.200,0","4.305,0","4.200,0","687,36K","2,15%"
"28.01.2019","4.190,0","4.090,0","4.190,0","4.090,0","347,27K","2,44%"
"25.01.2019","4.090,0","4.085,0","4.185,0","4.080,0","1,81M","0,25%"
"24.01.2019","4.080,0","4.070,0","4.085,0","4.055,0","1,22M","0,25%"
"23.01.2019","4.070,0","4.010,0","4.100,0","4.010,0","971,79K","1,50%"
"22.01.2019","4.010,0","3.990,0","4.010,0","3.990,0","1,25M","1,26%"
"21.01.2019","3.960,0","3.955,0","3.960,0","3.955,0","25,19K","0,13%"
"18.01.2019","3.955,0","3.930,0","4.000,0","3.930,0","2,26M","-0,50%"
"17.01.2019","3.975,0","3.995,0","3.995,0","3.975,0","15,00K","-0,63%"
"16.01.2019","4.000,0","3.940,0","4.000,0","3.940,0","321,91K","1,52%"
"15.01.2019","3.940,0","3.940,0","3.950,0","3.940,0","190,54K","-0,25%"
"14.01.2019","3.950,0","4.000,0","4.000,0","3.940,0","71,50K","-0,25%"
"11.01.2019","3.960,0","3.940,0","3.960,0","3.940,0","397,50K","0,38%"
"10.01.2019","3.945,0","3.945,0","3.955,0","3.940,0","120,88K","0,64%"
"09.01.2019","3.920,0","3.920,0","3.920,0","3.910,0","63,79K","-1,75%"
"08.01.2019","3.990,0","3.920,0","3.990,0","3.920,0","189,63K","1,79%"
"04.01.2019","3.920,0","3.900,0","4.020,0","3.900,0","84,18K","0,51%"
"03.01.2019","3.900,0","3.980,0","3.980,0","3.900,0","15,99K","-2,50%"
"28.12.2018","4.000,0","4.000,0","4.000,0","4.000,0","34,98K","0,00%"
"27.12.2018","4.000,0","4.000,0","4.000,0","4.000,0","18,60K","0,00%"
"26.12.2018","4.000,0","3.900,0","4.000,0","3.900,0","20,79K","2,56%"
"24.12.2018","3.900,0","4.000,0","4.000,0","3.900,0","13,58K","0,00%"
"21.12.2018","3.900,0","3.900,0","4.000,0","3.900,0","311,89K","0,65%"
"20.12.2018","3.875,0","3.950,0","3.950,0","3.855,0","87,90K","0,52%"
"19.12.2018","3.855,0","3.835,0","3.885,0","3.835,0","478,08K","0,52%"
"18.12.2018","3.835,0","3.920,0","3.920,0","3.835,0","52,79K","-0,39%"
"17.12.2018","3.850,0","3.810,0","3.900,0","3.810,0","250,63K","-1,16%"
"14.12.2018","3.895,0","3.900,0","3.925,0","3.880,0","169,24K","-0,89%"
"13.12.2018","3.930,0","3.910,0","3.955,0","3.910,0","73,06K","-0,51%"
"12.12.2018","3.950,0","3.970,0","3.970,0","3.900,0","553,58K","-0,50%"
"11.12.2018","3.970,0","3.980,0","3.980,0","3.970,0","79,81K","-0,25%"
"10.12.2018","3.980,0","3.995,0","4.000,0","3.980,0","342,97K","-0,38%"
"07.12.2018","3.995,0","3.985,0","4.000,0","3.900,0","201,90K","0,25%"
"06.12.2018","3.985,0","3.930,0","3.995,0","3.930,0","58,58K","-0,38%"
"05.12.2018","4.000,0","4.000,0","4.000,0","4.000,0","25,00K","0,00%"
"04.12.2018","4.000,0","4.000,0","4.060,0","4.000,0","84,81K","-1,84%"
"03.12.2018","4.075,0","4.000,0","4.100,0","3.990,0","237,22K","1,88%"
"30.11.2018","4.000,0","3.940,0","4.000,0","3.940,0","158,20K","1,65%"
"29.11.2018","3.935,0","3.940,0","3.980,0","3.905,0","197,97K","-1,63%"
"28.11.2018","4.000,0","3.930,0","4.000,0","3.800,0","643,03K","1,78%"
"27.11.2018","3.930,0","3.950,0","3.950,0","3.930,0","130,44K","0,00%"
"26.11.2018","3.930,0","3.940,0","3.975,0","3.910,0","226,15K","-1,50%"
"23.11.2018","3.990,0","3.990,0","3.990,0","3.990,0","25,80K","-0,25%"
"22.11.2018","4.000,0","3.900,0","4.000,0","3.900,0","40,00K","0,00%"
"21.11.2018","4.000,0","4.025,0","4.100,0","3.940,0","198,70K","-0,50%"
"20.11.2018","4.020,0","4.155,0","4.155,0","4.020,0","127,31K","-1,95%"
"19.11.2018","4.100,0","4.115,0","4.115,0","4.100,0","11,27K","-1,56%"
"16.11.2018","4.165,0","4.210,0","4.210,0","4.165,0","70,32K","-2,00%"
"15.11.2018","4.250,0","4.295,0","4.295,0","4.250,0","42,29K","-0,47%"
"14.11.2018","4.270,0","4.335,0","4.335,0","4.270,0","39,69K","1,67%"
"13.11.2018","4.200,0","4.300,0","4.300,0","4.180,0","270,06K","-4,33%"
"09.11.2018","4.390,0","4.430,0","4.430,0","4.390,0","11,86K","4,65%"
"08.11.2018","4.195,0","4.145,0","4.195,0","4.145,0","132,99K","1,21%"
"07.11.2018","4.145,0","4.120,0","4.150,0","4.120,0","152,14K","0,00%"
"06.11.2018","4.145,0","4.140,0","4.145,0","4.140,0","135,65K","0,00%"
"02.11.2018","4.145,0","4.095,0","4.190,0","4.095,0","63,33K","2,60%"
"01.11.2018","4.040,0","3.980,0","4.045,0","3.980,0","478,22K","1,51%"
"31.10.2018","3.980,0","3.980,0","3.980,0","3.980,0","649,44K","-2,93%"
"30.10.2018","4.100,0","4.020,0","4.100,0","4.020,0","246,55K","1,99%"
"29.10.2018","4.020,0","4.015,0","4.025,0","4.005,0","141,63K","0,00%"
"26.10.2018","4.020,0","3.925,0","4.030,0","3.925,0","122,09K","0,50%"
"25.10.2018","4.000,0","4.200,0","4.280,0","4.000,0","84,62K","-2,68%"
"24.10.2018","4.110,0","4.205,0","4.205,0","4.110,0","796,67K","-3,07%"
"23.10.2018","4.240,0","4.155,0","4.240,0","4.150,0","707,74K","-0,59%"
"22.10.2018","4.265,0","4.180,0","4.265,0","4.180,0","284,63K","1,31%"
"19.10.2018","4.210,0","4.205,0","4.210,0","4.195,0","95,17K","-0,24%"
"18.10.2018","4.220,0","4.210,0","4.250,0","4.210,0","421,12K","0,12%"
"17.10.2018","4.215,0","4.200,0","4.215,0","4.200,0","47,63K","2,55%"
"16.10.2018","4.110,0","4.300,0","4.320,0","4.110,0","252,09K","-5,30%"
"12.10.2018","4.340,0","4.315,0","4.380,0","4.315,0","84,89K","0,58%"
"11.10.2018","4.315,0","4.285,0","4.385,0","4.280,0","254,55K","0,12%"
"10.10.2018","4.310,0","4.320,0","4.320,0","4.310,0","44,52K","-1,71%"
"09.10.2018","4.385,0","4.320,0","4.385,0","4.300,0","165,84K","-0,11%"
"05.10.2018","4.390,0","4.380,0","4.390,0","4.350,0","192,46K","-0,23%"
"04.10.2018","4.400,0","4.400,0","4.460,0","4.365,0","86,73K","0,69%"
"03.10.2018","4.370,0","4.350,0","4.385,0","4.345,0","152,27K","0,58%"
"02.10.2018","4.345,0","4.340,0","4.360,0","4.340,0","396,85K","0,00%"
"01.10.2018","4.345,0","4.380,0","4.400,0","4.340,0","500,06K","0,12%"
"28.09.2018","4.340,0","4.330,0","4.345,0","4.330,0","54,97K","-1,59%"
"27.09.2018","4.410,0","4.460,0","4.460,0","4.410,0","68,19K","-2,00%"
"26.09.2018","4.500,0","4.405,0","4.500,0","4.405,0","2,02M","1,47%"
"25.09.2018","4.435,0","4.460,0","4.460,0","4.430,0","837,09K","-0,56%"
"24.09.2018","4.460,0","4.535,0","4.535,0","4.460,0","40,83K","-2,19%"
"21.09.2018","4.560,0","4.410,0","4.560,0","4.410,0","1,30M","3,52%"
"20.09.2018","4.405,0","4.400,0","4.420,0","4.400,0","80,06K","0,11%"
"19.09.2018","4.400,0","4.335,0","4.400,0","4.305,0","683,92K","0,00%"
"18.09.2018","4.400,0","4.390,0","4.400,0","4.390,0","38,32K","-0,68%"
"17.09.2018","4.430,0","4.435,0","4.435,0","4.430,0","905,34K","0,00%"
"14.09.2018","4.430,0","4.445,0","4.455,0","4.430,0","77,55K","-1,12%"
"13.09.2018","4.480,0","4.475,0","4.480,0","4.475,0","56,94K","0,00%"
"12.09.2018","4.480,0","4.500,0","4.500,0","4.460,0","502,97K","-0,33%"
"11.09.2018","4.495,0","4.480,0","4.495,0","4.460,0","262,12K","0,33%"
"10.09.2018","4.480,0","4.480,0","4.485,0","4.480,0","107,10K","0,00%"
"07.09.2018","4.480,0","4.480,0","4.480,0","4.480,0","19,35K","-0,44%"
"06.09.2018","4.500,0","4.490,0","4.500,0","4.480,0","178,98K","0,11%"
"05.09.2018","4.495,0","4.510,0","4.510,0","4.495,0","59,42K","-0,44%"
"04.09.2018","4.515,0","4.495,0","4.525,0","4.495,0","1,19M","0,44%"
"03.09.2018","4.495,0","4.495,0","4.495,0","4.495,0","9,28K","-0,66%"
"31.08.2018","4.525,0","4.490,0","4.525,0","4.490,0","193,12K","0,00%"
"30.08.2018","4.525,0","4.525,0","4.525,0","4.505,0","762,73K","0,11%"
"29.08.2018","4.520,0","4.515,0","4.530,0","4.515,0","98,86K","0,00%"
"28.08.2018","4.520,0","4.510,0","4.520,0","4.500,0","167,23K","0,22%"
"27.08.2018","4.510,0","4.500,0","4.510,0","4.500,0","111,37K","0,22%"
"24.08.2018","4.500,0","4.510,0","4.510,0","4.500,0","592,61K","-0,11%"
"23.08.2018","4.505,0","4.500,0","4.510,0","4.500,0","1,10M","-0,22%"
"22.08.2018","4.515,0","4.515,0","4.515,0","4.505,0","1,12M","0,11%"
"21.08.2018","4.510,0","4.495,0","4.510,0","4.490,0","54,17K","0,22%"
"17.08.2018","4.500,0","4.505,0","4.505,0","4.500,0","456,64K","-0,11%"
"16.08.2018","4.505,0","4.510,0","4.530,0","4.505,0","150,28K","0,11%"
"15.08.2018","4.500,0","4.515,0","4.515,0","4.500,0","210,72K","0,00%"
"14.08.2018","4.500,0","4.495,0","4.510,0","4.495,0","52,61K","0,45%"
"13.08.2018","4.480,0","4.500,0","4.510,0","4.480,0","1,69M","-0,44%"
"10.08.2018","4.500,0","4.500,0","4.510,0","4.500,0","628,17K","-0,11%"
"09.08.2018","4.505,0","4.500,0","4.570,0","4.500,0","965,87K","0,11%"
"08.08.2018","4.500,0","4.400,0","4.500,0","4.400,0","202,04K","0,33%"
"03.08.2018","4.485,0","4.510,0","4.510,0","4.480,0","69,35K","0,11%"
"02.08.2018","4.480,0","4.500,0","4.510,0","4.480,0","101,66K","-0,55%"
"01.08.2018","4.505,0","4.520,0","4.520,0","4.495,0","126,43K","0,33%"
"31.07.2018","4.490,0","4.530,0","4.550,0","4.490,0","930,43K","-0,77%"
"30.07.2018","4.525,0","4.510,0","4.525,0","4.510,0","87,71K","0,33%"
"27.07.2018","4.510,0","4.485,0","4.520,0","4.485,0","895,32K","0,00%"
"26.07.2018","4.510,0","4.515,0","4.530,0","4.510,0","286,78K","0,00%"
"25.07.2018","4.510,0","4.550,0","4.550,0","4.500,0","629,76K","-0,55%"
"24.07.2018","4.535,0","4.510,0","4.545,0","4.510,0","1,16M","0,11%"
"23.07.2018","4.530,0","4.545,0","4.555,0","4.530,0","399,04K","-0,66%"
"19.07.2018","4.560,0","4.535,0","4.570,0","4.530,0","128,36K","0,55%"
"18.07.2018","4.535,0","4.545,0","4.575,0","4.535,0","408,40K","-0,98%"
"17.07.2018","4.580,0","4.590,0","4.605,0","4.545,0","275,34K","-0,22%"
"16.07.2018","4.590,0","4.530,0","4.590,0","4.530,0","345,89K","1,32%"
"13.07.2018","4.530,0","4.520,0","4.530,0","4.510,0","657,04K","-0,11%"
"12.07.2018","4.535,0","4.540,0","4.550,0","4.525,0","255,42K","-0,11%"
"11.07.2018","4.540,0","4.560,0","4.560,0","4.520,0","330,19K","-0,55%"
"10.07.2018","4.565,0","4.600,0","4.650,0","4.565,0","327,13K","-1,30%"
"09.07.2018","4.625,0","4.600,0","4.625,0","4.595,0","85,64K","0,87%"
"06.07.2018","4.585,0","4.640,0","4.640,0","4.585,0","140,14K","-1,19%"
"05.07.2018","4.640,0","4.645,0","4.645,0","4.635,0","271,68K","-0,11%"
"04.07.2018","4.645,0","4.645,0","4.645,0","4.645,0","37,75K","-0,11%"
"03.07.2018","4.650,0","4.600,0","4.650,0","4.600,0","7,77K","0,11%"
"29.06.2018","4.645,0","4.645,0","4.645,0","4.625,0","226,41K","0,11%"
"28.06.2018","4.640,0","4.635,0","4.650,0","4.635,0","165,12K","0,11%"
"27.06.2018","4.635,0","4.650,0","4.650,0","4.610,0","394,46K","-0,32%"
"26.06.2018","4.650,0","4.640,0","4.650,0","4.610,0","160,50K","0,22%"
"25.06.2018","4.640,0","4.610,0","4.645,0","4.610,0","275,69K","0,00%"
"22.06.2018","4.640,0","4.600,0","4.640,0","4.600,0","163,51K","0,22%"
"21.06.2018","4.630,0","4.640,0","4.645,0","4.610,0","387,35K","-0,43%"
"20.06.2018","4.650,0","4.640,0","4.650,0","4.590,0","285,97K","1,86%"
"19.06.2018","4.565,0","4.630,0","4.635,0","4.565,0","179,82K","-2,25%"
"18.06.2018","4.670,0","4.680,0","4.700,0","4.670,0","305,67K","0,97%"
"15.06.2018","4.625,0","4.675,0","4.675,0","4.625,0","203,34K","-0,64%"
"14.06.2018","4.655,0","4.615,0","4.655,0","4.615,0","209,27K","1,20%"
"13.06.2018","4.600,0","4.625,0","4.690,0","4.600,0","205,76K","-1,60%"
"12.06.2018","4.675,0","4.675,0","4.675,0","4.660,0","104,95K","-0,21%"
"08.06.2018","4.685,0","4.680,0","4.690,0","4.675,0","303,48K","-0,21%"
"07.06.2018","4.695,0","4.690,0","4.740,0","4.670,0","1,37M","0,43%"
"06.06.2018","4.675,0","4.625,0","4.700,0","4.620,0","809,78K","0,97%"
"05.06.2018","4.630,0","4.630,0","4.630,0","4.590,0","53,63K","0,00%"
"01.06.2018","4.630,0","4.620,0","4.640,0","4.600,0","176,10K","0,65%"
"31.05.2018","4.600,0","4.610,0","4.610,0","4.590,0","403,36K","-0,43%"
"30.05.2018","4.620,0","4.585,0","4.620,0","4.555,0","374,22K","0,76%"
"29.05.2018","4.585,0","4.550,0","4.585,0","4.550,0","111,32K","0,77%"
"28.05.2018","4.550,0","4.535,0","4.550,0","4.535,0","63,14K","0,33%"
"25.05.2018","4.535,0","4.570,0","4.600,0","4.535,0","363,03K","-1,41%"
"24.05.2018","4.600,0","4.550,0","4.600,0","4.550,0","66,22K","0,55%"
"23.05.2018","4.575,0","4.550,0","4.575,0","4.540,0","155,36K","1,33%"
"22.05.2018","4.515,0","4.585,0","4.600,0","4.515,0","292,60K","-1,20%"
"21.05.2018","4.570,0","4.535,0","4.590,0","4.535,0","126,67K","0,99%"
"18.05.2018","4.525,0","4.540,0","4.565,0","4.525,0","99,59K","-1,42%"
"17.05.2018","4.590,0","4.590,0","4.600,0","4.550,0","130,44K","0,22%"
"16.05.2018","4.580,0","4.595,0","4.605,0","4.580,0","372,08K","-0,65%"
"15.05.2018","4.610,0","4.620,0","4.620,0","4.595,0","36,62K","-0,22%"
"11.05.2018","4.620,0","4.610,0","4.630,0","4.610,0","117,82K","-0,11%"
"10.05.2018","4.625,0","4.600,0","4.635,0","4.570,0","213,53K","0,87%"
"09.05.2018","4.585,0","4.530,0","4.585,0","4.525,0","218,59K","1,89%"
"08.05.2018","4.500,0","4.500,0","4.565,0","4.500,0","151,31K","0,00%"
"07.05.2018","4.500,0","4.600,0","4.660,0","4.500,0","613,20K","-1,75%"
"04.05.2018","4.580,0","4.575,0","4.585,0","4.575,0","108,94K","-0,43%"
"03.05.2018","4.600,0","4.650,0","4.650,0","4.600,0","50,62K","-1,08%"
"02.05.2018","4.650,0","4.610,0","4.650,0","4.580,0","2,78M","0,43%"
"30.04.2018","4.630,0","4.605,0","4.635,0","4.605,0","935,86K","-0,11%"
"27.04.2018","4.635,0","4.600,0","4.640,0","4.580,0","655,74K","1,20%"
"26.04.2018","4.580,0","4.600,0","4.600,0","4.560,0","240,75K","-0,43%"
"25.04.2018","4.600,0","4.580,0","4.620,0","4.550,0","388,77K","0,44%"
"24.04.2018","4.580,0","4.565,0","4.610,0","4.565,0","328,82K","-0,11%"
"23.04.2018","4.585,0","4.600,0","4.600,0","4.575,0","299,27K","-0,33%"
"20.04.2018","4.600,0","4.615,0","4.615,0","4.550,0","189,23K","-0,33%"
"19.04.2018","4.615,0","4.620,0","4.620,0","4.600,0","267,42K","0,00%"
"18.04.2018","4.615,0","4.630,0","4.630,0","4.600,0","198,16K","-0,11%"
"17.04.2018","4.620,0","4.600,0","4.640,0","4.600,0","371,86K","0,43%"
"16.04.2018","4.600,0","4.600,0","4.640,0","4.570,0","168,31K","-0,11%"
"13.04.2018","4.605,0","4.680,0","4.685,0","4.605,0","246,32K","-1,60%"
"12.04.2018","4.680,0","4.645,0","4.685,0","4.635,0","367,34K","-0,11%"
"11.04.2018","4.685,0","4.680,0","4.695,0","4.640,0","598,17K","-0,21%"
"10.04.2018","4.695,0","4.700,0","4.705,0","4.680,0","113,88K","-0,11%"
"09.04.2018","4.700,0","4.700,0","4.725,0","4.700,0","425,53K","0,21%"
"06.04.2018","4.690,0","4.675,0","4.690,0","4.675,0","142,20K","0,00%"
"05.04.2018","4.690,0","4.665,0","4.695,0","4.655,0","686,66K","0,43%"
"04.04.2018","4.670,0","4.535,0","4.670,0","4.535,0","455,50K","2,19%"
"03.04.2018","4.570,0","4.550,0","4.580,0","4.550,0","431,93K","0,77%"
"02.04.2018","4.535,0","4.520,0","4.540,0","4.520,0","95,58K","0,44%"
"28.03.2018","4.515,0","4.475,0","4.515,0","4.460,0","54,19K","0,89%"
"27.03.2018","4.475,0","4.515,0","4.540,0","4.475,0","265,15K","0,79%"
"26.03.2018","4.440,0","4.460,0","4.500,0","4.430,0","127,72K","0,00%"
"23.03.2018","4.440,0","4.530,0","4.530,0","4.440,0","282,03K","-1,99%"
"22.03.2018","4.530,0","4.560,0","4.560,0","4.510,0","1,19M","-0,66%"
"21.03.2018","4.560,0","4.550,0","4.600,0","4.525,0","741,07K","0,77%"
"20.03.2018","4.525,0","4.525,0","4.550,0","4.525,0","128,59K","-0,98%"
"16.03.2018","4.570,0","4.580,0","4.580,0","4.525,0","605,02K","-0,22%"
"15.03.2018","4.580,0","4.570,0","4.580,0","4.560,0","69,88K","0,33%"
"14.03.2018","4.565,0","4.570,0","4.570,0","4.565,0","45,40K","0,00%"
"13.03.2018","4.565,0","4.545,0","4.565,0","4.540,0","176,90K","0,44%"
"12.03.2018","4.545,0","4.530,0","4.545,0","4.530,0","16,68K","0,00%"
"09.03.2018","4.545,0","4.520,0","4.545,0","4.520,0","288,26K","0,55%"
"08.03.2018","4.520,0","4.525,0","4.525,0","4.500,0","142,89K","-0,11%"
"07.03.2018","4.525,0","4.525,0","4.530,0","4.510,0","304,54K","-0,11%"
"06.03.2018","4.530,0","4.545,0","4.545,0","4.530,0","35,62K","-0,33%"
"05.03.2018","4.545,0","4.505,0","4.545,0","4.500,0","159,39K","1,00%"
"02.03.2018","4.500,0","4.575,0","4.575,0","4.500,0","160,03K","-1,64%"
"01.03.2018","4.575,0","4.550,0","4.600,0","4.550,0","687,76K","0,66%"
"28.02.2018","4.545,0","4.605,0","4.605,0","4.520,0","401,29K","-1,20%"
"27.02.2018","4.600,0","4.605,0","4.650,0","4.600,0","469,76K","-1,18%"
"26.02.2018","4.655,0","4.665,0","4.665,0","4.640,0","113,76K","0,11%"
"23.02.2018","4.650,0","4.635,0","4.655,0","4.630,0","804,89K","0,00%"
"22.02.2018","4.650,0","4.605,0","4.680,0","4.605,0","135,71K","0,11%"
"21.02.2018","4.645,0","4.645,0","4.690,0","4.620,0","772,94K","1,20%"
"20.02.2018","4.590,0","4.690,0","4.690,0","4.560,0","1,65M","-0,11%"
"19.02.2018","4.595,0","4.690,0","4.740,0","4.575,0","1,23M","-2,03%"
"16.02.2018","4.690,0","4.695,0","4.695,0","4.625,0","514,85K","0,43%"
"15.02.2018","4.670,0","4.720,0","4.720,0","4.610,0","1,60M","-1,37%"
"14.02.2018","4.735,0","4.750,0","4.750,0","4.720,0","1,31M","-0,53%"
"13.02.2018","4.760,0","4.815,0","4.860,0","4.760,0","506,94K","-1,86%"
"12.02.2018","4.850,0","4.700,0","4.850,0","4.700,0","602,27K","1,46%"
"09.02.2018","4.780,0","4.725,0","4.825,0","4.725,0","844,61K","1,06%"
"08.02.2018","4.730,0","4.685,0","4.740,0","4.685,0","1,17M","0,00%"
"07.02.2018","4.730,0","4.740,0","4.740,0","4.710,0","520,99K","-0,32%"
"06.02.2018","4.745,0","4.700,0","4.750,0","4.685,0","386,68K","0,53%"
"05.02.2018","4.720,0","4.825,0","4.825,0","4.705,0","247,11K","-2,18%"
"02.02.2018","4.825,0","4.705,0","4.840,0","4.705,0","187,30K","-0,52%"
"01.02.2018","4.850,0","4.680,0","4.850,0","4.680,0","890,49K","3,63%"
"31.01.2018","4.680,0","4.670,0","4.695,0","4.655,0","721,09K","0,43%"
"30.01.2018","4.660,0","4.695,0","4.695,0","4.650,0","327,80K","-0,75%"
"29.01.2018","4.695,0","4.650,0","4.730,0","4.650,0","872,44K","1,08%"
"26.01.2018","4.645,0","4.650,0","4.650,0","4.635,0","158,87K","0,11%"
"25.01.2018","4.640,0","4.670,0","4.670,0","4.615,0","757,92K","-0,64%"
"24.01.2018","4.670,0","4.740,0","4.740,0","4.600,0","1,61M","-4,98%"
"23.01.2018","4.915,0","4.940,0","4.940,0","4.870,0","813,32K","0,20%"
"22.01.2018","4.905,0","4.895,0","4.950,0","4.890,0","312,58K","0,51%"
"19.01.2018","4.880,0","4.845,0","4.890,0","4.840,0","577,52K","0,72%"
"18.01.2018","4.845,0","4.750,0","4.890,0","4.750,0","140,97K","2,00%"
"17.01.2018","4.750,0","4.685,0","4.760,0","4.685,0","176,21K","1,06%"
"16.01.2018","4.700,0","4.715,0","4.765,0","4.700,0","146,83K","-1,36%"
"15.01.2018","4.765,0","4.750,0","4.765,0","4.750,0","71,00K","1,71%"
"12.01.2018","4.685,0","4.695,0","4.695,0","4.685,0","94,04K","-0,32%"
"11.01.2018","4.700,0","4.700,0","4.700,0","4.680,0","184,39K","0,00%"
"10.01.2018","4.700,0","4.705,0","4.720,0","4.680,0","188,04K","0,21%"
"09.01.2018","4.690,0","4.650,0","4.765,0","4.650,0","104,72K","0,54%"
"05.01.2018","4.665,0","4.685,0","4.685,0","4.650,0","50,96K","-0,74%"
"04.01.2018","4.700,0","4.700,0","4.710,0","4.700,0","94,11K","-0,42%"
"03.01.2018","4.720,0","4.710,0","4.720,0","4.710,0","8,05K","0,21%"
"02.01.2018","4.710,0","4.710,0","4.710,0","4.710,0","12,50K","-1,05%"