"Fecha","Último","Apertura","Máximo","Mínimo","Vol.","% var."
"18.09.2026","28.500,0","28.880,0","28.920,0","28.500,0","1,33M","-0,21%"
"17.09.2026","28.560,0","28.760,0","28.880,0","27.800,0","572,24K","0,21%"
"16.09.2026","28.500,0","29.160,0","29.280,0","28.500,0","434,09K","-1,38%"
"15.09.2026","28.900,0","30.180,0","30.240,0","28.800,0","285,74K","-3,22%"
"14.09.2026","29.860,0","30.400,0","30.740,0","29.860,0","73,19K","-2,03%"
"11.09.2026","30.480,0","31.140,0","31.140,0","30.480,0","107,31K","-1,10%"
"10.09.2026","30.820,0","31.120,0","31.360,0","30.620,0","130,74K","-1,85%"
"09.09.2026","31.400,0","30.400,0","31.460,0","30.400,0","335,70K","3,97%"
"08.09.2026","30.200,0","29.360,0","30.600,0","29.360,0","195,43K","2,03%"
"07.09.2026","29.600,0","29.060,0","29.960,0","29.060,0","71,43K","0,34%"
"04.09.2026","29.500,0","29.000,0","29.500,0","28.900,0","193,43K","1,51%"
"03.09.2026","29.060,0","29.100,0","29.100,0","28.700,0","216,25K","-0,14%"
"02.09.2026","29.100,0","29.200,0","29.440,0","29.100,0","92,72K","-0,34%"
"01.09.2026","29.200,0","28.540,0","29.480,0","28.500,0","231,58K","2,31%"
"31.08.2026","28.540,0","28.700,0","29.200,0","28.540,0","1,48M","-0,56%"
"28.08.2026","28.700,0","29.140,0","29.260,0","28.660,0","329,16K","-1,17%"
"27.08.2026","29.040,0","29.160,0","29.340,0","29.040,0","101,98K","-0,34%"
"26.08.2026","29.140,0","29.100,0","29.500,0","29.100,0","52,79K","-1,22%"
"25.08.2026","29.500,0","29.000,0","29.500,0","29.000,0","274,36K","1,72%"
"24.08.2026","29.000,0","28.640,0","29.040,0","28.620,0","195,45K","1,26%"
"21.08.2026","28.640,0","28.800,0","29.160,0","28.380,0","216,62K","-0,62%"
"20.08.2026","28.820,0","29.000,0","29.160,0","28.560,0","322,49K","-0,62%"
"19.08.2026","29.000,0","29.300,0","29.340,0","28.860,0","156,02K","-0,89%"
"18.08.2026","29.260,0","29.000,0","29.460,0","28.700,0","229,01K","0,21%"
"14.08.2026","29.200,0","28.820,0","29.440,0","28.820,0","111,73K","-0,88%"
"13.08.2026","29.460,0","29.400,0","29.460,0","28.800,0","222,70K","0,14%"
"12.08.2026","29.420,0","29.320,0","29.500,0","29.220,0","77,43K","0,34%"
"11.08.2026","29.320,0","29.040,0","29.980,0","29.000,0","222,04K","0,21%"
"10.08.2026","29.260,0","29.400,0","29.880,0","29.000,0","191,24K","-0,81%"
"06.08.2026","29.500,0","30.000,0","30.100,0","29.500,0","147,09K","0,00%"
"05.08.2026","29.500,0","30.160,0","30.580,0","29.500,0","88,63K","-3,59%"
"04.08.2026","30.600,0","29.360,0","30.600,0","29.340,0","255,93K","2,68%"
"03.08.2026","29.800,0","29.900,0","29.900,0","29.640,0","147,20K","-0,33%"
"31.07.2026","29.900,0","29.500,0","29.900,0","29.100,0","479,20K","2,75%"
"30.07.2026","29.100,0","28.720,0","29.100,0","28.600,0","297,77K","1,61%"
"29.07.2026","28.640,0","28.980,0","29.700,0","28.640,0","182,73K","-3,50%"
"28.07.2026","29.680,0","28.900,0","29.680,0","28.620,0","129,13K","2,70%"
"27.07.2026","28.900,0","28.840,0","29.500,0","28.600,0","50,06K","0,56%"
"24.07.2026","28.740,0","29.200,0","29.200,0","28.500,0","90,31K","-1,58%"
"23.07.2026","29.200,0","29.620,0","30.080,0","29.200,0","142,24K","-1,42%"
"22.07.2026","29.620,0","30.360,0","30.380,0","29.620,0","143,35K","-2,24%"
"21.07.2026","30.300,0","30.780,0","31.000,0","30.000,0","257,53K","-1,62%"
"17.07.2026","30.800,0","30.720,0","30.980,0","30.480,0","83,54K","0,20%"
"16.07.2026","30.740,0","30.420,0","30.940,0","30.020,0","410,92K","-0,19%"
"15.07.2026","30.800,0","29.640,0","30.800,0","29.300,0","322,15K","2,67%"
"14.07.2026","30.000,0","30.200,0","30.240,0","28.340,0","175,65K","-0,07%"
"10.07.2026","30.020,0","30.020,0","30.380,0","29.540,0","213,24K","-1,38%"
"09.07.2026","30.440,0","30.640,0","30.700,0","30.180,0","135,80K","-0,85%"
"08.07.2026","30.700,0","30.200,0","30.740,0","30.020,0","163,64K","1,66%"
"07.07.2026","30.200,0","29.800,0","30.200,0","29.040,0","287,53K","0,73%"
"06.07.2026","29.980,0","30.000,0","30.160,0","29.500,0","112,34K","-0,33%"
"03.07.2026","30.080,0","29.980,0","30.200,0","29.720,0","49,05K","1,76%"
"02.07.2026","29.560,0","30.400,0","30.400,0","29.560,0","212,65K","-1,79%"
"01.07.2026","30.100,0","29.000,0","30.180,0","29.000,0","311,86K","2,03%"
"30.06.2026","29.500,0","29.900,0","30.080,0","29.500,0","426,40K","-0,14%"
"26.06.2026","29.540,0","30.080,0","30.200,0","29.540,0","74,33K","-0,14%"
"25.06.2026","29.580,0","30.500,0","30.940,0","29.580,0","212,56K","-2,05%"
"24.06.2026","30.200,0","32.280,0","32.500,0","30.200,0","387,83K","-5,03%"
"23.06.2026","31.800,0","33.500,0","33.680,0","31.600,0","1,50M","-5,07%"
"22.06.2026","33.500,0","36.800,0","36.800,0","33.080,0","178,54K","-6,94%"
"19.06.2026","36.000,0","32.580,0","36.000,0","31.820,0","941,95K","10,70%"
"18.06.2026","32.520,0","33.200,0","33.480,0","32.520,0","198,03K","-1,99%"
"17.06.2026","33.180,0","32.140,0","33.400,0","32.140,0","320,12K","-0,66%"
"16.06.2026","33.400,0","30.700,0","33.400,0","30.700,0","199,25K","6,03%"
"12.06.2026","31.500,0","29.780,0","32.200,0","29.500,0","554,34K","5,78%"
"11.06.2026","29.780,0","29.860,0","29.860,0","29.200,0","186,97K","1,99%"
"10.06.2026","29.200,0","29.300,0","29.500,0","28.520,0","240,89K","0,62%"
"09.06.2026","29.020,0","29.620,0","30.300,0","28.500,0","292,34K","-1,96%"
"05.06.2026","29.600,0","29.360,0","30.160,0","29.360,0","190,54K","-1,92%"
"04.06.2026","30.180,0","29.720,0","30.400,0","29.540,0","183,36K","0,60%"
"03.06.2026","30.000,0","30.000,0","30.020,0","29.320,0","185,57K","-0,33%"
"02.06.2026","30.100,0","31.480,0","31.480,0","30.100,0","344,10K","-2,90%"
"01.06.2026","31.000,0","30.680,0","32.000,0","30.680,0","651,73K","2,65%"
"29.05.2026","30.200,0","30.000,0","30.680,0","29.500,0","3,18M","0,67%"
"28.05.2026","30.000,0","29.100,0","30.000,0","29.100,0","137,22K","-0,60%"
"27.05.2026","30.180,0","31.000,0","31.000,0","29.460,0","178,50K","-2,52%"
"26.05.2026","30.960,0","28.680,0","31.300,0","28.680,0","669,80K","1,18%"
"25.05.2026","30.600,0","28.520,0","30.600,0","28.520,0","127,99K","8,36%"
"22.05.2026","28.240,0","28.400,0","28.840,0","28.240,0","191,70K","-2,62%"
"21.05.2026","29.000,0","27.640,0","29.000,0","27.640,0","253,61K","2,11%"
"20.05.2026","28.400,0","27.700,0","29.000,0","27.700,0","252,43K","-0,70%"
"19.05.2026","28.600,0","28.560,0","29.140,0","27.680,0","316,48K","-1,11%"
"15.05.2026","28.920,0","29.460,0","29.460,0","28.360,0","141,11K","1,26%"
"14.05.2026","28.560,0","26.700,0","29.500,0","26.700,0","304,55K","6,97%"
"13.05.2026","26.700,0","27.800,0","27.800,0","26.700,0","308,77K","-1,11%"
"12.05.2026","27.000,0","28.020,0","29.360,0","27.000,0","580,45K","-5,13%"
"11.05.2026","28.460,0","28.500,0","29.580,0","28.400,0","99,96K","-0,14%"
"08.05.2026","28.500,0","29.500,0","29.620,0","28.500,0","228,77K","-5,06%"
"07.05.2026","30.020,0","29.440,0","30.300,0","29.440,0","320,81K","-1,18%"
"06.05.2026","30.380,0","29.500,0","30.380,0","29.020,0","236,40K","3,05%"
"05.05.2026","29.480,0","28.700,0","29.480,0","28.460,0","203,79K","2,43%"
"04.05.2026","28.780,0","28.500,0","28.780,0","27.500,0","104,88K","2,27%"
"30.04.2026","28.140,0","27.840,0","28.580,0","27.520,0","225,28K","1,22%"
"29.04.2026","27.800,0","28.800,0","28.800,0","27.800,0","202,92K","-1,97%"
"28.04.2026","28.360,0","28.720,0","28.780,0","28.020,0","145,46K","-1,53%"
"27.04.2026","28.800,0","29.240,0","29.800,0","28.800,0","118,22K","-4,64%"
"24.04.2026","30.200,0","29.700,0","30.200,0","28.920,0","103,42K","1,68%"
"23.04.2026","29.700,0","29.600,0","29.700,0","29.120,0","98,36K","0,34%"
"22.04.2026","29.600,0","28.820,0","29.600,0","28.820,0","152,61K","1,65%"
"21.04.2026","29.120,0","28.900,0","29.880,0","28.600,0","81,34K","0,48%"
"20.04.2026","28.980,0","30.180,0","30.300,0","28.980,0","234,35K","-3,98%"
"17.04.2026","30.180,0","30.480,0","30.800,0","30.180,0","156,22K","-0,98%"
"16.04.2026","30.480,0","30.740,0","30.800,0","30.080,0","175,56K","-0,85%"
"15.04.2026","30.740,0","30.460,0","30.800,0","29.900,0","228,38K","0,85%"
"14.04.2026","30.480,0","30.000,0","30.560,0","29.820,0","494,91K","1,67%"
"13.04.2026","29.980,0","28.520,0","30.000,0","28.300,0","249,01K","4,46%"
"10.04.2026","28.700,0","28.360,0","30.760,0","28.360,0","444,25K","-1,71%"
"09.04.2026","29.200,0","28.280,0","29.200,0","28.280,0","280,41K","1,81%"
"08.04.2026","28.680,0","29.000,0","29.100,0","28.620,0","295,25K","-0,55%"
"07.04.2026","28.840,0","28.840,0","28.900,0","28.440,0","172,74K","0,00%"
"06.04.2026","28.840,0","27.340,0","29.000,0","27.340,0","182,11K","1,26%"
"01.04.2026","28.480,0","28.000,0","28.500,0","27.300,0","164,83K","1,71%"
"31.03.2026","28.000,0","27.300,0","28.480,0","27.240,0","656,42K","4,79%"
"30.03.2026","26.720,0","27.700,0","28.500,0","26.720,0","215,43K","-3,54%"
"27.03.2026","27.700,0","27.600,0","27.700,0","26.000,0","339,79K","0,36%"
"26.03.2026","27.600,0","27.640,0","28.060,0","27.600,0","266,38K","1,40%"
"25.03.2026","27.220,0","27.400,0","28.440,0","27.220,0","377,13K","-0,66%"
"24.03.2026","27.400,0","28.000,0","28.000,0","27.160,0","354,14K","-5,52%"
"20.03.2026","29.000,0","26.180,0","29.000,0","26.180,0","1,87M","8,53%"
"19.03.2026","26.720,0","26.160,0","26.720,0","25.720,0","160,24K","2,30%"
"18.03.2026","26.120,0","26.260,0","26.840,0","26.120,0","541,11K","-2,17%"
"17.03.2026","26.700,0","26.540,0","26.900,0","26.100,0","283,97K","2,22%"
"16.03.2026","26.120,0","27.600,0","28.100,0","26.120,0","108,21K","-4,81%"
"13.03.2026","27.440,0","27.100,0","27.520,0","26.200,0","174,21K","2,77%"
"12.03.2026","26.700,0","28.320,0","28.560,0","26.700,0","181,74K","-9,49%"
"11.03.2026","29.500,0","29.300,0","29.520,0","29.040,0","486,12K","0,00%"
"10.03.2026","29.500,0","29.000,0","29.500,0","28.600,0","863,53K","2,43%"
"09.03.2026","28.800,0","28.300,0","29.000,0","28.020,0","146,97K","2,86%"
"06.03.2026","28.000,0","27.280,0","28.860,0","27.240,0","466,10K","0,14%"
"05.03.2026","27.960,0","27.040,0","27.960,0","26.920,0","314,46K","3,40%"
"04.03.2026","27.040,0","26.800,0","27.300,0","26.640,0","385,01K","4,00%"
"03.03.2026","26.000,0","25.180,0","26.000,0","23.000,0","404,08K","2,77%"
"02.03.2026","25.300,0","27.500,0","27.500,0","25.300,0","169,81K","-8,00%"
"27.02.2026","27.500,0","28.500,0","28.500,0","27.500,0","1,42M","-2,14%"
"26.02.2026","28.100,0","29.200,0","29.200,0","27.500,0","276,91K","-4,29%"
"25.02.2026","29.360,0","29.200,0","29.480,0","28.500,0","253,26K","0,27%"
"24.02.2026","29.280,0","29.100,0","29.500,0","28.300,0","429,88K","-0,75%"
"23.02.2026","29.500,0","29.000,0","29.880,0","28.500,0","695,84K","3,15%"
"20.02.2026","28.600,0","28.800,0","28.800,0","28.040,0","270,08K","0,70%"
"19.02.2026","28.400,0","28.960,0","28.960,0","28.400,0","227,75K","-1,39%"
"18.02.2026","28.800,0","29.000,0","29.380,0","28.780,0","291,27K","-2,04%"
"17.02.2026","29.400,0","28.220,0","29.400,0","28.200,0","99,21K","4,26%"
"16.02.2026","28.200,0","28.520,0","28.540,0","28.000,0","114,91K","-0,98%"
"13.02.2026","28.480,0","27.840,0","29.000,0","27.520,0","194,84K","2,08%"
"12.02.2026","27.900,0","28.360,0","28.640,0","27.300,0","362,19K","-1,62%"
"11.02.2026","28.360,0","28.880,0","29.140,0","27.600,0","361,04K","-0,84%"
"10.02.2026","28.600,0","29.260,0","29.940,0","28.600,0","293,30K","-2,59%"
"09.02.2026","29.360,0","29.080,0","29.400,0","28.580,0","444,41K","1,24%"
"06.02.2026","29.000,0","28.400,0","29.100,0","28.300,0","579,08K","2,47%"
"05.02.2026","28.300,0","29.000,0","29.640,0","28.300,0","260,05K","-7,15%"
"04.02.2026","30.480,0","30.000,0","30.480,0","28.560,0","317,60K","1,60%"
"03.02.2026","30.000,0","29.900,0","30.380,0","29.700,0","625,79K","1,63%"
"02.02.2026","29.520,0","30.220,0","30.320,0","29.520,0","490,58K","-2,57%"
"30.01.2026","30.300,0","30.300,0","31.840,0","30.200,0","907,98K","-0,98%"
"29.01.2026","30.600,0","31.500,0","31.500,0","30.200,0","868,66K","0,00%"
"28.01.2026","30.600,0","33.300,0","33.300,0","30.600,0","551,11K","-4,08%"
"27.01.2026","31.900,0","32.880,0","33.300,0","31.900,0","498,40K","-2,98%"
"26.01.2026","32.880,0","32.740,0","34.000,0","32.000,0","515,89K","0,86%"
"23.01.2026","32.600,0","31.500,0","32.720,0","31.200,0","527,70K","3,49%"
"22.01.2026","31.500,0","32.100,0","32.560,0","31.500,0","809,97K","-1,87%"
"21.01.2026","32.100,0","32.240,0","32.240,0","31.700,0","941,94K","0,06%"
"20.01.2026","32.080,0","32.220,0","32.500,0","31.560,0","458,57K","-0,43%"
"19.01.2026","32.220,0","31.580,0","32.800,0","31.200,0","238,97K","2,61%"
"16.01.2026","31.400,0","30.000,0","32.480,0","30.000,0","421,32K","5,02%"
"15.01.2026","29.900,0","28.940,0","30.220,0","28.940,0","376,57K","1,36%"
"14.01.2026","29.500,0","27.520,0","29.500,0","27.500,0","310,86K","5,36%"
"13.01.2026","28.000,0","27.900,0","28.000,0","27.080,0","499,95K","0,21%"
"09.01.2026","27.940,0","26.420,0","27.940,0","26.280,0","160,90K","5,43%"
"08.01.2026","26.500,0","27.000,0","27.000,0","26.000,0","234,75K","-1,85%"
"07.01.2026","27.000,0","27.480,0","27.620,0","26.880,0","1,03M","-1,75%"
"06.01.2026","27.480,0","26.300,0","27.480,0","26.300,0","334,39K","3,70%"
"05.01.2026","26.500,0","24.800,0","26.680,0","24.740,0","424,28K","7,20%"
"02.01.2026","24.720,0","24.980,0","25.000,0","24.720,0","65,79K","0,24%"
"30.12.2025","24.660,0","25.080,0","25.080,0","24.660,0","223,99K","-2,53%"
"29.12.2025","25.300,0","25.200,0","25.300,0","25.060,0","175,49K","1,28%"
"26.12.2025","24.980,0","25.060,0","25.200,0","24.980,0","19,55K","-0,24%"
"24.12.2025","25.040,0","24.700,0","25.180,0","24.640,0","84,50K","1,38%"
"23.12.2025","24.700,0","25.000,0","25.000,0","24.660,0","100,57K","-1,98%"
"22.12.2025","25.200,0","24.840,0","25.200,0","24.800,0","127,10K","0,88%"
"19.12.2025","24.980,0","25.380,0","25.620,0","24.980,0","2,01M","-1,65%"
"18.12.2025","25.400,0","25.180,0","25.400,0","24.760,0","126,65K","1,36%"
"17.12.2025","25.060,0","25.680,0","25.700,0","25.040,0","288,34K","-1,34%"
"16.12.2025","25.400,0","25.520,0","25.680,0","25.340,0","398,54K","-1,17%"
"15.12.2025","25.700,0","25.780,0","25.780,0","25.360,0","120,95K","-0,31%"
"12.12.2025","25.780,0","25.200,0","25.780,0","25.200,0","176,86K","2,30%"
"11.12.2025","25.200,0","25.200,0","25.560,0","25.120,0","130,84K","0,00%"
"10.12.2025","25.200,0","25.020,0","25.340,0","24.920,0","141,78K","-0,87%"
"09.12.2025","25.420,0","25.780,0","25.860,0","25.320,0","234,20K","-1,40%"
"05.12.2025","25.780,0","25.320,0","25.780,0","24.900,0","485,39K","1,74%"
"04.12.2025","25.340,0","25.060,0","25.340,0","24.880,0","806,66K","-0,24%"
"03.12.2025","25.400,0","25.600,0","25.600,0","25.060,0","246,79K","-1,32%"
"02.12.2025","25.740,0","25.500,0","25.740,0","25.460,0","326,71K","1,02%"
"01.12.2025","25.480,0","25.000,0","25.480,0","25.000,0","220,22K","1,11%"
"28.11.2025","25.200,0","25.020,0","25.200,0","24.860,0","768,47K","0,80%"
"27.11.2025","25.000,0","24.800,0","25.020,0","24.700,0","184,19K","1,05%"
"26.11.2025","24.740,0","24.660,0","24.880,0","24.500,0","127,32K","0,32%"
"25.11.2025","24.660,0","23.680,0","24.660,0","23.320,0","729,24K","5,84%"
"24.11.2025","23.300,0","23.500,0","24.140,0","23.300,0","3,25M","-0,43%"
"21.11.2025","23.400,0","23.260,0","23.600,0","22.800,0","723,23K","0,78%"
"20.11.2025","23.220,0","24.300,0","24.300,0","23.220,0","523,73K","-3,49%"
"19.11.2025","24.060,0","24.540,0","24.800,0","24.060,0","233,24K","-1,96%"
"18.11.2025","24.540,0","24.680,0","24.760,0","24.040,0","405,29K","1,32%"
"14.11.2025","24.220,0","24.600,0","24.800,0","24.000,0","254,18K","0,08%"
"13.11.2025","24.200,0","25.400,0","25.400,0","24.200,0","1,01M","-5,39%"
"12.11.2025","25.580,0","26.040,0","26.040,0","25.580,0","1,17M","-1,92%"
"11.11.2025","26.080,0","25.500,0","26.080,0","25.020,0","286,75K","3,08%"
"10.11.2025","25.300,0","25.620,0","25.700,0","25.300,0","302,02K","-2,24%"
"07.11.2025","25.880,0","25.600,0","26.160,0","24.840,0","264,10K","1,01%"
"06.11.2025","25.620,0","25.820,0","26.280,0","25.620,0","258,35K","-2,59%"
"05.11.2025","26.300,0","26.000,0","26.480,0","25.600,0","209,94K","1,23%"
"04.11.2025","25.980,0","24.880,0","25.980,0","24.560,0","328,23K","3,92%"
"31.10.2025","25.000,0","25.700,0","26.000,0","24.820,0","307,51K","-2,72%"
"30.10.2025","25.700,0","25.800,0","25.800,0","25.260,0","233,53K","0,00%"
"29.10.2025","25.700,0","25.480,0","25.860,0","24.840,0","266,38K","1,02%"
"28.10.2025","25.440,0","24.620,0","25.920,0","24.620,0","432,60K","1,35%"
"27.10.2025","25.100,0","24.300,0","25.100,0","24.000,0","303,58K","3,29%"
"24.10.2025","24.300,0","23.500,0","24.340,0","23.500,0","312,68K","3,67%"
"23.10.2025","23.440,0","23.100,0","23.600,0","22.840,0","200,00K","-0,17%"
"22.10.2025","23.480,0","22.700,0","23.480,0","22.700,0","505,84K","3,44%"
"21.10.2025","22.700,0","22.620,0","22.740,0","22.620,0","143,11K","-0,09%"
"20.10.2025","22.720,0","22.700,0","22.800,0","22.660,0","268,28K","-0,79%"
"17.10.2025","22.900,0","22.920,0","22.920,0","22.580,0","91,05K","0,88%"
"16.10.2025","22.700,0","22.700,0","22.880,0","22.560,0","107,98K","0,44%"
"15.10.2025","22.600,0","23.000,0","23.320,0","22.600,0","239,88K","-1,40%"
"14.10.2025","22.920,0","22.880,0","23.440,0","22.880,0","219,69K","0,17%"
"10.10.2025","22.880,0","22.780,0","22.880,0","22.700,0","533,14K","-1,21%"
"09.10.2025","23.160,0","22.880,0","23.200,0","22.880,0","65,39K","-0,09%"
"08.10.2025","23.180,0","22.900,0","23.180,0","22.720,0","179,49K","2,11%"
"07.10.2025","22.700,0","23.000,0","23.180,0","22.700,0","97,86K","-1,30%"
"06.10.2025","23.000,0","22.620,0","23.000,0","22.620,0","49,37K","-0,69%"
"03.10.2025","23.160,0","22.800,0","23.160,0","22.620,0","554,18K","1,49%"
"02.10.2025","22.820,0","22.960,0","23.320,0","22.820,0","98,44K","-2,23%"
"01.10.2025","23.340,0","23.480,0","23.480,0","22.780,0","610,30K","-0,09%"
"30.09.2025","23.360,0","23.300,0","23.480,0","22.880,0","881,58K","-0,51%"
"29.09.2025","23.480,0","22.780,0","23.480,0","22.620,0","83,55K","3,80%"
"26.09.2025","22.620,0","22.940,0","22.940,0","22.620,0","47,12K","-1,22%"
"25.09.2025","22.900,0","22.780,0","22.900,0","22.740,0","234,76K","0,00%"
"24.09.2025","22.900,0","22.620,0","22.900,0","22.600,0","59,74K","1,24%"
"23.09.2025","22.620,0","22.860,0","22.900,0","22.600,0","201,80K","-1,22%"
"22.09.2025","22.900,0","22.580,0","22.980,0","22.220,0","97,81K","1,78%"
"19.09.2025","22.500,0","22.100,0","22.800,0","22.100,0","1,52M","0,90%"
"18.09.2025","22.300,0","21.640,0","22.480,0","21.640,0","363,95K","1,64%"
"17.09.2025","21.940,0","22.200,0","22.200,0","21.860,0","819,55K","-0,27%"
"16.09.2025","22.000,0","22.280,0","22.280,0","21.940,0","1,24M","-1,08%"
"15.09.2025","22.240,0","22.300,0","22.360,0","21.980,0","131,83K","0,82%"
"12.09.2025","22.060,0","22.460,0","22.460,0","22.000,0","314,99K","0,18%"
"11.09.2025","22.020,0","22.700,0","22.700,0","22.000,0","335,31K","-2,05%"
"10.09.2025","22.480,0","22.200,0","22.900,0","22.100,0","403,39K","1,26%"
"09.09.2025","22.200,0","22.080,0","22.380,0","22.000,0","249,22K","0,63%"
"08.09.2025","22.060,0","22.420,0","22.800,0","22.060,0","216,71K","-0,81%"
"05.09.2025","22.240,0","22.960,0","23.200,0","22.240,0","598,41K","-3,05%"
"04.09.2025","22.940,0","22.200,0","22.940,0","22.200,0","236,55K","4,27%"
"03.09.2025","22.000,0","21.900,0","22.200,0","21.800,0","161,42K","1,85%"
"02.09.2025","21.600,0","21.940,0","21.940,0","21.580,0","139,46K","-0,55%"
"01.09.2025","21.720,0","22.140,0","22.140,0","21.700,0","105,66K","-0,37%"
"29.08.2025","21.800,0","21.620,0","22.000,0","21.620,0","196,84K","1,21%"
"28.08.2025","21.540,0","22.400,0","22.400,0","21.540,0","271,37K","-2,97%"
"27.08.2025","22.200,0","22.740,0","22.880,0","22.200,0","222,58K","-3,48%"
"26.08.2025","23.000,0","23.380,0","23.380,0","22.820,0","1,27M","-0,86%"
"25.08.2025","23.200,0","23.120,0","23.660,0","23.120,0","63,02K","-1,78%"
"22.08.2025","23.620,0","23.500,0","23.780,0","23.120,0","560,27K","0,68%"
"21.08.2025","23.460,0","23.000,0","23.460,0","22.640,0","289,04K","1,65%"
"20.08.2025","23.080,0","22.540,0","23.200,0","22.540,0","575,55K","1,05%"
"19.08.2025","22.840,0","23.080,0","23.160,0","22.720,0","216,01K","-1,21%"
"15.08.2025","23.120,0","22.640,0","23.120,0","22.640,0","86,26K","1,40%"
"14.08.2025","22.800,0","22.700,0","23.000,0","22.700,0","238,14K","-0,70%"
"13.08.2025","22.960,0","22.460,0","22.960,0","22.460,0","574,57K","0,26%"
"12.08.2025","22.900,0","22.700,0","22.900,0","22.080,0","391,30K","0,88%"
"11.08.2025","22.700,0","22.000,0","22.740,0","21.660,0","616,63K","3,18%"
"08.08.2025","22.000,0","21.200,0","22.000,0","21.120,0","418,16K","3,77%"
"06.08.2025","21.200,0","20.600,0","21.280,0","20.600,0","274,74K","1,05%"
"05.08.2025","20.980,0","20.440,0","21.060,0","20.400,0","458,31K","3,66%"
"04.08.2025","20.240,0","20.120,0","20.440,0","20.120,0","267,17K","0,60%"
"01.08.2025","20.120,0","20.640,0","20.740,0","20.120,0","178,27K","-4,19%"
"31.07.2025","21.000,0","21.000,0","21.040,0","20.800,0","189,40K","0,00%"
"30.07.2025","21.000,0","20.820,0","21.000,0","20.300,0","230,42K","1,84%"
"29.07.2025","20.620,0","20.520,0","21.240,0","20.280,0","499,04K","-0,87%"
"28.07.2025","20.800,0","19.700,0","20.800,0","19.700,0","489,18K","5,58%"
"25.07.2025","19.700,0","19.720,0","20.020,0","19.700,0","181,59K","-0,10%"
"24.07.2025","19.720,0","20.120,0","20.220,0","19.720,0","126,94K","-1,99%"
"23.07.2025","20.120,0","20.320,0","20.340,0","20.120,0","89,80K","-0,98%"
"22.07.2025","20.320,0","20.760,0","20.760,0","20.320,0","90,36K","-2,21%"
"21.07.2025","20.780,0","20.600,0","20.940,0","20.600,0","124,04K","0,39%"
"18.07.2025","20.700,0","20.860,0","21.100,0","20.700,0","346,73K","-0,38%"
"17.07.2025","20.780,0","20.100,0","20.900,0","20.100,0","307,82K","3,28%"
"16.07.2025","20.120,0","20.000,0","20.500,0","19.880,0","494,76K","1,31%"
"15.07.2025","19.860,0","19.720,0","20.180,0","19.700,0","198,63K","-0,90%"
"14.07.2025","20.040,0","19.800,0","20.260,0","19.740,0","294,58K","0,20%"
"11.07.2025","20.000,0","19.520,0","20.000,0","19.460,0","264,02K","2,99%"
"10.07.2025","19.420,0","19.780,0","19.780,0","19.420,0","187,93K","-1,92%"
"09.07.2025","19.800,0","19.800,0","19.840,0","19.760,0","169,69K","-1,00%"
"08.07.2025","20.000,0","19.900,0","20.000,0","19.800,0","219,97K","0,50%"
"07.07.2025","19.900,0","20.000,0","20.140,0","19.760,0","164,14K","-0,40%"
"04.07.2025","19.980,0","19.900,0","19.980,0","19.740,0","36,35K","0,60%"
"03.07.2025","19.860,0","19.980,0","20.000,0","19.860,0","61,51K","-0,60%"
"02.07.2025","19.980,0","19.660,0","19.980,0","19.660,0","357,89K","0,91%"
"01.07.2025","19.800,0","19.780,0","19.860,0","19.700,0","431,51K","0,10%"
"27.06.2025","19.780,0","19.700,0","19.840,0","19.600,0","233,50K","-0,40%"
"26.06.2025","19.860,0","19.680,0","19.860,0","19.580,0","357,44K","1,64%"
"25.06.2025","19.540,0","19.540,0","19.740,0","19.500,0","251,41K","0,00%"
"24.06.2025","19.540,0","19.500,0","19.620,0","19.500,0","451,66K","0,72%"
"20.06.2025","19.400,0","19.260,0","19.480,0","19.240,0","2,45M","0,94%"
"19.06.2025","19.220,0","19.380,0","19.440,0","19.220,0","65,05K","0,00%"
"18.06.2025","19.220,0","19.340,0","19.440,0","19.100,0","334,24K","0,10%"
"17.06.2025","19.200,0","19.060,0","19.500,0","19.000,0","437,73K","0,63%"
"16.06.2025","19.080,0","19.120,0","19.320,0","19.020,0","313,85K","-0,63%"
"13.06.2025","19.200,0","19.160,0","19.300,0","19.060,0","298,45K","1,05%"
"12.06.2025","19.000,0","19.600,0","19.600,0","19.000,0","169,46K","-2,56%"
"11.06.2025","19.500,0","19.440,0","19.680,0","19.380,0","165,33K","0,62%"
"10.06.2025","19.380,0","19.700,0","19.820,0","19.380,0","194,30K","-0,62%"
"09.06.2025","19.500,0","19.800,0","19.800,0","19.440,0","126,85K","-1,52%"
"06.06.2025","19.800,0","20.000,0","20.000,0","19.700,0","158,72K","-1,00%"
"05.06.2025","20.000,0","19.960,0","20.000,0","19.780,0","342,88K","-0,60%"
"04.06.2025","20.120,0","19.700,0","20.120,0","19.580,0","433,56K","2,65%"
"03.06.2025","19.600,0","19.520,0","19.600,0","19.400,0","297,00K","1,45%"
"30.05.2025","19.320,0","19.600,0","19.640,0","19.200,0","3,20M","-0,92%"
"29.05.2025","19.500,0","20.100,0","20.220,0","19.500,0","417,44K","-2,99%"
"28.05.2025","20.100,0","19.640,0","20.100,0","19.580,0","271,69K","3,08%"
"27.05.2025","19.500,0","20.180,0","20.180,0","19.500,0","574,93K","-3,47%"
"26.05.2025","20.200,0","20.100,0","20.200,0","19.920,0","24,46K","0,00%"
"23.05.2025","20.200,0","20.400,0","20.580,0","20.100,0","552,80K","-0,98%"
"22.05.2025","20.400,0","20.500,0","20.500,0","19.960,0","291,06K","-0,49%"
"21.05.2025","20.500,0","20.760,0","21.000,0","20.320,0","355,30K","-3,30%"
"20.05.2025","21.200,0","20.920,0","21.400,0","20.920,0","155,83K","1,44%"
"19.05.2025","20.900,0","21.120,0","21.300,0","20.760,0","310,04K","-0,48%"
"16.05.2025","21.000,0","21.020,0","21.260,0","20.900,0","478,46K","-0,94%"
"15.05.2025","21.200,0","22.260,0","22.260,0","21.200,0","264,34K","-5,02%"
"14.05.2025","22.320,0","22.320,0","22.740,0","22.280,0","248,73K","-2,02%"
"13.05.2025","22.780,0","21.820,0","22.800,0","21.820,0","222,28K","1,70%"
"12.05.2025","22.400,0","22.000,0","22.400,0","21.600,0","130,96K","2,75%"
"09.05.2025","21.800,0","22.100,0","22.160,0","21.660,0","187,24K","-0,91%"
"08.05.2025","22.000,0","21.760,0","22.320,0","21.760,0","334,64K","-1,35%"
"07.05.2025","22.300,0","22.000,0","22.300,0","21.900,0","243,59K","1,36%"
"06.05.2025","22.000,0","20.560,0","22.000,0","20.560,0","121,94K","0,55%"
"05.05.2025","21.880,0","21.700,0","21.900,0","21.700,0","118,13K","1,02%"
"02.05.2025","21.660,0","21.280,0","21.800,0","21.200,0","84,49K","-0,64%"
"30.04.2025","21.800,0","20.400,0","21.800,0","20.300,0","547,94K","6,34%"
"29.04.2025","20.500,0","20.300,0","20.500,0","20.120,0","210,01K","0,99%"
"28.04.2025","20.300,0","19.680,0","20.300,0","19.680,0","141,20K","0,20%"
"25.04.2025","20.260,0","20.120,0","20.280,0","20.020,0","108,66K","0,70%"
"24.04.2025","20.120,0","20.000,0","20.300,0","19.440,0","181,23K","0,30%"
"23.04.2025","20.060,0","19.700,0","20.200,0","19.700,0","218,26K","2,14%"
"22.04.2025","19.640,0","19.780,0","19.800,0","19.440,0","171,80K","-0,71%"
"21.04.2025","19.780,0","19.760,0","19.780,0","19.420,0","79,51K","0,00%"
"16.04.2025","19.780,0","19.240,0","19.780,0","19.000,0","196,79K","4,11%"
"15.04.2025","19.000,0","19.380,0","19.400,0","19.000,0","98,43K","-1,04%"
"14.04.2025","19.200,0","19.260,0","19.460,0","19.000,0","75,87K","0,00%"
"11.04.2025","19.200,0","19.300,0","19.620,0","19.200,0","119,27K","-2,14%"
"10.04.2025","19.620,0","19.380,0","19.780,0","18.600,0","731,80K","1,24%"
"09.04.2025","19.380,0","19.080,0","19.560,0","18.820,0","180,97K","2,54%"
"08.04.2025","18.900,0","19.820,0","20.280,0","18.900,0","514,46K","-5,03%"
"07.04.2025","19.900,0","19.700,0","20.200,0","19.500,0","358,51K","0,00%"
"04.04.2025","19.900,0","19.900,0","19.960,0","19.580,0","365,57K","-2,93%"
"03.04.2025","20.500,0","20.040,0","20.500,0","20.000,0","263,65K","1,38%"
"02.04.2025","20.220,0","19.860,0","20.220,0","19.860,0","984,77K","1,10%"
"01.04.2025","20.000,0","19.280,0","20.000,0","19.200,0","383,18K","4,71%"
"31.03.2025","19.100,0","19.020,0","19.200,0","19.020,0","535,22K","-1,44%"
"28.03.2025","19.380,0","19.160,0","19.380,0","18.920,0","909,63K","1,25%"
"27.03.2025","19.140,0","19.000,0","19.200,0","19.000,0","123,72K","0,74%"
"26.03.2025","19.000,0","19.200,0","19.340,0","19.000,0","175,83K","-1,45%"
"25.03.2025","19.280,0","18.520,0","19.280,0","18.520,0","636,50K","4,78%"
"21.03.2025","18.400,0","18.960,0","18.960,0","18.400,0","1,78M","-2,65%"
"20.03.2025","18.900,0","19.000,0","19.140,0","18.720,0","77,65K","0,00%"
"19.03.2025","18.900,0","19.380,0","19.380,0","18.900,0","115,54K","-2,48%"
"18.03.2025","19.380,0","19.500,0","19.500,0","19.260,0","93,55K","-0,62%"
"17.03.2025","19.500,0","19.480,0","19.600,0","19.440,0","270,68K","0,41%"
"14.03.2025","19.420,0","19.020,0","19.420,0","19.000,0","116,15K","2,75%"
"13.03.2025","18.900,0","19.200,0","19.500,0","18.900,0","62,56K","-1,66%"
"12.03.2025","19.220,0","18.800,0","19.460,0","18.600,0","123,77K","2,56%"
"11.03.2025","18.740,0","18.740,0","19.000,0","18.600,0","342,19K","-0,32%"
"10.03.2025","18.800,0","19.000,0","19.000,0","18.600,0","255,48K","-1,05%"
"07.03.2025","19.000,0","19.400,0","19.460,0","19.000,0","400,88K","-2,06%"
"06.03.2025","19.400,0","19.620,0","19.880,0","19.300,0","232,95K","-1,82%"
"05.03.2025","19.760,0","20.160,0","20.440,0","19.680,0","240,90K","-1,98%"
"04.03.2025","20.160,0","19.840,0","20.160,0","19.400,0","260,20K","0,80%"
"03.03.2025","20.000,0","20.720,0","20.800,0","20.000,0","338,52K","-3,47%"
"28.02.2025","20.720,0","20.700,0","20.760,0","20.080,0","1,52M","0,10%"
"27.02.2025","20.700,0","20.080,0","20.700,0","20.000,0","429,56K","3,09%"
"26.02.2025","20.080,0","20.040,0","20.100,0","19.520,0","209,66K","-1,95%"
"25.02.2025","20.480,0","20.380,0","20.820,0","20.320,0","240,98K","-0,10%"
"24.02.2025","20.500,0","20.240,0","20.500,0","20.020,0","292,88K","0,99%"
"21.02.2025","20.300,0","19.260,0","20.360,0","19.260,0","464,12K","2,53%"
"20.02.2025","19.800,0","18.880,0","19.800,0","18.880,0","612,66K","2,06%"
"19.02.2025","19.400,0","18.520,0","19.400,0","18.520,0","506,28K","3,30%"
"18.02.2025","18.780,0","18.060,0","18.780,0","18.060,0","508,58K","3,30%"
"17.02.2025","18.180,0","17.720,0","18.300,0","17.720,0","421,01K","1,79%"
"14.02.2025","17.860,0","17.680,0","17.940,0","17.680,0","74,04K","0,79%"
"13.02.2025","17.720,0","18.020,0","18.020,0","17.600,0","408,59K","-1,88%"
"12.02.2025","18.060,0","18.100,0","18.160,0","18.000,0","331,17K","-0,22%"
"11.02.2025","18.100,0","18.340,0","18.340,0","18.040,0","157,73K","-1,42%"
"10.02.2025","18.360,0","18.000,0","18.360,0","18.000,0","200,39K","2,00%"
"07.02.2025","18.000,0","18.060,0","18.380,0","18.000,0","242,88K","-0,99%"
"06.02.2025","18.180,0","17.920,0","18.260,0","17.860,0","219,05K","1,00%"
"05.02.2025","18.000,0","18.020,0","18.040,0","17.840,0","343,84K","-2,17%"
"04.02.2025","18.400,0","17.940,0","18.400,0","17.860,0","284,21K","2,56%"
"03.02.2025","17.940,0","18.300,0","18.300,0","17.820,0","186,14K","-2,92%"
"31.01.2025","18.480,0","18.200,0","18.900,0","18.200,0","705,98K","-0,32%"
"30.01.2025","18.540,0","17.980,0","18.780,0","17.980,0","926,22K","3,11%"
"29.01.2025","17.980,0","17.040,0","17.980,0","17.040,0","1,00M","5,52%"
"28.01.2025","17.040,0","16.880,0","17.080,0","16.860,0","308,42K","0,83%"
"27.01.2025","16.900,0","16.860,0","16.940,0","16.800,0","185,76K","0,48%"
"24.01.2025","16.820,0","16.700,0","16.820,0","16.700,0","166,65K","0,48%"
"23.01.2025","16.740,0","16.700,0","16.900,0","16.700,0","232,56K","0,48%"
"22.01.2025","16.660,0","17.000,0","17.120,0","16.660,0","198,43K","-2,23%"
"21.01.2025","17.040,0","16.880,0","17.080,0","16.880,0","162,45K","0,71%"
"20.01.2025","16.920,0","17.160,0","17.200,0","16.860,0","63,60K","-1,05%"
"17.01.2025","17.100,0","17.080,0","17.180,0","16.960,0","541,86K","0,12%"
"16.01.2025","17.080,0","17.000,0","17.180,0","16.940,0","238,64K","0,47%"
"15.01.2025","17.000,0","16.940,0","17.000,0","16.900,0","187,76K","0,35%"
"14.01.2025","16.940,0","16.980,0","17.060,0","16.900,0","293,17K","-0,59%"
"13.01.2025","17.040,0","17.000,0","17.100,0","17.000,0","158,57K","-0,23%"
"10.01.2025","17.080,0","17.120,0","17.240,0","17.060,0","128,11K","0,23%"
"09.01.2025","17.040,0","17.100,0","17.140,0","17.040,0","142,37K","0,00%"
"08.01.2025","17.040,0","17.280,0","17.400,0","17.040,0","685,56K","-1,50%"
"07.01.2025","17.300,0","16.760,0","17.300,0","16.740,0","788,48K","3,35%"
"03.01.2025","16.740,0","16.620,0","16.840,0","16.620,0","79,57K","-0,95%"
"02.01.2025","16.900,0","16.700,0","16.900,0","16.640,0","41,94K","1,20%"
"30.12.2024","16.700,0","16.500,0","16.800,0","16.500,0","157,14K","1,21%"
"27.12.2024","16.500,0","16.700,0","16.880,0","16.500,0","69,02K","-1,20%"
"26.12.2024","16.700,0","16.580,0","16.700,0","16.320,0","29,36K","1,21%"
"24.12.2024","16.500,0","16.500,0","16.500,0","16.500,0","6,74K","0,00%"
"23.12.2024","16.500,0","16.480,0","16.500,0","16.000,0","217,77K","1,85%"
"20.12.2024","16.200,0","16.440,0","16.500,0","16.200,0","824,85K","-0,25%"
"19.12.2024","16.240,0","16.400,0","16.560,0","16.100,0","736,20K","-0,37%"
"18.12.2024","16.300,0","16.580,0","16.580,0","16.300,0","659,89K","-1,21%"
"17.12.2024","16.500,0","16.780,0","16.780,0","16.500,0","100,81K","-1,67%"
"16.12.2024","16.780,0","16.800,0","16.880,0","16.720,0","175,55K","-0,12%"
"13.12.2024","16.800,0","16.800,0","16.900,0","16.700,0","188,86K","0,00%"
"12.12.2024","16.800,0","16.860,0","16.880,0","16.620,0","115,66K","-0,71%"
"11.12.2024","16.920,0","16.760,0","17.060,0","16.700,0","341,13K","0,95%"
"10.12.2024","16.760,0","16.860,0","17.060,0","16.760,0","221,55K","-0,36%"
"09.12.2024","16.820,0","16.880,0","17.080,0","16.760,0","271,77K","-0,36%"
"06.12.2024","16.880,0","17.160,0","17.200,0","16.880,0","104,92K","-1,63%"
"05.12.2024","17.160,0","17.000,0","17.160,0","16.920,0","305,12K","2,14%"
"04.12.2024","16.800,0","16.900,0","17.220,0","16.800,0","238,52K","-0,94%"
"03.12.2024","16.960,0","17.260,0","17.420,0","16.900,0","460,89K","-1,51%"
"02.12.2024","17.220,0","17.100,0","17.220,0","16.920,0","163,46K","2,50%"
"29.11.2024","16.800,0","16.980,0","17.040,0","16.780,0","348,02K","-1,06%"
"28.11.2024","16.980,0","17.280,0","17.280,0","16.980,0","98,81K","-1,85%"
"27.11.2024","17.300,0","17.120,0","17.300,0","16.920,0","229,23K","1,88%"
"26.11.2024","16.980,0","17.060,0","17.160,0","16.940,0","143,43K","1,68%"
"25.11.2024","16.700,0","17.240,0","17.240,0","16.700,0","3,28M","-3,13%"
"22.11.2024","17.240,0","17.140,0","17.340,0","17.080,0","253,32K","0,00%"
"21.11.2024","17.240,0","17.500,0","17.660,0","17.240,0","345,99K","-0,35%"
"20.11.2024","17.300,0","17.000,0","17.680,0","17.000,0","461,12K","2,25%"
"19.11.2024","16.920,0","17.020,0","17.180,0","16.920,0","246,80K","-0,47%"
"18.11.2024","17.000,0","17.060,0","17.060,0","16.820,0","222,51K","0,12%"
"15.11.2024","16.980,0","17.100,0","17.100,0","16.920,0","355,96K","-0,35%"
"14.11.2024","17.040,0","17.180,0","17.260,0","17.040,0","226,55K","0,24%"
"13.11.2024","17.000,0","17.340,0","17.340,0","17.000,0","179,64K","-1,96%"
"12.11.2024","17.340,0","17.340,0","17.340,0","17.080,0","251,86K","-0,34%"
"08.11.2024","17.400,0","17.580,0","17.580,0","17.400,0","99,74K","-1,69%"
"07.11.2024","17.700,0","17.680,0","17.980,0","17.680,0","155,38K","-1,56%"
"06.11.2024","17.980,0","17.320,0","17.980,0","17.320,0","543,31K","4,05%"
"05.11.2024","17.280,0","17.460,0","17.700,0","17.200,0","266,65K","-0,92%"
"01.11.2024","17.440,0","17.840,0","17.860,0","17.440,0","180,41K","-0,80%"
"31.10.2024","17.580,0","17.760,0","17.840,0","17.580,0","241,43K","-1,90%"
"30.10.2024","17.920,0","17.760,0","18.000,0","17.760,0","439,99K","-0,44%"
"29.10.2024","18.000,0","18.000,0","18.000,0","17.700,0","105,20K","0,00%"
"28.10.2024","18.000,0","17.800,0","18.000,0","17.800,0","161,15K","0,56%"
"25.10.2024","17.900,0","18.180,0","18.200,0","17.860,0","151,36K","-1,54%"
"24.10.2024","18.180,0","17.840,0","18.180,0","17.780,0","42,42K","2,48%"
"23.10.2024","17.740,0","18.000,0","18.000,0","17.600,0","177,59K","-1,99%"
"22.10.2024","18.100,0","18.000,0","18.280,0","18.000,0","157,40K","-1,74%"
"21.10.2024","18.420,0","18.020,0","18.420,0","17.820,0","143,28K","2,22%"
"18.10.2024","18.020,0","17.720,0","18.100,0","17.720,0","277,17K","0,11%"
"17.10.2024","18.000,0","17.660,0","18.000,0","17.260,0","146,26K","2,27%"
"16.10.2024","17.600,0","17.200,0","17.600,0","17.200,0","99,54K","0,46%"
"15.10.2024","17.520,0","17.280,0","17.580,0","17.120,0","299,37K","0,11%"
"11.10.2024","17.500,0","17.160,0","17.500,0","16.960,0","264,51K","2,82%"
"10.10.2024","17.020,0","17.120,0","17.140,0","16.960,0","365,91K","-0,12%"
"09.10.2024","17.040,0","17.260,0","17.360,0","17.020,0","137,87K","-0,93%"
"08.10.2024","17.200,0","17.680,0","17.700,0","17.180,0","443,63K","-2,82%"
"07.10.2024","17.700,0","17.380,0","17.700,0","17.380,0","202,12K","1,37%"
"04.10.2024","17.460,0","17.140,0","17.500,0","17.140,0","701,00K","2,22%"
"03.10.2024","17.080,0","16.880,0","17.140,0","16.860,0","251,61K","0,00%"
"02.10.2024","17.080,0","16.720,0","17.080,0","16.720,0","209,26K","2,15%"
"01.10.2024","16.720,0","17.080,0","17.080,0","16.720,0","149,68K","-2,11%"
"30.09.2024","17.080,0","17.200,0","17.500,0","17.000,0","200,39K","-1,16%"
"27.09.2024","17.280,0","17.560,0","17.580,0","17.160,0","228,91K","-2,37%"
"26.09.2024","17.700,0","17.500,0","17.700,0","17.260,0","123,32K","2,67%"
"25.09.2024","17.240,0","17.480,0","17.500,0","17.160,0","274,75K","-1,82%"
"24.09.2024","17.560,0","17.500,0","17.640,0","17.480,0","258,48K","1,27%"
"23.09.2024","17.340,0","17.200,0","17.480,0","17.100,0","521,13K","-0,80%"
"20.09.2024","17.480,0","17.200,0","17.480,0","17.040,0","1,06M","1,04%"
"19.09.2024","17.300,0","16.880,0","17.300,0","16.780,0","108,54K","3,10%"
"18.09.2024","16.780,0","16.840,0","16.900,0","16.680,0","71,68K","0,00%"
"17.09.2024","16.780,0","16.840,0","16.940,0","16.620,0","68,04K","-0,12%"
"16.09.2024","16.800,0","16.860,0","16.980,0","16.800,0","86,61K","-0,94%"
"13.09.2024","16.960,0","17.020,0","17.180,0","16.960,0","94,77K","-0,35%"
"12.09.2024","17.020,0","16.920,0","17.140,0","16.900,0","108,36K","1,07%"
"11.09.2024","16.840,0","17.300,0","17.460,0","16.840,0","204,85K","-1,86%"
"10.09.2024","17.160,0","17.500,0","17.500,0","17.160,0","84,15K","-1,83%"
"09.09.2024","17.480,0","17.180,0","17.540,0","17.180,0","125,85K","0,92%"
"06.09.2024","17.320,0","17.400,0","17.560,0","17.320,0","183,28K","-0,35%"
"05.09.2024","17.380,0","17.500,0","17.520,0","17.380,0","270,43K","-0,23%"
"04.09.2024","17.420,0","17.700,0","17.860,0","17.420,0","111,50K","-3,22%"
"03.09.2024","18.000,0","18.000,0","18.000,0","17.840,0","178,04K","0,33%"
"02.09.2024","17.940,0","17.520,0","18.060,0","17.520,0","224,39K","-1,21%"
"30.08.2024","18.160,0","17.400,0","18.160,0","17.260,0","1,44M","4,25%"
"29.08.2024","17.420,0","17.420,0","17.420,0","17.160,0","168,61K","-0,11%"
"28.08.2024","17.440,0","17.360,0","17.440,0","17.240,0","217,32K","0,58%"
"27.08.2024","17.340,0","17.220,0","17.420,0","17.200,0","211,51K","0,81%"
"26.08.2024","17.200,0","17.240,0","17.240,0","17.020,0","152,95K","-0,35%"
"23.08.2024","17.260,0","17.620,0","17.620,0","17.260,0","222,76K","-2,38%"
"22.08.2024","17.680,0","17.800,0","17.800,0","17.280,0","342,86K","-1,45%"
"21.08.2024","17.940,0","18.040,0","18.040,0","17.840,0","90,18K","-0,99%"
"20.08.2024","18.120,0","17.900,0","18.120,0","17.840,0","220,23K","-0,44%"
"16.08.2024","18.200,0","18.180,0","18.200,0","17.920,0","265,17K","-0,33%"
"15.08.2024","18.260,0","17.820,0","18.300,0","17.700,0","382,24K","-0,65%"
"14.08.2024","18.380,0","17.500,0","18.380,0","17.500,0","472,12K","5,27%"
"13.08.2024","17.460,0","16.980,0","17.480,0","16.980,0","322,77K","3,56%"
"12.08.2024","16.860,0","16.420,0","16.960,0","16.420,0","275,70K","2,55%"
"09.08.2024","16.440,0","16.600,0","16.900,0","16.440,0","270,55K","-0,96%"
"08.08.2024","16.600,0","16.740,0","17.000,0","16.600,0","222,61K","-0,84%"
"06.08.2024","16.740,0","16.960,0","16.960,0","16.580,0","538,42K","2,07%"
"05.08.2024","16.400,0","17.020,0","17.020,0","16.300,0","302,90K","-4,09%"
"02.08.2024","17.100,0","17.600,0","17.640,0","17.060,0","225,18K","-2,84%"
"01.08.2024","17.600,0","17.660,0","17.660,0","17.600,0","93,59K","0,57%"
"31.07.2024","17.500,0","17.700,0","17.760,0","17.500,0","281,83K","-0,79%"
"30.07.2024","17.640,0","17.860,0","17.880,0","17.640,0","99,16K","-2,00%"
"29.07.2024","18.000,0","17.880,0","18.020,0","17.620,0","133,60K","0,67%"
"26.07.2024","17.880,0","18.260,0","18.260,0","17.820,0","129,37K","-2,08%"
"25.07.2024","18.260,0","18.240,0","18.260,0","18.140,0","47,78K","-0,65%"
"24.07.2024","18.380,0","18.280,0","18.380,0","18.180,0","148,48K","0,44%"
"23.07.2024","18.300,0","18.300,0","18.340,0","18.180,0","139,60K","0,00%"
"22.07.2024","18.300,0","18.300,0","18.360,0","18.120,0","232,31K","0,00%"
"19.07.2024","18.300,0","18.100,0","18.300,0","18.080,0","209,26K","0,55%"
"18.07.2024","18.200,0","18.100,0","18.200,0","18.000,0","120,39K","-1,09%"
"17.07.2024","18.400,0","18.460,0","18.460,0","18.300,0","142,50K","-0,33%"
"16.07.2024","18.460,0","18.360,0","18.460,0","18.360,0","147,94K","0,44%"
"15.07.2024","18.380,0","18.180,0","18.380,0","18.140,0","131,73K","0,66%"
"12.07.2024","18.260,0","18.280,0","18.300,0","18.120,0","180,49K","0,66%"
"11.07.2024","18.140,0","18.120,0","18.280,0","18.120,0","136,47K","0,22%"
"10.07.2024","18.100,0","18.260,0","18.380,0","18.100,0","201,47K","-0,98%"
"09.07.2024","18.280,0","18.340,0","18.340,0","18.200,0","133,96K","-0,65%"
"08.07.2024","18.400,0","18.300,0","18.400,0","18.300,0","199,41K","0,44%"
"05.07.2024","18.320,0","18.320,0","18.360,0","18.240,0","278,23K","-0,33%"
"04.07.2024","18.380,0","18.360,0","18.480,0","18.300,0","75,73K","0,44%"
"03.07.2024","18.300,0","18.320,0","18.480,0","18.260,0","140,77K","0,55%"
"02.07.2024","18.200,0","18.240,0","18.400,0","18.200,0","369,71K","0,00%"
"28.06.2024","18.200,0","17.980,0","18.480,0","17.960,0","355,88K","1,00%"
"27.06.2024","18.020,0","18.000,0","18.100,0","17.940,0","135,68K","0,78%"
"26.06.2024","17.880,0","17.840,0","18.180,0","17.840,0","408,18K","0,79%"
"25.06.2024","17.740,0","17.800,0","17.880,0","17.740,0","185,93K","-1,44%"
"24.06.2024","18.000,0","17.900,0","18.000,0","17.820,0","311,65K","1,47%"
"21.06.2024","17.740,0","17.960,0","18.060,0","17.740,0","414,19K","-0,56%"
"20.06.2024","17.840,0","17.720,0","18.140,0","17.720,0","364,68K","0,68%"
"19.06.2024","17.720,0","18.320,0","18.340,0","17.720,0","185,06K","-3,06%"
"18.06.2024","18.280,0","17.900,0","18.280,0","17.880,0","167,50K","3,86%"
"17.06.2024","17.600,0","17.780,0","17.860,0","17.500,0","382,29K","0,46%"
"14.06.2024","17.520,0","17.720,0","17.720,0","17.520,0","191,17K","-1,02%"
"13.06.2024","17.700,0","18.080,0","18.140,0","17.700,0","248,23K","-1,67%"
"12.06.2024","18.000,0","18.320,0","18.440,0","17.880,0","265,79K","-1,10%"
"11.06.2024","18.200,0","18.740,0","18.800,0","18.200,0","630,13K","-2,57%"
"07.06.2024","18.680,0","19.060,0","19.120,0","18.680,0","169,16K","-1,99%"
"06.06.2024","19.060,0","19.080,0","19.100,0","19.000,0","192,30K","-0,73%"
"05.06.2024","19.200,0","19.100,0","19.320,0","18.940,0","420,31K","1,05%"
"04.06.2024","19.000,0","19.140,0","19.180,0","18.740,0","276,88K","-0,73%"
"31.05.2024","19.140,0","18.560,0","19.140,0","18.500,0","3,33M","1,59%"
"30.05.2024","18.840,0","18.380,0","18.840,0","18.300,0","411,32K","3,40%"
"29.05.2024","18.220,0","18.480,0","18.480,0","18.220,0","181,12K","-0,55%"
"28.05.2024","18.320,0","18.720,0","18.860,0","18.320,0","414,91K","-3,98%"
"27.05.2024","19.080,0","18.380,0","19.080,0","18.380,0","211,78K","2,69%"
"24.05.2024","18.580,0","18.200,0","18.580,0","18.200,0","194,88K","1,75%"
"23.05.2024","18.260,0","18.120,0","18.440,0","18.100,0","191,30K","-0,98%"
"22.05.2024","18.440,0","18.700,0","18.700,0","18.440,0","300,97K","-0,86%"
"21.05.2024","18.600,0","18.860,0","18.960,0","18.600,0","260,99K","-0,85%"
"20.05.2024","18.760,0","18.940,0","18.960,0","18.760,0","891,60K","0,00%"
"17.05.2024","18.760,0","18.760,0","18.920,0","18.500,0","729,30K","0,00%"
"16.05.2024","18.760,0","18.880,0","18.900,0","18.720,0","418,87K","0,00%"
"15.05.2024","18.760,0","18.900,0","18.900,0","18.740,0","265,72K","-0,21%"
"14.05.2024","18.800,0","18.740,0","18.860,0","18.720,0","453,80K","0,64%"
"10.05.2024","18.680,0","18.840,0","18.880,0","18.680,0","389,95K","-0,32%"
"09.05.2024","18.740,0","18.840,0","19.000,0","18.720,0","456,95K","-0,11%"
"08.05.2024","18.760,0","18.900,0","18.900,0","18.580,0","641,43K","0,00%"
"07.05.2024","18.760,0","19.040,0","19.180,0","18.760,0","473,19K","-1,26%"
"06.05.2024","19.000,0","19.060,0","19.120,0","18.880,0","244,29K","-0,52%"
"03.05.2024","19.100,0","18.800,0","19.100,0","18.600,0","537,90K","1,60%"
"02.05.2024","18.800,0","18.460,0","18.800,0","18.100,0","757,80K","3,87%"
"30.04.2024","18.100,0","18.780,0","18.880,0","18.100,0","615,67K","-3,62%"
"29.04.2024","18.780,0","18.300,0","18.780,0","18.160,0","443,96K","3,99%"
"26.04.2024","18.060,0","18.100,0","18.180,0","17.940,0","474,19K","0,89%"
"25.04.2024","17.900,0","18.180,0","18.280,0","17.900,0","401,74K","-1,65%"
"24.04.2024","18.200,0","17.840,0","18.300,0","17.700,0","1,24M","1,68%"
"23.04.2024","17.900,0","18.240,0","18.240,0","17.840,0","269,11K","-1,10%"
"22.04.2024","18.100,0","18.540,0","18.560,0","18.080,0","345,70K","0,56%"
"19.04.2024","18.000,0","17.980,0","18.280,0","17.920,0","548,95K","0,11%"
"18.04.2024","17.980,0","18.400,0","18.400,0","17.860,0","402,31K","-2,28%"
"17.04.2024","18.400,0","18.500,0","18.800,0","18.340,0","562,48K","-0,54%"
"16.04.2024","18.500,0","18.600,0","19.020,0","18.500,0","397,82K","-0,54%"
"15.04.2024","18.600,0","19.100,0","19.100,0","18.600,0","460,63K","-2,11%"
"12.04.2024","19.000,0","19.700,0","19.800,0","19.000,0","242,74K","-3,55%"
"11.04.2024","19.700,0","19.960,0","20.000,0","19.700,0","1,67M","-0,51%"
"10.04.2024","19.800,0","19.740,0","20.140,0","19.740,0","1,26M","0,61%"
"09.04.2024","19.680,0","19.300,0","19.980,0","19.300,0","802,04K","2,50%"
"08.04.2024","19.200,0","19.500,0","19.580,0","19.100,0","566,40K","0,00%"
"05.04.2024","19.200,0","19.680,0","19.720,0","19.200,0","363,59K","-2,24%"
"04.04.2024","19.640,0","19.740,0","19.800,0","19.640,0","483,99K","0,20%"
"03.04.2024","19.600,0","19.660,0","19.860,0","19.600,0","160,92K","-1,31%"
"02.04.2024","19.860,0","19.700,0","19.980,0","19.560,0","438,85K","1,33%"
"01.04.2024","19.600,0","19.720,0","19.720,0","19.440,0","219,91K","-0,91%"
"27.03.2024","19.780,0","19.440,0","19.780,0","19.260,0","120,63K","1,96%"
"26.03.2024","19.400,0","19.300,0","19.500,0","19.300,0","162,07K","-0,10%"
"22.03.2024","19.420,0","19.340,0","19.420,0","19.240,0","157,00K","0,41%"
"21.03.2024","19.340,0","19.060,0","19.340,0","18.940,0","511,14K","1,26%"
"20.03.2024","19.100,0","19.400,0","19.460,0","18.980,0","230,86K","-1,04%"
"19.03.2024","19.300,0","19.600,0","19.660,0","19.300,0","120,89K","-2,03%"
"18.03.2024","19.700,0","19.140,0","20.340,0","19.000,0","510,18K","-1,30%"
"15.03.2024","19.960,0","19.000,0","19.960,0","18.680,0","2,31M","3,96%"
"14.03.2024","19.200,0","18.280,0","19.200,0","18.280,0","642,00K","3,78%"
"13.03.2024","18.500,0","17.500,0","18.500,0","17.500,0","388,12K","4,88%"
"12.03.2024","17.640,0","18.060,0","18.240,0","17.080,0","1,34M","-4,13%"
"11.03.2024","18.400,0","18.040,0","18.400,0","17.980,0","293,11K","1,10%"
"08.03.2024","18.200,0","18.000,0","18.480,0","18.000,0","840,25K","1,22%"
"07.03.2024","17.980,0","17.660,0","18.100,0","17.380,0","461,03K","1,35%"
"06.03.2024","17.740,0","17.280,0","17.980,0","17.280,0","612,66K","3,14%"
"05.03.2024","17.200,0","16.920,0","17.200,0","16.900,0","266,14K","1,78%"
"04.03.2024","16.900,0","16.860,0","16.980,0","16.600,0","153,56K","0,24%"
"01.03.2024","16.860,0","16.720,0","17.140,0","16.720,0","210,75K","0,84%"
"29.02.2024","16.720,0","17.180,0","17.180,0","16.680,0","1,37M","-2,56%"
"28.02.2024","17.160,0","17.400,0","17.440,0","17.160,0","192,06K","-1,04%"
"27.02.2024","17.340,0","17.180,0","17.400,0","17.180,0","134,54K","0,81%"
"26.02.2024","17.200,0","17.000,0","17.400,0","16.960,0","185,03K","0,58%"
"23.02.2024","17.100,0","17.140,0","17.140,0","17.060,0","499,89K","0,00%"
"22.02.2024","17.100,0","17.140,0","17.320,0","17.100,0","282,12K","-0,23%"
"21.02.2024","17.140,0","16.640,0","17.180,0","16.640,0","797,79K","2,02%"
"20.02.2024","16.800,0","16.500,0","16.800,0","16.320,0","177,82K","1,20%"
"19.02.2024","16.600,0","16.300,0","16.600,0","16.000,0","228,34K","-1,19%"
"16.02.2024","16.800,0","16.780,0","16.800,0","16.640,0","115,62K","1,20%"
"15.02.2024","16.600,0","16.560,0","16.820,0","16.560,0","77,01K","0,00%"
"14.02.2024","16.600,0","16.120,0","16.620,0","16.120,0","301,39K","3,75%"
"13.02.2024","16.000,0","16.220,0","16.220,0","16.000,0","312,11K","-1,36%"
"12.02.2024","16.220,0","16.260,0","16.440,0","16.220,0","70,39K","0,50%"
"09.02.2024","16.140,0","16.520,0","16.520,0","16.140,0","235,90K","-0,98%"
"08.02.2024","16.300,0","16.760,0","16.760,0","16.300,0","269,16K","-2,74%"
"07.02.2024","16.760,0","16.840,0","16.860,0","16.740,0","228,41K","-0,36%"
"06.02.2024","16.820,0","16.820,0","16.820,0","16.700,0","133,55K","-0,36%"
"05.02.2024","16.880,0","16.900,0","16.940,0","16.860,0","120,01K","-0,47%"
"02.02.2024","16.960,0","16.920,0","16.960,0","16.760,0","86,73K","0,00%"
"01.02.2024","16.960,0","16.980,0","17.000,0","16.880,0","241,89K","0,59%"
"31.01.2024","16.860,0","16.800,0","17.160,0","16.800,0","315,02K","0,36%"
"30.01.2024","16.800,0","17.160,0","17.160,0","16.800,0","510,07K","-1,75%"
"29.01.2024","17.100,0","17.100,0","17.220,0","17.020,0","263,52K","0,00%"
"26.01.2024","17.100,0","16.980,0","17.280,0","16.860,0","329,70K","1,18%"
"25.01.2024","16.900,0","16.740,0","16.980,0","16.540,0","301,52K","0,96%"
"24.01.2024","16.740,0","16.960,0","16.960,0","16.720,0","198,77K","-0,83%"
"23.01.2024","16.880,0","17.160,0","17.360,0","16.880,0","328,64K","-0,71%"
"22.01.2024","17.000,0","17.000,0","17.220,0","16.800,0","266,96K","-1,28%"
"19.01.2024","17.220,0","17.120,0","17.220,0","16.700,0","325,77K","1,18%"
"18.01.2024","17.020,0","17.640,0","17.640,0","17.020,0","807,28K","-2,18%"
"17.01.2024","17.400,0","18.020,0","18.140,0","17.400,0","554,38K","-3,55%"
"16.01.2024","18.040,0","17.540,0","18.060,0","17.540,0","415,95K","3,20%"
"15.01.2024","17.480,0","17.660,0","17.660,0","17.400,0","117,84K","-1,24%"
"12.01.2024","17.700,0","17.400,0","17.700,0","17.400,0","305,43K","1,72%"
"11.01.2024","17.400,0","17.480,0","17.580,0","17.340,0","312,39K","0,00%"
"10.01.2024","17.400,0","17.680,0","17.940,0","17.320,0","209,08K","-1,47%"
"09.01.2024","17.660,0","16.960,0","17.740,0","16.880,0","247,11K","3,88%"
"05.01.2024","17.000,0","16.620,0","17.120,0","16.620,0","414,70K","2,41%"
"04.01.2024","16.600,0","16.380,0","16.780,0","16.320,0","590,04K","2,72%"
"03.01.2024","16.160,0","16.280,0","16.380,0","16.060,0","349,46K","-0,98%"
"02.01.2024","16.320,0","15.480,0","16.340,0","15.420,0","333,95K","5,43%"
"28.12.2023","15.480,0","15.560,0","15.720,0","15.320,0","330,63K","-0,26%"
"27.12.2023","15.520,0","15.460,0","15.600,0","15.160,0","462,65K","1,84%"
"26.12.2023","15.240,0","15.200,0","15.460,0","15.200,0","45,43K","1,33%"
"22.12.2023","15.040,0","15.080,0","15.280,0","15.040,0","144,57K","1,08%"
"21.12.2023","14.880,0","15.160,0","15.160,0","14.860,0","343,86K","0,27%"
"20.12.2023","14.840,0","15.100,0","15.260,0","14.840,0","310,94K","-2,11%"
"19.12.2023","15.160,0","15.120,0","15.200,0","15.000,0","247,87K","0,00%"
"18.12.2023","15.160,0","15.280,0","15.300,0","15.000,0","126,71K","0,00%"
"15.12.2023","15.160,0","15.060,0","15.300,0","14.980,0","1,41M","0,66%"
"14.12.2023","15.060,0","15.440,0","15.440,0","15.000,0","581,02K","-3,46%"
"13.12.2023","15.600,0","15.500,0","15.600,0","15.440,0","424,54K","0,65%"
"12.12.2023","15.500,0","15.500,0","15.520,0","15.320,0","152,47K","0,00%"
"11.12.2023","15.500,0","15.640,0","15.660,0","15.420,0","184,31K","-1,90%"
"07.12.2023","15.800,0","15.300,0","15.800,0","15.200,0","279,73K","3,27%"
"06.12.2023","15.300,0","15.360,0","15.380,0","15.280,0","145,29K","0,00%"
"05.12.2023","15.300,0","15.300,0","15.480,0","15.180,0","315,08K","0,66%"
"04.12.2023","15.200,0","15.280,0","15.300,0","15.200,0","326,89K","-0,13%"
"01.12.2023","15.220,0","15.340,0","15.400,0","15.160,0","236,86K","0,40%"
"30.11.2023","15.160,0","15.360,0","15.600,0","15.160,0","2,18M","0,00%"
"29.11.2023","15.160,0","15.220,0","15.260,0","15.040,0","568,12K","-0,26%"
"28.11.2023","15.200,0","15.300,0","15.340,0","15.140,0","171,79K","0,53%"
"27.11.2023","15.120,0","15.240,0","15.240,0","15.100,0","342,33K","-0,79%"
"24.11.2023","15.240,0","15.300,0","15.320,0","15.100,0","333,70K","0,00%"
"23.11.2023","15.240,0","15.320,0","15.480,0","15.100,0","252,67K","-1,68%"
"22.11.2023","15.500,0","15.500,0","15.640,0","15.300,0","244,62K","-0,64%"
"21.11.2023","15.600,0","15.800,0","15.800,0","15.460,0","117,72K","-1,64%"
"20.11.2023","15.860,0","15.860,0","15.940,0","15.760,0","213,24K","0,00%"
"17.11.2023","15.860,0","15.300,0","15.900,0","15.300,0","229,18K","4,62%"
"16.11.2023","15.160,0","15.200,0","15.260,0","15.100,0","309,31K","0,40%"
"15.11.2023","15.100,0","15.240,0","15.380,0","15.100,0","410,07K","-0,92%"
"14.11.2023","15.240,0","15.000,0","15.240,0","15.000,0","191,88K","2,01%"
"10.11.2023","14.940,0","15.380,0","15.400,0","14.940,0","197,11K","-2,86%"
"09.11.2023","15.380,0","15.140,0","15.380,0","15.040,0","124,27K","1,85%"
"08.11.2023","15.100,0","15.000,0","15.100,0","14.900,0","65,70K","0,67%"
"07.11.2023","15.000,0","14.650,0","15.000,0","14.650,0","187,67K","2,39%"
"03.11.2023","14.650,0","14.700,0","14.740,0","14.510,0","185,33K","0,00%"
"02.11.2023","14.650,0","14.430,0","14.650,0","14.400,0","54,15K","1,74%"
"01.11.2023","14.400,0","14.500,0","14.800,0","14.400,0","131,00K","-0,69%"
"31.10.2023","14.500,0","14.750,0","14.750,0","14.470,0","147,54K","0,62%"
"30.10.2023","14.410,0","14.890,0","14.990,0","14.400,0","114,89K","0,07%"
"27.10.2023","14.400,0","14.690,0","14.790,0","14.200,0","325,82K","4,20%"
"26.10.2023","13.820,0","14.800,0","14.800,0","13.820,0","280,51K","-6,50%"
"25.10.2023","14.780,0","14.730,0","14.920,0","14.730,0","81,56K","0,54%"
"24.10.2023","14.700,0","14.660,0","14.850,0","14.660,0","45,52K","0,00%"
"23.10.2023","14.700,0","14.990,0","14.990,0","14.700,0","75,08K","-2,00%"
"20.10.2023","15.000,0","14.700,0","15.000,0","14.700,0","267,70K","3,31%"
"19.10.2023","14.520,0","14.700,0","14.900,0","14.520,0","150,40K","-0,55%"
"18.10.2023","14.600,0","14.500,0","14.800,0","14.500,0","200,36K","0,69%"
"17.10.2023","14.500,0","14.260,0","14.540,0","14.260,0","109,03K","1,68%"
"13.10.2023","14.260,0","14.250,0","14.330,0","14.200,0","118,16K","1,71%"
"12.10.2023","14.020,0","14.290,0","14.290,0","14.020,0","113,17K","-2,57%"
"11.10.2023","14.390,0","13.890,0","14.390,0","13.890,0","336,71K","4,12%"
"10.10.2023","13.820,0","14.120,0","14.120,0","13.820,0","167,57K","-1,99%"
"09.10.2023","14.100,0","14.200,0","14.320,0","14.100,0","48,39K","0,00%"
"06.10.2023","14.100,0","14.160,0","14.160,0","13.920,0","70,60K","0,64%"
"05.10.2023","14.010,0","14.500,0","14.540,0","13.910,0","181,30K","-1,34%"
"04.10.2023","14.200,0","14.350,0","14.560,0","14.150,0","75,37K","0,35%"
"03.10.2023","14.150,0","14.560,0","14.600,0","14.150,0","275,87K","-3,08%"
"02.10.2023","14.600,0","14.950,0","14.950,0","14.570,0","304,57K","-2,14%"
"29.09.2023","14.920,0","14.810,0","14.990,0","14.810,0","178,83K","-0,53%"
"28.09.2023","15.000,0","15.130,0","15.130,0","14.860,0","146,39K","-1,96%"
"27.09.2023","15.300,0","14.500,0","15.300,0","14.300,0","557,51K","5,52%"
"26.09.2023","14.500,0","14.960,0","14.960,0","14.150,0","303,49K","-2,29%"
"25.09.2023","14.840,0","15.200,0","15.260,0","14.840,0","516,28K","-2,37%"
"22.09.2023","15.200,0","15.290,0","15.290,0","15.200,0","125,07K","-0,13%"
"21.09.2023","15.220,0","15.280,0","15.280,0","14.710,0","301,97K","-0,07%"
"20.09.2023","15.230,0","15.000,0","15.300,0","15.000,0","148,70K","0,20%"
"19.09.2023","15.200,0","15.280,0","15.400,0","14.900,0","391,77K","0,53%"
"18.09.2023","15.120,0","15.250,0","15.250,0","15.000,0","59,85K","-1,18%"
"15.09.2023","15.300,0","14.860,0","15.300,0","14.850,0","2,32M","4,01%"
"14.09.2023","14.710,0","14.650,0","15.000,0","14.650,0","62,30K","0,00%"
"13.09.2023","14.710,0","14.650,0","14.750,0","14.650,0","636,76K","0,07%"
"12.09.2023","14.700,0","14.300,0","14.700,0","14.250,0","1,13M","2,80%"
"11.09.2023","14.300,0","14.330,0","14.500,0","14.120,0","677,19K","0,00%"
"08.09.2023","14.300,0","14.200,0","14.440,0","14.200,0","118,12K","-0,69%"
"07.09.2023","14.400,0","13.900,0","14.640,0","13.800,0","179,90K","4,35%"
"06.09.2023","13.800,0","14.200,0","14.490,0","13.800,0","195,29K","-1,50%"
"05.09.2023","14.010,0","15.120,0","15.390,0","14.010,0","409,16K","-9,03%"
"04.09.2023","15.400,0","15.570,0","15.700,0","15.300,0","32,86K","-0,96%"
"01.09.2023","15.550,0","15.690,0","15.690,0","15.270,0","660,82K","3,81%"
"31.08.2023","14.980,0","16.500,0","16.500,0","14.980,0","899,50K","-9,98%"
"30.08.2023","16.640,0","16.310,0","16.640,0","16.290,0","88,39K","2,21%"
"29.08.2023","16.280,0","15.830,0","16.280,0","15.830,0","283,97K","1,94%"
"28.08.2023","15.970,0","15.700,0","15.970,0","15.700,0","76,99K","2,90%"
"25.08.2023","15.520,0","15.400,0","15.640,0","15.200,0","110,79K","1,44%"
"24.08.2023","15.300,0","15.600,0","15.600,0","15.170,0","142,39K","1,59%"
"23.08.2023","15.060,0","15.760,0","15.760,0","15.040,0","266,52K","-3,71%"
"22.08.2023","15.640,0","16.350,0","16.580,0","15.640,0","296,57K","-4,23%"
"18.08.2023","16.330,0","16.500,0","16.680,0","16.300,0","147,17K","-1,03%"
"17.08.2023","16.500,0","17.000,0","17.000,0","16.460,0","673,66K","-2,31%"
"16.08.2023","16.890,0","16.960,0","16.960,0","16.600,0","233,17K","-0,06%"
"15.08.2023","16.900,0","16.730,0","16.990,0","16.690,0","54,95K","0,00%"
"14.08.2023","16.900,0","16.630,0","16.900,0","16.630,0","88,12K","0,48%"
"11.08.2023","16.820,0","17.000,0","17.000,0","16.820,0","104,32K","-1,06%"
"10.08.2023","17.000,0","16.910,0","17.000,0","16.890,0","118,14K","0,00%"
"09.08.2023","17.000,0","17.000,0","17.000,0","16.850,0","372,04K","0,00%"
"08.08.2023","17.000,0","17.000,0","17.000,0","16.810,0","161,02K","0,00%"
"04.08.2023","17.000,0","17.140,0","17.140,0","16.700,0","32,72K","1,01%"
"03.08.2023","16.830,0","17.270,0","17.290,0","16.680,0","64,77K","1,32%"
"02.08.2023","16.610,0","17.270,0","17.270,0","16.610,0","196,21K","-3,09%"
"01.08.2023","17.140,0","17.290,0","17.290,0","17.100,0","104,25K","-0,17%"
"31.07.2023","17.170,0","17.060,0","17.290,0","17.060,0","372,78K","0,59%"
"28.07.2023","17.070,0","17.230,0","17.260,0","17.020,0","29,44K","-0,93%"
"27.07.2023","17.230,0","17.010,0","17.230,0","16.870,0","199,87K","1,41%"
"26.07.2023","16.990,0","17.040,0","17.290,0","16.990,0","228,51K","-1,51%"
"25.07.2023","17.250,0","17.240,0","17.250,0","17.060,0","111,48K","0,29%"
"24.07.2023","17.200,0","17.480,0","17.480,0","17.080,0","79,29K","-0,64%"
"21.07.2023","17.310,0","17.240,0","17.510,0","17.200,0","192,38K","0,06%"
"19.07.2023","17.300,0","17.380,0","17.460,0","17.260,0","247,15K","0,17%"
"18.07.2023","17.270,0","16.990,0","17.400,0","16.990,0","82,07K","1,23%"
"17.07.2023","17.060,0","17.100,0","17.180,0","16.920,0","115,75K","-0,23%"
"14.07.2023","17.100,0","17.100,0","17.200,0","16.950,0","512,54K","0,00%"
"13.07.2023","17.100,0","17.000,0","17.190,0","16.770,0","296,30K","0,77%"
"12.07.2023","16.970,0","16.900,0","16.980,0","16.750,0","470,89K","1,01%"
"11.07.2023","16.800,0","16.840,0","16.980,0","16.730,0","211,68K","0,30%"
"10.07.2023","16.750,0","16.970,0","16.970,0","16.620,0","129,99K","-1,35%"
"07.07.2023","16.980,0","16.660,0","16.980,0","16.330,0","279,70K","3,41%"
"06.07.2023","16.420,0","16.300,0","16.490,0","16.240,0","379,54K","0,31%"
"05.07.2023","16.370,0","16.680,0","17.100,0","16.370,0","834,69K","-2,50%"
"04.07.2023","16.790,0","16.890,0","17.030,0","16.750,0","53,47K","-0,59%"
"30.06.2023","16.890,0","16.990,0","16.990,0","16.760,0","122,42K","0,24%"
"29.06.2023","16.850,0","16.550,0","16.970,0","16.550,0","113,31K","1,81%"
"28.06.2023","16.550,0","16.950,0","17.000,0","16.550,0","89,46K","-1,78%"
"27.06.2023","16.850,0","16.890,0","16.890,0","16.570,0","220,39K","-0,24%"
"26.06.2023","16.890,0","17.000,0","17.010,0","16.890,0","146,19K","-0,53%"
"23.06.2023","16.980,0","17.150,0","17.150,0","16.800,0","173,07K","-0,99%"
"22.06.2023","17.150,0","17.520,0","17.600,0","17.100,0","100,34K","-2,28%"
"21.06.2023","17.550,0","17.900,0","17.900,0","17.550,0","201,95K","-1,96%"
"20.06.2023","17.900,0","17.750,0","17.900,0","17.320,0","407,78K","0,85%"
"16.06.2023","17.750,0","17.660,0","18.000,0","17.580,0","1,07M","-1,33%"
"15.06.2023","17.990,0","17.760,0","18.260,0","17.760,0","459,95K","0,11%"
"14.06.2023","17.970,0","17.700,0","18.180,0","17.700,0","472,82K","-2,34%"
"13.06.2023","18.400,0","17.600,0","18.400,0","17.450,0","146,05K","6,98%"
"09.06.2023","17.200,0","17.580,0","17.710,0","17.060,0","192,01K","-2,27%"
"08.06.2023","17.600,0","17.830,0","17.830,0","17.550,0","73,35K","-2,22%"
"07.06.2023","18.000,0","18.300,0","18.690,0","18.000,0","131,66K","-3,74%"
"06.06.2023","18.700,0","17.720,0","18.700,0","17.670,0","270,24K","5,17%"
"05.06.2023","17.780,0","17.820,0","17.980,0","17.600,0","38,51K","-1,22%"
"02.06.2023","18.000,0","17.600,0","18.000,0","17.590,0","241,78K","2,27%"
"01.06.2023","17.600,0","17.160,0","17.790,0","17.160,0","136,38K","0,00%"
"31.05.2023","17.600,0","16.630,0","17.600,0","16.620,0","2,53M","3,53%"
"30.05.2023","17.000,0","16.710,0","17.000,0","16.160,0","208,54K","1,98%"
"29.05.2023","16.670,0","16.150,0","17.100,0","16.150,0","69,25K","2,90%"
"26.05.2023","16.200,0","15.730,0","16.470,0","15.730,0","120,79K","3,18%"
"25.05.2023","15.700,0","16.000,0","16.100,0","15.600,0","181,25K","-1,88%"
"24.05.2023","16.000,0","16.180,0","16.300,0","16.000,0","56,69K","-0,87%"
"23.05.2023","16.140,0","16.610,0","16.610,0","16.140,0","227,74K","-1,94%"
"19.05.2023","16.460,0","16.980,0","16.980,0","16.460,0","45,15K","-4,41%"
"18.05.2023","17.220,0","16.780,0","17.220,0","16.780,0","204,11K","-2,60%"
"17.05.2023","17.680,0","17.420,0","17.900,0","17.420,0","129,60K","1,49%"
"16.05.2023","17.420,0","17.710,0","17.790,0","17.420,0","100,33K","-0,63%"
"15.05.2023","17.530,0","18.260,0","18.390,0","17.530,0","288,45K","-4,05%"
"12.05.2023","18.270,0","16.030,0","18.270,0","16.030,0","178,02K","5,61%"
"11.05.2023","17.300,0","17.990,0","17.990,0","17.300,0","220,50K","-1,70%"
"10.05.2023","17.600,0","17.800,0","17.800,0","17.500,0","201,96K","-1,12%"
"09.05.2023","17.800,0","17.860,0","17.860,0","17.560,0","171,63K","1,60%"
"08.05.2023","17.520,0","18.000,0","18.000,0","17.520,0","603,06K","-2,12%"
"05.05.2023","17.900,0","18.000,0","18.200,0","17.780,0","186,28K","-1,65%"
"04.05.2023","18.200,0","17.880,0","18.200,0","17.880,0","215,29K","1,79%"
"03.05.2023","17.880,0","18.300,0","18.300,0","17.710,0","256,83K","-1,22%"
"02.05.2023","18.100,0","18.190,0","18.340,0","18.010,0","323,98K","-0,55%"
"28.04.2023","18.200,0","17.930,0","18.200,0","17.810,0","240,08K","3,53%"
"27.04.2023","17.580,0","17.730,0","17.730,0","17.400,0","279,78K","-0,85%"
"26.04.2023","17.730,0","17.850,0","17.990,0","17.670,0","305,16K","0,17%"
"25.04.2023","17.700,0","17.620,0","17.810,0","17.580,0","158,95K","-1,45%"
"24.04.2023","17.960,0","17.200,0","17.960,0","17.200,0","154,89K","3,58%"
"21.04.2023","17.340,0","17.010,0","17.400,0","17.010,0","132,27K","-0,80%"
"20.04.2023","17.480,0","16.970,0","17.480,0","16.970,0","50,69K","3,13%"
"19.04.2023","16.950,0","16.860,0","16.950,0","16.510,0","177,61K","0,59%"
"18.04.2023","16.850,0","17.390,0","17.470,0","16.800,0","101,10K","-3,16%"
"17.04.2023","17.400,0","16.920,0","17.400,0","16.920,0","168,63K","3,45%"
"14.04.2023","16.820,0","16.810,0","16.920,0","16.790,0","388,67K","-0,12%"
"13.04.2023","16.840,0","16.850,0","16.980,0","16.840,0","212,91K","0,00%"
"12.04.2023","16.840,0","16.750,0","16.940,0","16.630,0","443,28K","0,84%"
"11.04.2023","16.700,0","16.450,0","16.750,0","16.390,0","476,77K","2,39%"
"10.04.2023","16.310,0","16.190,0","16.490,0","16.000,0","168,04K","0,25%"
"05.04.2023","16.270,0","15.800,0","16.270,0","15.660,0","203,98K","3,70%"
"04.04.2023","15.690,0","15.630,0","15.840,0","15.550,0","182,87K","0,71%"
"03.04.2023","15.580,0","15.200,0","15.580,0","15.100,0","101,36K","2,84%"
"31.03.2023","15.150,0","15.540,0","15.780,0","15.150,0","184,78K","-2,26%"
"30.03.2023","15.500,0","14.990,0","15.500,0","14.990,0","257,57K","4,73%"
"29.03.2023","14.800,0","15.170,0","15.170,0","14.380,0","279,96K","0,68%"
"28.03.2023","14.700,0","15.490,0","15.490,0","14.700,0","335,92K","-4,11%"
"27.03.2023","15.330,0","15.740,0","15.800,0","15.330,0","176,11K","-0,45%"
"24.03.2023","15.400,0","14.740,0","15.400,0","14.310,0","749,72K","4,27%"
"23.03.2023","14.770,0","15.300,0","15.430,0","14.700,0","79,61K","-3,27%"
"22.03.2023","15.270,0","15.690,0","15.780,0","15.000,0","364,96K","-2,05%"
"21.03.2023","15.590,0","15.500,0","15.830,0","15.500,0","39,25K","3,45%"
"17.03.2023","15.070,0","15.840,0","15.840,0","14.380,0","2,18M","-4,74%"
"16.03.2023","15.820,0","16.100,0","16.300,0","15.580,0","573,75K","-0,50%"
"15.03.2023","15.900,0","17.690,0","17.690,0","15.900,0","332,04K","-9,09%"
"14.03.2023","17.490,0","17.590,0","17.590,0","17.200,0","115,32K","-0,06%"
"13.03.2023","17.500,0","17.150,0","17.880,0","17.150,0","221,71K","0,00%"
"10.03.2023","17.500,0","17.530,0","17.690,0","17.350,0","234,54K","-0,17%"
"09.03.2023","17.530,0","18.100,0","18.100,0","17.530,0","51,50K","-4,73%"
"08.03.2023","18.400,0","18.010,0","18.760,0","18.010,0","132,87K","0,66%"
"07.03.2023","18.280,0","18.430,0","18.900,0","18.280,0","244,75K","0,16%"
"06.03.2023","18.250,0","17.600,0","18.250,0","17.600,0","106,52K","3,69%"
"03.03.2023","17.600,0","17.000,0","17.710,0","17.000,0","115,63K","4,70%"
"02.03.2023","16.810,0","17.400,0","17.400,0","16.810,0","63,99K","-3,56%"
"01.03.2023","17.430,0","17.210,0","17.630,0","17.070,0","90,76K","1,28%"
"28.02.2023","17.210,0","17.900,0","17.950,0","17.210,0","834,36K","-5,28%"
"27.02.2023","18.170,0","18.170,0","18.300,0","18.140,0","49,26K","0,00%"
"24.02.2023","18.170,0","18.000,0","18.170,0","17.780,0","186,00K","1,57%"
"23.02.2023","17.890,0","18.200,0","18.400,0","17.890,0","341,67K","0,00%"
"22.02.2023","17.890,0","17.820,0","18.300,0","17.780,0","95,43K","-0,11%"
"21.02.2023","17.910,0","18.180,0","18.200,0","17.550,0","205,59K","-0,56%"
"20.02.2023","18.010,0","18.000,0","18.200,0","17.930,0","40,33K","0,17%"
"17.02.2023","17.980,0","18.700,0","18.700,0","17.980,0","88,06K","-4,36%"
"16.02.2023","18.800,0","18.500,0","19.080,0","18.500,0","502,02K","-2,03%"
"15.02.2023","19.190,0","18.000,0","19.190,0","17.710,0","276,08K","6,02%"
"14.02.2023","18.100,0","18.050,0","18.170,0","17.940,0","279,73K","-1,63%"
"13.02.2023","18.400,0","18.300,0","18.680,0","17.650,0","255,71K","-1,60%"
"10.02.2023","18.700,0","18.800,0","18.900,0","18.700,0","292,97K","-1,42%"
"09.02.2023","18.970,0","18.990,0","19.000,0","18.770,0","131,66K","-0,16%"
"08.02.2023","19.000,0","19.000,0","19.250,0","18.630,0","208,52K","0,00%"
"07.02.2023","19.000,0","19.050,0","19.050,0","18.800,0","97,44K","0,00%"
"06.02.2023","19.000,0","19.040,0","19.040,0","18.800,0","84,20K","0,00%"
"03.02.2023","19.000,0","19.000,0","19.190,0","18.620,0","512,25K","0,00%"
"02.02.2023","19.000,0","18.630,0","19.330,0","18.630,0","311,54K","0,53%"
"01.02.2023","18.900,0","19.030,0","19.190,0","18.390,0","487,32K","-0,74%"
"31.01.2023","19.040,0","19.200,0","19.610,0","18.620,0","692,97K","-4,32%"
"30.01.2023","19.900,0","19.400,0","19.900,0","19.290,0","516,67K","1,74%"
"27.01.2023","19.560,0","20.410,0","20.490,0","18.580,0","593,40K","-5,19%"
"26.01.2023","20.630,0","20.980,0","20.980,0","20.600,0","251,11K","-1,67%"
"25.01.2023","20.980,0","20.850,0","20.980,0","20.710,0","239,53K","0,33%"
"24.01.2023","20.910,0","21.200,0","21.380,0","20.840,0","134,17K","-2,74%"
"23.01.2023","21.500,0","21.600,0","21.600,0","21.210,0","162,55K","-0,46%"
"20.01.2023","21.600,0","21.740,0","21.750,0","21.340,0","130,76K","-0,87%"
"19.01.2023","21.790,0","21.670,0","21.790,0","21.400,0","255,71K","0,55%"
"18.01.2023","21.670,0","21.600,0","21.670,0","21.230,0","217,79K","-0,05%"
"17.01.2023","21.680,0","21.020,0","21.700,0","21.020,0","473,69K","0,00%"
"16.01.2023","21.680,0","21.000,0","21.680,0","21.000,0","78,82K","1,03%"
"13.01.2023","21.460,0","21.610,0","21.820,0","21.170,0","269,34K","-1,29%"
"12.01.2023","21.740,0","21.700,0","22.340,0","21.600,0","165,20K","-1,18%"
"11.01.2023","22.000,0","22.000,0","22.300,0","21.750,0","205,60K","0,00%"
"10.01.2023","22.000,0","22.000,0","22.890,0","22.000,0","490,15K","0,00%"
"06.01.2023","22.000,0","22.030,0","22.700,0","22.000,0","50,27K","-4,35%"
"05.01.2023","23.000,0","21.200,0","23.000,0","20.800,0","244,41K","7,88%"
"04.01.2023","21.320,0","20.950,0","21.320,0","20.460,0","112,16K","5,02%"
"03.01.2023","20.300,0","20.520,0","20.520,0","20.300,0","152,09K","-0,54%"
"02.01.2023","20.410,0","20.430,0","20.720,0","20.410,0","11,41K","-2,81%"
"29.12.2022","21.000,0","20.600,0","21.000,0","20.600,0","227,20K","1,94%"
"28.12.2022","20.600,0","20.970,0","20.990,0","20.400,0","120,60K","-1,44%"
"27.12.2022","20.900,0","20.400,0","20.900,0","20.140,0","63,44K","2,45%"
"26.12.2022","20.400,0","20.960,0","20.960,0","20.100,0","251,42K","-2,81%"
"23.12.2022","20.990,0","19.900,0","20.990,0","19.680,0","53,93K","4,95%"
"22.12.2022","20.000,0","19.620,0","21.000,0","19.620,0","1,04M","-4,72%"
"21.12.2022","20.990,0","19.270,0","20.990,0","19.270,0","271,78K","4,48%"
"20.12.2022","20.090,0","18.590,0","20.090,0","18.530,0","228,31K","9,96%"
"19.12.2022","18.270,0","19.200,0","19.400,0","18.270,0","870,13K","-4,84%"
"16.12.2022","19.200,0","18.710,0","19.200,0","18.320,0","2,26M","2,62%"
"15.12.2022","18.710,0","19.000,0","19.100,0","18.710,0","207,22K","-4,49%"
"14.12.2022","19.590,0","17.920,0","19.590,0","17.850,0","289,38K","9,32%"
"13.12.2022","17.920,0","18.550,0","18.620,0","17.900,0","259,62K","-3,60%"
"12.12.2022","18.590,0","18.900,0","18.900,0","18.560,0","130,06K","-1,64%"
"09.12.2022","18.900,0","19.200,0","19.200,0","18.540,0","346,56K","-1,56%"
"07.12.2022","19.200,0","18.960,0","19.200,0","18.900,0","294,38K","3,23%"
"06.12.2022","18.600,0","18.700,0","19.000,0","17.930,0","86,41K","4,61%"
"05.12.2022","17.780,0","18.880,0","18.880,0","17.780,0","98,39K","-5,43%"
"02.12.2022","18.800,0","19.000,0","19.370,0","18.800,0","197,32K","-1,05%"
"01.12.2022","19.000,0","19.450,0","19.450,0","19.000,0","675,46K","-2,56%"
"30.11.2022","19.500,0","19.200,0","19.500,0","18.490,0","2,37M","2,20%"
"29.11.2022","19.080,0","18.550,0","19.190,0","18.550,0","318,06K","3,14%"
"28.11.2022","18.500,0","18.000,0","18.500,0","18.000,0","856,32K","0,27%"
"25.11.2022","18.450,0","18.020,0","18.470,0","17.940,0","169,13K","-0,38%"
"24.11.2022","18.520,0","18.540,0","18.550,0","18.100,0","56,64K","-0,16%"
"23.11.2022","18.550,0","18.280,0","18.550,0","18.070,0","217,11K","2,94%"
"22.11.2022","18.020,0","17.670,0","18.080,0","17.670,0","146,71K","2,85%"
"21.11.2022","17.520,0","18.500,0","18.600,0","17.520,0","221,93K","-6,16%"
"18.11.2022","18.670,0","18.610,0","18.810,0","18.510,0","196,41K","-3,11%"
"17.11.2022","19.270,0","19.060,0","19.270,0","18.760,0","95,58K","0,05%"
"16.11.2022","19.260,0","18.770,0","19.260,0","18.500,0","172,24K","2,72%"
"15.11.2022","18.750,0","18.490,0","18.750,0","18.200,0","275,51K","1,35%"
"11.11.2022","18.500,0","18.540,0","18.540,0","18.000,0","129,95K","-0,48%"
"10.11.2022","18.590,0","17.100,0","18.650,0","17.100,0","303,03K","-1,01%"
"09.11.2022","18.780,0","17.700,0","18.780,0","17.700,0","325,14K","6,10%"
"08.11.2022","17.700,0","17.500,0","18.290,0","17.500,0","231,97K","1,14%"
"04.11.2022","17.500,0","16.900,0","17.500,0","16.900,0","190,47K","5,68%"
"03.11.2022","16.560,0","17.740,0","17.800,0","16.560,0","241,97K","-7,49%"
"02.11.2022","17.900,0","19.290,0","19.290,0","17.600,0","329,45K","-5,74%"
"01.11.2022","18.990,0","19.270,0","19.270,0","18.980,0","215,33K","-1,45%"
"31.10.2022","19.270,0","18.800,0","19.270,0","18.800,0","199,43K","0,36%"
"28.10.2022","19.200,0","18.880,0","19.500,0","18.620,0","241,50K","-1,54%"
"27.10.2022","19.500,0","18.650,0","19.500,0","18.290,0","214,16K","4,28%"
"26.10.2022","18.700,0","18.010,0","18.700,0","18.010,0","324,06K","1,08%"
"25.10.2022","18.500,0","18.160,0","18.500,0","17.410,0","295,83K","2,32%"
"24.10.2022","18.080,0","18.880,0","19.000,0","18.080,0","190,52K","-4,29%"
"21.10.2022","18.890,0","18.600,0","18.890,0","18.550,0","369,22K","1,56%"
"20.10.2022","18.600,0","18.750,0","18.750,0","18.440,0","224,90K","-2,62%"
"19.10.2022","19.100,0","18.510,0","19.550,0","18.510,0","204,71K","0,53%"
"18.10.2022","19.000,0","18.650,0","19.000,0","18.220,0","313,80K","2,21%"
"14.10.2022","18.590,0","18.600,0","18.750,0","18.310,0","171,86K","0,49%"
"13.10.2022","18.500,0","17.730,0","18.500,0","17.730,0","278,74K","1,82%"
"12.10.2022","18.170,0","18.100,0","18.370,0","18.100,0","156,22K","-2,26%"
"11.10.2022","18.590,0","19.000,0","19.000,0","18.040,0","354,84K","-2,16%"
"10.10.2022","19.000,0","17.400,0","19.000,0","17.400,0","76,66K","7,59%"
"07.10.2022","17.660,0","17.490,0","17.660,0","17.100,0","124,02K","0,97%"
"06.10.2022","17.490,0","17.700,0","18.200,0","17.420,0","123,78K","-1,19%"
"05.10.2022","17.700,0","16.650,0","17.700,0","16.230,0","110,72K","5,73%"
"04.10.2022","16.740,0","16.700,0","16.800,0","16.470,0","144,64K","3,40%"
"03.10.2022","16.190,0","16.500,0","17.130,0","15.900,0","93,53K","-1,88%"
"30.09.2022","16.500,0","16.400,0","17.850,0","16.400,0","247,62K","0,61%"
"29.09.2022","16.400,0","15.790,0","16.400,0","15.770,0","746,93K","3,86%"
"28.09.2022","15.790,0","15.360,0","16.000,0","15.360,0","208,56K","1,94%"
"27.09.2022","15.490,0","15.000,0","15.780,0","13.560,0","210,23K","4,66%"
"26.09.2022","14.800,0","16.000,0","16.000,0","14.800,0","182,50K","-4,58%"
"23.09.2022","15.510,0","16.100,0","16.100,0","15.510,0","83,41K","-4,90%"
"22.09.2022","16.310,0","16.490,0","17.000,0","16.230,0","368,75K","-1,03%"
"21.09.2022","16.480,0","17.000,0","17.000,0","16.300,0","192,58K","-3,06%"
"20.09.2022","17.000,0","18.200,0","18.200,0","17.000,0","176,42K","-4,17%"
"19.09.2022","17.740,0","17.600,0","17.820,0","17.150,0","108,21K","0,85%"
"16.09.2022","17.590,0","17.920,0","17.920,0","17.500,0","959,07K","-2,49%"
"15.09.2022","18.040,0","17.990,0","18.100,0","17.910,0","119,87K","0,33%"
"14.09.2022","17.980,0","17.870,0","18.200,0","17.260,0","221,71K","0,62%"
"13.09.2022","17.870,0","17.690,0","18.000,0","17.390,0","100,32K","1,59%"
"12.09.2022","17.590,0","16.950,0","17.590,0","16.950,0","120,41K","4,08%"
"09.09.2022","16.900,0","17.380,0","17.380,0","16.900,0","82,47K","-3,98%"
"07.09.2022","17.600,0","17.700,0","18.000,0","17.600,0","77,04K","-1,68%"
"06.09.2022","17.900,0","18.100,0","18.540,0","17.700,0","90,93K","-1,49%"
"05.09.2022","18.170,0","18.950,0","18.950,0","18.010,0","29,26K","-1,73%"
"02.09.2022","18.490,0","18.750,0","19.000,0","18.490,0","220,74K","-0,27%"
"01.09.2022","18.540,0","19.960,0","19.960,0","18.480,0","334,13K","-3,29%"
"31.08.2022","19.170,0","19.560,0","19.890,0","19.170,0","1,81M","-3,08%"
"30.08.2022","19.780,0","19.990,0","19.990,0","19.560,0","65,91K","-1,10%"
"29.08.2022","20.000,0","20.160,0","20.280,0","19.700,0","160,33K","-0,10%"
"26.08.2022","20.020,0","20.140,0","20.320,0","20.020,0","91,64K","-0,35%"
"25.08.2022","20.090,0","19.800,0","20.160,0","19.800,0","490,52K","1,98%"
"24.08.2022","19.700,0","20.280,0","20.290,0","19.700,0","135,33K","-4,37%"
"23.08.2022","20.600,0","19.960,0","20.600,0","19.500,0","189,27K","3,21%"
"22.08.2022","19.960,0","20.450,0","20.450,0","19.940,0","348,09K","-3,34%"
"19.08.2022","20.650,0","20.830,0","21.000,0","20.500,0","59,70K","-1,85%"
"18.08.2022","21.040,0","21.350,0","21.350,0","20.900,0","217,42K","-1,45%"
"17.08.2022","21.350,0","20.830,0","21.350,0","20.830,0","295,63K","1,67%"
"16.08.2022","21.000,0","21.000,0","21.200,0","20.830,0","514,06K","-0,47%"
"12.08.2022","21.100,0","21.200,0","21.380,0","20.670,0","178,06K","0,00%"
"11.08.2022","21.100,0","20.620,0","21.100,0","20.550,0","82,10K","3,43%"
"10.08.2022","20.400,0","21.360,0","21.360,0","20.400,0","95,26K","-4,49%"
"09.08.2022","21.360,0","20.820,0","21.360,0","20.820,0","135,11K","0,75%"
"08.08.2022","21.200,0","20.910,0","21.430,0","20.900,0","230,70K","1,44%"
"05.08.2022","20.900,0","20.460,0","20.900,0","20.390,0","84,09K","0,00%"
"04.08.2022","20.900,0","20.950,0","20.950,0","20.360,0","140,39K","0,00%"
"03.08.2022","20.900,0","20.700,0","21.000,0","20.700,0","374,83K","0,97%"
"02.08.2022","20.700,0","20.500,0","20.700,0","20.380,0","160,97K","0,98%"
"01.08.2022","20.500,0","20.400,0","20.500,0","20.130,0","283,53K","-0,49%"
"29.07.2022","20.600,0","20.510,0","20.690,0","20.210,0","214,12K","0,44%"
"28.07.2022","20.510,0","20.580,0","20.890,0","20.300,0","150,92K","0,15%"
"27.07.2022","20.480,0","20.630,0","20.790,0","20.090,0","121,24K","0,00%"
"26.07.2022","20.480,0","20.600,0","20.600,0","20.270,0","27,57K","-0,10%"
"25.07.2022","20.500,0","19.600,0","20.800,0","19.600,0","146,34K","2,50%"
"22.07.2022","20.000,0","21.260,0","21.260,0","20.000,0","220,89K","-6,15%"
"21.07.2022","21.310,0","22.100,0","22.100,0","21.260,0","188,09K","-3,97%"
"19.07.2022","22.190,0","21.590,0","22.190,0","21.050,0","142,22K","3,26%"
"18.07.2022","21.490,0","20.600,0","21.490,0","20.600,0","62,23K","0,00%"
"15.07.2022","21.490,0","21.000,0","21.490,0","19.600,0","119,40K","1,37%"
"14.07.2022","21.200,0","21.500,0","21.500,0","21.000,0","526,64K","-1,40%"
"13.07.2022","21.500,0","21.600,0","21.600,0","21.200,0","134,88K","0,00%"
"12.07.2022","21.500,0","21.300,0","21.600,0","21.260,0","131,43K","0,94%"
"11.07.2022","21.300,0","21.620,0","21.620,0","21.300,0","401,92K","-3,97%"
"08.07.2022","22.180,0","21.520,0","22.180,0","20.900,0","156,58K","1,74%"
"07.07.2022","21.800,0","21.360,0","22.260,0","21.360,0","562,77K","-0,91%"
"06.07.2022","22.000,0","20.040,0","22.000,0","20.040,0","205,25K","4,76%"
"05.07.2022","21.000,0","20.780,0","21.000,0","20.060,0","109,14K","1,11%"
"01.07.2022","20.770,0","21.000,0","21.000,0","20.100,0","273,64K","1,32%"
"30.06.2022","20.500,0","21.090,0","21.090,0","20.500,0","573,43K","-3,30%"
"29.06.2022","21.200,0","21.200,0","21.760,0","21.000,0","281,53K","-3,64%"
"28.06.2022","22.000,0","20.500,0","22.000,0","20.500,0","230,88K","7,74%"
"24.06.2022","20.420,0","20.550,0","21.000,0","20.400,0","140,28K","0,59%"
"23.06.2022","20.300,0","20.900,0","20.900,0","19.820,0","536,88K","-2,87%"
"22.06.2022","20.900,0","21.200,0","21.200,0","20.860,0","429,16K","-1,42%"
"21.06.2022","21.200,0","20.710,0","21.200,0","19.770,0","339,41K","-2,35%"
"17.06.2022","21.710,0","21.480,0","22.580,0","21.480,0","2,01M","-3,94%"
"16.06.2022","22.600,0","21.500,0","22.600,0","21.200,0","455,02K","4,78%"
"15.06.2022","21.570,0","21.580,0","22.400,0","21.540,0","295,70K","-4,94%"
"14.06.2022","22.690,0","21.500,0","22.690,0","21.280,0","307,39K","5,53%"
"13.06.2022","21.500,0","21.650,0","21.700,0","21.230,0","513,00K","-3,11%"
"10.06.2022","22.190,0","21.600,0","22.240,0","21.600,0","454,90K","2,64%"
"09.06.2022","21.620,0","22.300,0","22.480,0","21.620,0","206,52K","-5,96%"
"08.06.2022","22.990,0","22.430,0","22.990,0","22.180,0","253,50K","2,50%"
"07.06.2022","22.430,0","21.700,0","22.430,0","21.400,0","346,65K","3,13%"
"06.06.2022","21.750,0","22.050,0","22.330,0","21.750,0","112,14K","-3,76%"
"03.06.2022","22.600,0","23.200,0","23.200,0","22.540,0","92,56K","-2,59%"
"02.06.2022","23.200,0","23.360,0","23.790,0","23.180,0","189,36K","-2,52%"
"01.06.2022","23.800,0","23.500,0","23.950,0","23.360,0","382,20K","0,08%"
"31.05.2022","23.780,0","23.480,0","23.950,0","23.000,0","3,44M","3,39%"
"27.05.2022","23.000,0","22.860,0","23.770,0","22.520,0","583,07K","0,52%"
"26.05.2022","22.880,0","21.510,0","22.880,0","21.510,0","266,77K","5,44%"
"25.05.2022","21.700,0","21.380,0","21.880,0","21.380,0","804,69K","1,88%"
"24.05.2022","21.300,0","20.700,0","21.300,0","20.700,0","825,55K","2,90%"
"23.05.2022","20.700,0","19.800,0","20.700,0","19.580,0","869,44K","6,43%"
"20.05.2022","19.450,0","18.870,0","19.450,0","18.410,0","564,23K","6,46%"
"19.05.2022","18.270,0","19.600,0","19.800,0","18.270,0","271,78K","-6,45%"
"18.05.2022","19.530,0","20.000,0","20.150,0","19.530,0","193,08K","-3,03%"
"17.05.2022","20.140,0","20.300,0","20.400,0","19.900,0","440,88K","0,10%"
"16.05.2022","20.120,0","20.300,0","20.700,0","20.120,0","402,87K","0,00%"
"13.05.2022","20.120,0","20.900,0","21.290,0","20.120,0","586,04K","-2,80%"
"12.05.2022","20.700,0","20.570,0","21.460,0","20.560,0","176,81K","0,68%"
"11.05.2022","20.560,0","21.000,0","21.120,0","20.560,0","201,74K","-2,33%"
"10.05.2022","21.050,0","21.090,0","21.300,0","21.000,0","301,52K","0,24%"
"09.05.2022","21.000,0","21.640,0","22.000,0","21.000,0","211,00K","-4,98%"
"06.05.2022","22.100,0","22.130,0","22.230,0","21.550,0","345,94K","-0,14%"
"05.05.2022","22.130,0","22.500,0","22.880,0","22.130,0","134,16K","-3,74%"
"04.05.2022","22.990,0","22.010,0","22.990,0","22.010,0","244,48K","2,63%"
"02.05.2022","22.400,0","21.900,0","22.400,0","21.530,0","89,16K","2,94%"
"29.04.2022","21.760,0","22.000,0","22.170,0","21.720,0","204,04K","-1,09%"
"28.04.2022","22.000,0","22.460,0","22.500,0","22.000,0","200,94K","-2,00%"
"27.04.2022","22.450,0","22.870,0","22.870,0","22.410,0","152,88K","0,58%"
"25.04.2022","22.320,0","23.870,0","23.870,0","22.320,0","350,00K","-6,49%"
"22.04.2022","23.870,0","24.150,0","24.490,0","23.870,0","656,56K","-2,53%"
"21.04.2022","24.490,0","24.320,0","24.560,0","24.320,0","262,44K","-1,05%"
"20.04.2022","24.750,0","24.650,0","24.750,0","24.360,0","295,78K","0,41%"
"19.04.2022","24.650,0","24.800,0","24.800,0","24.120,0","391,61K","1,02%"
"18.04.2022","24.400,0","24.950,0","25.000,0","24.400,0","452,72K","-2,01%"
"13.04.2022","24.900,0","24.370,0","24.900,0","24.370,0","72,89K","0,00%"
"12.04.2022","24.900,0","24.400,0","24.900,0","24.390,0","132,88K","0,00%"
"11.04.2022","24.900,0","24.300,0","24.900,0","23.810,0","97,60K","2,51%"
"08.04.2022","24.290,0","24.000,0","24.440,0","23.840,0","1,14M","1,21%"
"07.04.2022","24.000,0","24.500,0","24.500,0","23.620,0","342,22K","-2,44%"
"06.04.2022","24.600,0","24.700,0","24.700,0","24.400,0","345,56K","-0,32%"
"05.04.2022","24.680,0","24.420,0","24.730,0","24.420,0","250,70K","0,00%"
"04.04.2022","24.680,0","24.390,0","24.880,0","24.390,0","173,26K","-0,88%"
"01.04.2022","24.900,0","24.300,0","24.900,0","24.180,0","356,06K","2,47%"
"31.03.2022","24.300,0","24.000,0","24.300,0","23.910,0","220,03K","0,58%"
"30.03.2022","24.160,0","24.140,0","24.600,0","24.140,0","314,63K","-1,95%"
"29.03.2022","24.640,0","24.300,0","24.640,0","24.190,0","215,71K","1,23%"
"28.03.2022","24.340,0","24.000,0","24.360,0","24.000,0","223,20K","-0,65%"
"25.03.2022","24.500,0","23.600,0","24.500,0","23.600,0","392,07K","2,51%"
"24.03.2022","23.900,0","23.840,0","24.150,0","23.590,0","427,96K","0,00%"
"23.03.2022","23.900,0","23.720,0","24.220,0","23.720,0","289,21K","-0,42%"
"22.03.2022","24.000,0","23.400,0","24.000,0","23.160,0","209,62K","1,48%"
"18.03.2022","23.650,0","23.500,0","23.750,0","23.500,0","1,73M","0,21%"
"17.03.2022","23.600,0","23.150,0","23.600,0","23.150,0","179,09K","0,51%"
"16.03.2022","23.480,0","23.400,0","23.690,0","23.380,0","236,08K","0,77%"
"15.03.2022","23.300,0","23.050,0","23.300,0","23.050,0","157,52K","1,30%"
"14.03.2022","23.000,0","23.690,0","23.690,0","23.000,0","161,59K","-1,92%"
"11.03.2022","23.450,0","23.220,0","23.450,0","22.760,0","174,22K","0,43%"
"10.03.2022","23.350,0","23.800,0","23.850,0","23.350,0","147,89K","-2,59%"
"09.03.2022","23.970,0","23.300,0","23.970,0","23.200,0","326,35K","3,72%"
"08.03.2022","23.110,0","23.150,0","23.500,0","23.100,0","232,24K","0,04%"
"07.03.2022","23.100,0","23.280,0","23.300,0","23.020,0","337,69K","-0,73%"
"04.03.2022","23.270,0","23.170,0","23.600,0","23.170,0","92,01K","-2,10%"
"03.03.2022","23.770,0","23.950,0","23.980,0","23.370,0","320,31K","-0,13%"
"02.03.2022","23.800,0","23.810,0","23.810,0","23.020,0","248,39K","-0,75%"
"01.03.2022","23.980,0","24.000,0","24.070,0","23.800,0","75,00K","-1,32%"
"28.02.2022","24.300,0","24.000,0","24.400,0","24.000,0","4,05M","-0,41%"
"25.02.2022","24.400,0","23.850,0","24.400,0","23.710,0","542,09K","1,67%"
"24.02.2022","24.000,0","23.360,0","24.000,0","22.800,0","580,29K","1,69%"
"23.02.2022","23.600,0","23.480,0","23.600,0","23.110,0","622,60K","1,16%"
"22.02.2022","23.330,0","22.740,0","23.550,0","22.740,0","326,47K","-0,51%"
"21.02.2022","23.450,0","22.920,0","23.490,0","22.920,0","229,40K","1,08%"
"18.02.2022","23.200,0","23.100,0","23.280,0","22.960,0","663,42K","-0,34%"
"17.02.2022","23.280,0","22.600,0","23.290,0","22.600,0","423,05K","1,04%"
"16.02.2022","23.040,0","22.600,0","23.050,0","22.600,0","187,60K","1,05%"
"15.02.2022","22.800,0","21.960,0","22.800,0","21.900,0","189,55K","3,17%"
"14.02.2022","22.100,0","22.560,0","22.560,0","22.000,0","511,61K","-2,64%"
"11.02.2022","22.700,0","21.800,0","22.700,0","21.500,0","512,20K","6,07%"
"10.02.2022","21.400,0","22.570,0","22.570,0","21.400,0","415,33K","-3,39%"
"09.02.2022","22.150,0","22.670,0","22.670,0","22.080,0","818,84K","-2,25%"
"08.02.2022","22.660,0","22.740,0","22.850,0","22.390,0","267,42K","-0,40%"
"07.02.2022","22.750,0","22.600,0","22.890,0","22.210,0","148,10K","0,89%"
"04.02.2022","22.550,0","22.070,0","22.680,0","21.900,0","345,75K","2,17%"
"03.02.2022","22.070,0","22.400,0","22.670,0","22.040,0","180,70K","-1,52%"
"02.02.2022","22.410,0","22.930,0","22.930,0","22.410,0","178,72K","-2,23%"
"01.02.2022","22.920,0","23.500,0","23.730,0","22.920,0","161,73K","-2,88%"
"31.01.2022","23.600,0","24.000,0","24.000,0","23.450,0","152,75K","0,00%"
"28.01.2022","23.600,0","23.660,0","23.800,0","23.600,0","174,57K","-0,17%"
"27.01.2022","23.640,0","23.980,0","23.980,0","23.640,0","75,78K","-0,71%"
"26.01.2022","23.810,0","24.180,0","24.270,0","23.680,0","308,67K","0,04%"
"25.01.2022","23.800,0","24.380,0","24.380,0","23.670,0","385,02K","-1,65%"
"24.01.2022","24.200,0","24.020,0","24.450,0","24.020,0","116,64K","0,17%"
"21.01.2022","24.160,0","24.780,0","24.780,0","24.110,0","255,82K","-2,97%"
"20.01.2022","24.900,0","24.600,0","25.000,0","24.600,0","145,42K","-0,80%"
"19.01.2022","25.100,0","25.000,0","25.700,0","24.850,0","990,69K","0,44%"
"18.01.2022","24.990,0","24.180,0","25.000,0","23.990,0","1,62M","4,34%"
"17.01.2022","23.950,0","23.460,0","24.140,0","23.410,0","713,10K","4,77%"
"14.01.2022","22.860,0","22.910,0","23.800,0","22.860,0","866,72K","-1,04%"
"13.01.2022","23.100,0","22.650,0","23.250,0","22.610,0","644,20K","1,32%"
"12.01.2022","22.800,0","22.490,0","22.850,0","22.490,0","238,89K","1,79%"
"11.01.2022","22.400,0","22.070,0","22.400,0","22.020,0","252,13K","3,23%"
"07.01.2022","21.700,0","22.620,0","22.640,0","21.700,0","137,34K","-4,07%"
"06.01.2022","22.620,0","22.750,0","22.750,0","21.800,0","195,02K","-0,57%"
"05.01.2022","22.750,0","22.490,0","22.750,0","22.400,0","291,12K","0,66%"
"04.01.2022","22.600,0","22.410,0","22.600,0","22.410,0","47,15K","0,49%"
"03.01.2022","22.490,0","22.400,0","22.510,0","22.340,0","35,99K","0,40%"
"30.12.2021","22.400,0","22.200,0","22.500,0","22.100,0","59,06K","-0,44%"
"29.12.2021","22.500,0","22.310,0","22.500,0","22.060,0","60,30K","0,45%"
"28.12.2021","22.400,0","22.310,0","22.490,0","22.180,0","76,43K","0,40%"
"27.12.2021","22.310,0","22.000,0","22.310,0","22.000,0","240,75K","0,54%"
"24.12.2021","22.190,0","22.000,0","22.200,0","22.000,0","25,56K","0,41%"
"23.12.2021","22.100,0","21.900,0","22.100,0","21.530,0","672,85K","0,45%"
"22.12.2021","22.000,0","21.600,0","22.040,0","21.520,0","87,51K","2,23%"
"21.12.2021","21.520,0","21.140,0","21.550,0","21.140,0","64,53K","1,51%"
"20.12.2021","21.200,0","21.200,0","21.400,0","20.900,0","159,49K","-2,30%"
"17.12.2021","21.700,0","21.370,0","21.700,0","21.280,0","1,31M","-0,23%"
"16.12.2021","21.750,0","21.400,0","21.840,0","21.060,0","148,66K","2,30%"
"15.12.2021","21.260,0","20.710,0","21.350,0","20.710,0","208,44K","3,15%"
"14.12.2021","20.610,0","20.810,0","20.810,0","20.560,0","121,02K","0,54%"
"13.12.2021","20.500,0","21.500,0","21.780,0","20.470,0","409,14K","-5,18%"
"10.12.2021","21.620,0","21.810,0","21.900,0","21.510,0","208,35K","-0,92%"
"09.12.2021","21.820,0","22.000,0","22.160,0","21.230,0","226,16K","-1,45%"
"07.12.2021","22.140,0","22.020,0","22.300,0","22.020,0","240,22K","-0,72%"
"06.12.2021","22.300,0","22.000,0","22.450,0","22.000,0","185,73K","1,36%"
"03.12.2021","22.000,0","22.290,0","22.350,0","22.000,0","261,62K","-0,68%"
"02.12.2021","22.150,0","22.100,0","22.240,0","21.900,0","460,97K","-0,14%"
"01.12.2021","22.180,0","22.200,0","22.800,0","21.870,0","690,38K","-0,54%"
"30.11.2021","22.300,0","20.640,0","22.300,0","20.580,0","2,93M","6,19%"
"29.11.2021","21.000,0","21.120,0","21.120,0","20.420,0","484,28K","4,48%"
"26.11.2021","20.100,0","21.000,0","21.010,0","20.100,0","292,66K","-5,63%"
"25.11.2021","21.300,0","21.220,0","21.510,0","21.220,0","141,17K","0,00%"
"24.11.2021","21.300,0","21.690,0","21.760,0","21.300,0","266,43K","-0,93%"
"23.11.2021","21.500,0","21.530,0","21.700,0","21.440,0","360,55K","-0,19%"
"22.11.2021","21.540,0","22.000,0","22.400,0","21.540,0","95,41K","-1,64%"
"19.11.2021","21.900,0","22.040,0","22.520,0","21.800,0","242,07K","-2,67%"
"18.11.2021","22.500,0","22.480,0","22.580,0","21.900,0","436,99K","0,00%"
"17.11.2021","22.500,0","22.050,0","22.500,0","21.900,0","206,30K","2,04%"
"16.11.2021","22.050,0","22.220,0","22.390,0","22.050,0","237,60K","-0,72%"
"12.11.2021","22.210,0","22.310,0","22.360,0","22.210,0","392,14K","-1,51%"
"11.11.2021","22.550,0","22.500,0","22.600,0","22.340,0","130,71K","0,31%"
"10.11.2021","22.480,0","22.600,0","22.600,0","22.390,0","253,99K","-0,53%"
"09.11.2021","22.600,0","22.630,0","22.630,0","22.000,0","289,52K","0,00%"
"08.11.2021","22.600,0","22.510,0","22.780,0","22.510,0","107,39K","-0,57%"
"05.11.2021","22.730,0","22.960,0","22.960,0","22.660,0","153,70K","-0,31%"
"04.11.2021","22.800,0","22.830,0","22.900,0","22.710,0","195,11K","-0,13%"
"03.11.2021","22.830,0","22.730,0","22.850,0","22.690,0","603,17K","0,44%"
"02.11.2021","22.730,0","22.700,0","22.730,0","22.600,0","552,16K","0,53%"
"29.10.2021","22.610,0","22.600,0","22.720,0","22.600,0","227,86K","-0,53%"
"28.10.2021","22.730,0","22.520,0","22.820,0","22.520,0","274,99K","-0,09%"
"27.10.2021","22.750,0","22.790,0","22.800,0","22.560,0","336,58K","-0,22%"
"26.10.2021","22.800,0","22.880,0","22.880,0","22.680,0","386,39K","0,44%"
"25.10.2021","22.700,0","22.500,0","22.840,0","22.500,0","880,42K","0,89%"
"22.10.2021","22.500,0","22.600,0","22.660,0","22.490,0","151,32K","-0,09%"
"21.10.2021","22.520,0","22.330,0","22.750,0","22.330,0","81,92K","-0,75%"
"20.10.2021","22.690,0","22.650,0","22.880,0","22.420,0","337,89K","0,84%"
"19.10.2021","22.500,0","22.600,0","22.600,0","22.310,0","223,64K","-1,10%"
"15.10.2021","22.750,0","22.780,0","22.790,0","22.590,0","215,47K","-0,18%"
"14.10.2021","22.790,0","22.750,0","22.790,0","22.570,0","133,06K","1,60%"
"13.10.2021","22.430,0","22.600,0","22.600,0","22.300,0","168,84K","-0,31%"
"12.10.2021","22.500,0","22.890,0","22.890,0","22.500,0","93,24K","-1,40%"
"11.10.2021","22.820,0","22.660,0","23.000,0","22.660,0","183,17K","0,75%"
"08.10.2021","22.650,0","22.630,0","22.970,0","22.630,0","181,56K","0,13%"
"07.10.2021","22.620,0","22.860,0","23.000,0","22.600,0","439,57K","-1,09%"
"06.10.2021","22.870,0","22.700,0","22.950,0","22.460,0","221,37K","0,70%"
"05.10.2021","22.710,0","23.090,0","23.230,0","22.710,0","350,21K","-1,26%"
"04.10.2021","23.000,0","22.890,0","23.090,0","22.580,0","473,16K","0,92%"
"01.10.2021","22.790,0","22.560,0","22.790,0","22.560,0","209,85K","0,40%"
"30.09.2021","22.700,0","22.980,0","22.990,0","22.500,0","253,27K","-1,26%"
"29.09.2021","22.990,0","22.600,0","22.990,0","22.540,0","100,24K","0,83%"
"28.09.2021","22.800,0","22.510,0","22.980,0","22.440,0","418,36K","0,88%"
"27.09.2021","22.600,0","22.620,0","22.620,0","22.210,0","113,73K","1,71%"
"24.09.2021","22.220,0","22.200,0","22.220,0","22.000,0","134,02K","0,09%"
"23.09.2021","22.200,0","22.640,0","22.640,0","22.150,0","87,35K","-0,80%"
"22.09.2021","22.380,0","22.400,0","22.740,0","22.380,0","83,33K","-0,09%"
"21.09.2021","22.400,0","22.940,0","22.940,0","22.400,0","157,64K","-1,10%"
"20.09.2021","22.650,0","22.480,0","22.840,0","22.480,0","59,50K","-1,48%"
"17.09.2021","22.990,0","22.700,0","22.990,0","22.580,0","3,27M","1,28%"
"16.09.2021","22.700,0","22.750,0","22.800,0","22.640,0","475,07K","-0,04%"
"15.09.2021","22.710,0","22.390,0","22.710,0","22.360,0","231,83K","1,70%"
"14.09.2021","22.330,0","22.410,0","22.420,0","22.040,0","439,95K","-0,76%"
"13.09.2021","22.500,0","22.510,0","22.560,0","22.400,0","112,52K","-0,71%"
"10.09.2021","22.660,0","22.850,0","22.850,0","22.620,0","143,84K","-0,83%"
"09.09.2021","22.850,0","22.610,0","22.920,0","22.610,0","146,60K","0,22%"
"08.09.2021","22.800,0","22.740,0","22.800,0","22.570,0","217,14K","0,62%"
"07.09.2021","22.660,0","22.470,0","22.790,0","22.470,0","210,59K","-0,22%"
"06.09.2021","22.710,0","22.520,0","22.740,0","22.410,0","100,27K","0,49%"
"03.09.2021","22.600,0","22.520,0","22.730,0","22.520,0","2,07M","-0,88%"
"02.09.2021","22.800,0","22.500,0","22.800,0","22.500,0","102,60K","1,20%"
"01.09.2021","22.530,0","22.700,0","22.900,0","22.530,0","163,74K","-0,75%"
"31.08.2021","22.700,0","22.700,0","22.920,0","22.700,0","949,57K","0,00%"
"30.08.2021","22.700,0","22.700,0","22.750,0","22.620,0","68,76K","-0,44%"
"27.08.2021","22.800,0","22.640,0","22.800,0","22.640,0","217,75K","-0,44%"
"26.08.2021","22.900,0","23.000,0","23.000,0","22.700,0","142,72K","-0,39%"
"25.08.2021","22.990,0","22.930,0","22.990,0","22.500,0","318,50K","1,77%"
"24.08.2021","22.590,0","23.200,0","23.400,0","22.480,0","238,52K","-2,17%"
"23.08.2021","23.090,0","23.200,0","23.660,0","23.010,0","481,40K","-1,54%"
"20.08.2021","23.450,0","23.630,0","23.650,0","23.450,0","438,65K","-0,85%"
"19.08.2021","23.650,0","23.040,0","23.650,0","23.040,0","809,56K","1,63%"
"18.08.2021","23.270,0","23.000,0","23.740,0","22.710,0","793,45K","1,00%"
"17.08.2021","23.040,0","22.030,0","23.040,0","22.030,0","379,34K","5,21%"
"13.08.2021","21.900,0","22.240,0","22.240,0","21.820,0","297,49K","0,46%"
"12.08.2021","21.800,0","22.700,0","22.950,0","21.800,0","466,20K","1,40%"
"11.08.2021","21.500,0","21.690,0","21.690,0","21.370,0","225,47K","0,80%"
"10.08.2021","21.330,0","21.400,0","21.760,0","21.260,0","167,38K","0,14%"
"09.08.2021","21.300,0","21.890,0","21.890,0","21.200,0","100,55K","-1,39%"
"06.08.2021","21.600,0","22.200,0","22.200,0","21.600,0","87,64K","-1,82%"
"05.08.2021","22.000,0","21.510,0","22.290,0","21.510,0","82,88K","0,00%"
"04.08.2021","22.000,0","21.790,0","22.000,0","21.710,0","166,11K","0,46%"
"03.08.2021","21.900,0","22.000,0","22.000,0","21.500,0","126,34K","-0,36%"
"02.08.2021","21.980,0","22.480,0","22.480,0","21.840,0","144,69K","0,73%"
"30.07.2021","21.820,0","21.880,0","22.140,0","21.820,0","125,68K","-2,15%"
"29.07.2021","22.300,0","22.290,0","22.300,0","21.900,0","90,67K","0,77%"
"28.07.2021","22.130,0","22.000,0","22.130,0","21.520,0","124,63K","0,55%"
"27.07.2021","22.010,0","22.410,0","22.600,0","22.010,0","130,54K","-1,74%"
"26.07.2021","22.400,0","22.770,0","22.770,0","22.320,0","89,54K","-0,88%"
"23.07.2021","22.600,0","22.310,0","22.750,0","22.310,0","26,00K","-0,79%"
"22.07.2021","22.780,0","22.360,0","22.780,0","22.290,0","44,76K","1,92%"
"21.07.2021","22.350,0","22.940,0","22.940,0","22.300,0","383,09K","0,22%"
"19.07.2021","22.300,0","22.840,0","22.980,0","22.200,0","652,82K","-3,84%"
"16.07.2021","23.190,0","23.000,0","23.260,0","22.990,0","45,74K","0,83%"
"15.07.2021","23.000,0","23.300,0","23.300,0","22.880,0","93,00K","-2,25%"
"14.07.2021","23.530,0","23.800,0","23.960,0","23.400,0","265,32K","-1,13%"
"13.07.2021","23.800,0","23.870,0","24.100,0","23.750,0","157,19K","-0,04%"
"12.07.2021","23.810,0","23.360,0","23.870,0","23.360,0","48,83K","1,97%"
"09.07.2021","23.350,0","23.460,0","23.590,0","23.350,0","467,34K","-0,09%"
"08.07.2021","23.370,0","23.390,0","23.450,0","23.030,0","559,85K","0,73%"
"07.07.2021","23.200,0","22.920,0","23.270,0","22.700,0","144,29K","0,87%"
"06.07.2021","23.000,0","22.750,0","23.500,0","22.750,0","58,08K","-2,13%"
"02.07.2021","23.500,0","22.500,0","23.500,0","22.500,0","167,42K","3,89%"
"01.07.2021","22.620,0","22.790,0","22.900,0","21.870,0","307,74K","2,12%"
"30.06.2021","22.150,0","21.850,0","22.300,0","21.850,0","330,17K","-0,23%"
"29.06.2021","22.200,0","22.300,0","22.530,0","21.730,0","186,28K","-0,45%"
"28.06.2021","22.300,0","22.650,0","22.650,0","22.060,0","86,38K","-0,71%"
"25.06.2021","22.460,0","22.510,0","22.600,0","22.180,0","122,56K","-0,35%"
"24.06.2021","22.540,0","22.700,0","22.700,0","22.320,0","511,18K","1,53%"
"23.06.2021","22.200,0","22.610,0","22.610,0","22.100,0","259,18K","-1,16%"
"22.06.2021","22.460,0","22.680,0","22.740,0","22.430,0","319,49K","0,27%"
"21.06.2021","22.400,0","22.500,0","22.810,0","22.230,0","310,90K","-2,69%"
"18.06.2021","23.020,0","23.010,0","23.020,0","22.680,0","710,18K","0,09%"
"17.06.2021","23.000,0","22.600,0","23.460,0","22.600,0","171,06K","1,72%"
"16.06.2021","22.610,0","22.900,0","23.190,0","22.610,0","145,88K","-1,52%"
"15.06.2021","22.960,0","23.300,0","23.360,0","22.620,0","276,92K","-1,46%"
"11.06.2021","23.300,0","23.300,0","23.650,0","23.100,0","180,88K","-1,10%"
"10.06.2021","23.560,0","23.380,0","23.700,0","23.320,0","364,59K","0,86%"
"09.06.2021","23.360,0","23.290,0","23.500,0","23.120,0","229,60K","0,30%"
"08.06.2021","23.290,0","22.500,0","23.300,0","22.500,0","196,43K","2,60%"
"04.06.2021","22.700,0","22.600,0","22.970,0","22.300,0","178,42K","0,00%"
"03.06.2021","22.700,0","22.700,0","22.850,0","22.090,0","958,37K","0,13%"
"02.06.2021","22.670,0","20.880,0","22.670,0","20.800,0","460,45K","10,53%"
"01.06.2021","20.510,0","20.040,0","20.600,0","19.910,0","260,08K","2,45%"
"31.05.2021","20.020,0","20.530,0","20.680,0","20.020,0","205,83K","-3,05%"
"28.05.2021","20.650,0","20.510,0","21.330,0","20.500,0","479,26K","0,73%"
"27.05.2021","20.500,0","20.600,0","20.600,0","19.850,0","4,16M","4,59%"
"26.05.2021","19.600,0","20.120,0","20.360,0","19.500,0","209,73K","-2,97%"
"25.05.2021","20.200,0","20.500,0","20.840,0","20.200,0","356,54K","-2,23%"
"24.05.2021","20.660,0","21.170,0","21.230,0","20.530,0","205,85K","-1,57%"
"21.05.2021","20.990,0","20.450,0","21.600,0","20.450,0","871,59K","-0,05%"
"20.05.2021","21.000,0","20.800,0","21.000,0","20.450,0","456,50K","-0,47%"
"19.05.2021","21.100,0","21.430,0","21.430,0","20.790,0","224,94K","1,34%"
"18.05.2021","20.820,0","21.500,0","21.600,0","20.740,0","167,47K","-3,16%"
"14.05.2021","21.500,0","20.640,0","21.710,0","20.640,0","279,97K","4,22%"
"13.05.2021","20.630,0","21.710,0","21.990,0","20.630,0","278,66K","-4,97%"
"12.05.2021","21.710,0","21.900,0","22.080,0","21.700,0","577,43K","-1,32%"
"11.05.2021","22.000,0","21.700,0","22.130,0","21.700,0","387,99K","-1,52%"
"10.05.2021","22.340,0","21.250,0","22.340,0","21.250,0","185,08K","5,18%"
"07.05.2021","21.240,0","21.200,0","21.680,0","21.200,0","464,21K","0,38%"
"06.05.2021","21.160,0","21.000,0","21.300,0","20.640,0","561,72K","1,24%"
"05.05.2021","20.900,0","20.500,0","20.900,0","20.160,0","353,33K","2,45%"
"04.05.2021","20.400,0","20.800,0","20.800,0","20.020,0","434,52K","-0,49%"
"03.05.2021","20.500,0","21.380,0","21.380,0","20.470,0","171,48K","-4,12%"
"30.04.2021","21.380,0","21.310,0","21.620,0","21.060,0","377,99K","-0,09%"
"29.04.2021","21.400,0","22.150,0","22.150,0","21.260,0","1,13M","0,28%"
"28.04.2021","21.340,0","21.600,0","21.600,0","21.260,0","989,51K","-1,48%"
"27.04.2021","21.660,0","22.390,0","22.390,0","21.600,0","832,12K","-1,77%"
"26.04.2021","22.050,0","22.470,0","22.470,0","22.000,0","267,84K","-1,12%"
"23.04.2021","22.300,0","22.500,0","22.600,0","22.300,0","166,25K","-0,89%"
"22.04.2021","22.500,0","23.000,0","23.000,0","22.500,0","166,23K","-0,40%"
"21.04.2021","22.590,0","22.870,0","23.150,0","22.590,0","145,83K","-0,66%"
"20.04.2021","22.740,0","22.500,0","22.740,0","22.400,0","249,41K","0,53%"
"19.04.2021","22.620,0","22.640,0","22.700,0","22.500,0","108,86K","-0,09%"
"16.04.2021","22.640,0","22.750,0","23.050,0","22.630,0","150,26K","-1,57%"
"15.04.2021","23.000,0","22.650,0","23.000,0","22.600,0","182,03K","1,55%"
"14.04.2021","22.650,0","22.790,0","22.800,0","22.410,0","433,16K","-1,05%"
"13.04.2021","22.890,0","22.700,0","22.930,0","22.500,0","314,51K","0,84%"
"12.04.2021","22.700,0","22.610,0","23.060,0","22.540,0","153,14K","0,58%"
"09.04.2021","22.570,0","22.950,0","23.180,0","22.570,0","58,02K","-2,67%"
"08.04.2021","23.190,0","23.230,0","23.310,0","23.000,0","458,30K","-0,04%"
"07.04.2021","23.200,0","23.200,0","23.280,0","22.900,0","111,94K","0,00%"
"06.04.2021","23.200,0","23.180,0","23.340,0","22.850,0","49,99K","1,09%"
"05.04.2021","22.950,0","23.200,0","23.200,0","22.700,0","38,03K","2,00%"
"31.03.2021","22.500,0","23.000,0","23.430,0","22.500,0","199,41K","-2,00%"
"30.03.2021","22.960,0","21.890,0","22.960,0","21.680,0","344,98K","3,42%"
"29.03.2021","22.200,0","22.300,0","22.300,0","21.850,0","222,47K","-0,45%"
"26.03.2021","22.300,0","23.090,0","23.090,0","22.060,0","165,46K","-1,46%"
"25.03.2021","22.630,0","23.000,0","23.100,0","22.630,0","334,96K","-2,03%"
"24.03.2021","23.100,0","23.100,0","23.260,0","23.020,0","90,84K","0,00%"
"23.03.2021","23.100,0","23.130,0","23.380,0","23.100,0","171,60K","-2,12%"
"19.03.2021","23.600,0","23.390,0","23.600,0","23.000,0","2,02M","-0,34%"
"18.03.2021","23.680,0","23.540,0","23.680,0","22.820,0","719,11K","1,28%"
"17.03.2021","23.380,0","23.310,0","23.600,0","23.210,0","257,81K","0,09%"
"16.03.2021","23.360,0","23.300,0","23.980,0","23.000,0","150,72K","-0,64%"
"15.03.2021","23.510,0","23.670,0","23.790,0","23.360,0","145,37K","-1,14%"
"12.03.2021","23.780,0","23.500,0","23.850,0","23.500,0","161,95K","0,76%"
"11.03.2021","23.600,0","23.800,0","23.880,0","23.600,0","228,68K","-0,84%"
"10.03.2021","23.800,0","23.720,0","23.980,0","23.640,0","300,88K","0,42%"
"09.03.2021","23.700,0","23.670,0","23.780,0","23.600,0","157,22K","0,77%"
"08.03.2021","23.520,0","23.360,0","23.800,0","23.290,0","129,89K","-0,34%"
"05.03.2021","23.600,0","23.300,0","23.800,0","23.070,0","260,14K","2,12%"
"04.03.2021","23.110,0","23.800,0","24.220,0","23.110,0","461,65K","-2,08%"
"03.03.2021","23.600,0","23.720,0","23.780,0","23.450,0","364,63K","-0,34%"
"02.03.2021","23.680,0","23.380,0","23.680,0","23.300,0","661,55K","0,21%"
"01.03.2021","23.630,0","22.690,0","23.740,0","22.690,0","152,24K","-0,71%"
"26.02.2021","23.800,0","23.350,0","23.800,0","22.600,0","499,69K","4,29%"
"25.02.2021","22.820,0","23.400,0","23.490,0","22.820,0","284,58K","-3,31%"
"24.02.2021","23.600,0","22.600,0","23.600,0","22.600,0","519,65K","4,33%"
"23.02.2021","22.620,0","22.970,0","22.970,0","22.610,0","342,85K","-1,52%"
"22.02.2021","22.970,0","22.800,0","23.000,0","22.700,0","200,80K","-0,13%"
"19.02.2021","23.000,0","23.330,0","23.330,0","22.820,0","782,10K","-0,43%"
"18.02.2021","23.100,0","22.950,0","23.450,0","22.940,0","217,58K","-0,43%"
"17.02.2021","23.200,0","23.110,0","23.230,0","23.000,0","221,13K","0,00%"
"16.02.2021","23.200,0","23.500,0","23.680,0","23.200,0","200,08K","-1,28%"
"15.02.2021","23.500,0","23.770,0","23.770,0","23.470,0","25,58K","-0,76%"
"12.02.2021","23.680,0","23.400,0","23.680,0","23.350,0","133,43K","1,20%"
"11.02.2021","23.400,0","23.400,0","23.540,0","23.280,0","142,97K","0,00%"
"10.02.2021","23.400,0","23.780,0","23.780,0","23.300,0","269,54K","-1,31%"
"09.02.2021","23.710,0","23.750,0","23.810,0","23.620,0","304,79K","0,51%"
"08.02.2021","23.590,0","23.600,0","23.960,0","23.460,0","330,89K","-0,21%"
"05.02.2021","23.640,0","23.760,0","23.950,0","23.580,0","233,87K","0,85%"
"04.02.2021","23.440,0","23.280,0","23.480,0","22.810,0","262,34K","1,34%"
"03.02.2021","23.130,0","23.930,0","23.930,0","23.130,0","597,93K","-1,53%"
"02.02.2021","23.490,0","23.990,0","24.460,0","23.450,0","504,28K","0,21%"
"01.02.2021","23.440,0","23.080,0","23.690,0","23.080,0","327,11K","1,65%"
"29.01.2021","23.060,0","23.700,0","24.000,0","23.060,0","1,68M","-3,88%"
"28.01.2021","23.990,0","23.990,0","24.370,0","23.020,0","385,38K","-0,04%"
"27.01.2021","24.000,0","25.100,0","25.100,0","23.610,0","1,02M","-4,00%"
"26.01.2021","25.000,0","25.000,0","25.000,0","24.170,0","344,25K","1,21%"
"25.01.2021","24.700,0","25.700,0","25.700,0","24.500,0","677,08K","-5,00%"
"22.01.2021","26.000,0","28.300,0","28.500,0","26.000,0","515,93K","-8,06%"
"21.01.2021","28.280,0","29.100,0","29.100,0","28.280,0","264,83K","-2,82%"
"20.01.2021","29.100,0","29.000,0","29.100,0","28.730,0","368,22K","-0,34%"
"19.01.2021","29.200,0","28.850,0","29.200,0","28.600,0","280,18K","1,74%"
"18.01.2021","28.700,0","28.270,0","28.800,0","28.270,0","100,00K","-0,97%"
"15.01.2021","28.980,0","28.980,0","29.190,0","28.500,0","126,59K","-0,07%"
"14.01.2021","29.000,0","28.450,0","29.000,0","28.450,0","266,68K","0,00%"
"13.01.2021","29.000,0","29.070,0","29.250,0","28.800,0","548,94K","-0,85%"
"12.01.2021","29.250,0","28.500,0","29.250,0","28.500,0","397,26K","0,86%"
"08.01.2021","29.000,0","27.520,0","29.000,0","27.510,0","426,64K","3,57%"
"07.01.2021","28.000,0","26.050,0","28.000,0","26.010,0","207,83K","5,46%"
"06.01.2021","26.550,0","25.800,0","26.930,0","25.800,0","421,85K","2,12%"
"05.01.2021","26.000,0","25.000,0","26.000,0","24.750,0","246,13K","2,77%"
"04.01.2021","25.300,0","25.950,0","25.950,0","25.000,0","93,88K","-1,56%"
"30.12.2020","25.700,0","25.680,0","25.700,0","25.580,0","313,75K","0,08%"
"29.12.2020","25.680,0","25.280,0","25.680,0","25.030,0","124,63K","1,10%"
"28.12.2020","25.400,0","25.000,0","25.420,0","25.000,0","31,74K","1,60%"
"24.12.2020","25.000,0","25.000,0","25.000,0","25.000,0","7,30K","1,54%"
"23.12.2020","24.620,0","24.300,0","24.820,0","24.250,0","64,64K","1,74%"
"22.12.2020","24.200,0","23.800,0","24.350,0","23.610,0","96,53K","3,42%"
"21.12.2020","23.400,0","23.930,0","24.590,0","23.400,0","351,79K","-5,15%"
"18.12.2020","24.670,0","25.000,0","25.190,0","24.670,0","1,35M","-2,49%"
"17.12.2020","25.300,0","24.760,0","25.340,0","24.600,0","175,45K","2,14%"
"16.12.2020","24.770,0","25.390,0","25.390,0","24.160,0","601,75K","-1,55%"
"15.12.2020","25.160,0","24.970,0","25.400,0","24.420,0","765,97K","0,64%"
"14.12.2020","25.000,0","24.560,0","25.000,0","24.060,0","341,17K","2,08%"
"11.12.2020","24.490,0","24.010,0","24.490,0","23.500,0","191,75K","2,00%"
"10.12.2020","24.010,0","25.000,0","25.070,0","24.000,0","169,03K","-3,73%"
"09.12.2020","24.940,0","25.400,0","25.400,0","24.800,0","356,43K","-1,89%"
"07.12.2020","25.420,0","23.010,0","25.870,0","23.010,0","369,55K","7,26%"
"04.12.2020","23.700,0","22.890,0","23.700,0","22.720,0","200,14K","3,40%"
"03.12.2020","22.920,0","22.550,0","22.920,0","22.500,0","597,54K","1,64%"
"02.12.2020","22.550,0","22.710,0","23.000,0","22.530,0","602,99K","-1,96%"
"01.12.2020","23.000,0","22.700,0","23.000,0","22.580,0","172,95K","1,32%"
"30.11.2020","22.700,0","22.670,0","22.990,0","22.390,0","1,01M","0,44%"
"27.11.2020","22.600,0","22.590,0","22.600,0","22.130,0","125,94K","1,25%"
"26.11.2020","22.320,0","22.440,0","22.450,0","22.080,0","69,98K","0,54%"
"25.11.2020","22.200,0","22.290,0","22.580,0","22.080,0","290,03K","0,54%"
"24.11.2020","22.080,0","21.840,0","22.290,0","21.840,0","224,03K","1,75%"
"23.11.2020","21.700,0","22.680,0","22.680,0","21.700,0","280,36K","-4,32%"
"20.11.2020","22.680,0","22.800,0","22.800,0","22.520,0","79,74K","-0,09%"
"19.11.2020","22.700,0","22.790,0","22.830,0","22.700,0","116,38K","-1,48%"
"18.11.2020","23.040,0","22.680,0","23.180,0","22.680,0","209,58K","0,17%"
"17.11.2020","23.000,0","23.160,0","23.160,0","22.450,0","340,61K","2,13%"
"13.11.2020","22.520,0","22.510,0","23.260,0","22.510,0","235,89K","-1,83%"
"12.11.2020","22.940,0","22.960,0","22.960,0","22.340,0","341,34K","-0,26%"
"11.11.2020","23.000,0","23.150,0","23.300,0","22.880,0","186,21K","-0,82%"
"10.11.2020","23.190,0","21.930,0","23.190,0","21.930,0","161,37K","1,71%"
"09.11.2020","22.800,0","21.900,0","22.800,0","21.900,0","657,64K","5,07%"
"06.11.2020","21.700,0","20.780,0","21.700,0","20.780,0","351,90K","2,84%"
"05.11.2020","21.100,0","21.100,0","21.100,0","20.700,0","95,78K","0,57%"
"04.11.2020","20.980,0","20.730,0","21.260,0","20.600,0","76,73K","1,21%"
"03.11.2020","20.730,0","20.860,0","21.490,0","20.730,0","126,05K","-0,62%"
"30.10.2020","20.860,0","20.500,0","20.860,0","20.500,0","481,15K","1,71%"
"29.10.2020","20.510,0","20.500,0","21.010,0","20.400,0","188,92K","-0,44%"
"28.10.2020","20.600,0","21.000,0","21.040,0","20.500,0","488,90K","-3,29%"
"27.10.2020","21.300,0","21.150,0","21.470,0","21.150,0","351,28K","-1,16%"
"26.10.2020","21.550,0","21.350,0","21.550,0","21.000,0","333,82K","1,94%"
"23.10.2020","21.140,0","21.070,0","21.400,0","21.070,0","45,65K","-1,21%"
"22.10.2020","21.400,0","21.440,0","21.440,0","21.030,0","164,45K","-0,19%"
"21.10.2020","21.440,0","21.260,0","21.590,0","21.260,0","153,16K","-0,83%"
"20.10.2020","21.620,0","21.680,0","21.680,0","21.260,0","200,88K","0,09%"
"19.10.2020","21.600,0","21.270,0","21.790,0","21.260,0","199,98K","0,00%"
"16.10.2020","21.600,0","21.300,0","21.690,0","21.290,0","297,76K","0,00%"
"15.10.2020","21.600,0","20.820,0","21.700,0","20.820,0","340,30K","-0,46%"
"14.10.2020","21.700,0","20.870,0","21.700,0","20.860,0","275,92K","1,07%"
"13.10.2020","21.470,0","20.670,0","21.590,0","20.670,0","142,85K","-0,60%"
"09.10.2020","21.600,0","21.200,0","21.600,0","21.110,0","153,03K","2,37%"
"08.10.2020","21.100,0","20.180,0","21.200,0","20.180,0","246,08K","0,48%"
"07.10.2020","21.000,0","20.220,0","21.000,0","19.900,0","105,13K","5,53%"
"06.10.2020","19.900,0","20.350,0","20.350,0","19.900,0","146,79K","-0,20%"
"05.10.2020","19.940,0","20.400,0","20.400,0","19.940,0","132,30K","-0,30%"
"02.10.2020","20.000,0","20.280,0","20.360,0","20.000,0","68,92K","-1,38%"
"01.10.2020","20.280,0","20.020,0","20.280,0","20.020,0","9,04K","-0,49%"
"30.09.2020","20.380,0","20.000,0","20.380,0","20.000,0","237,96K","1,90%"
"29.09.2020","20.000,0","20.420,0","20.420,0","20.000,0","397,26K","-1,19%"
"28.09.2020","20.240,0","20.420,0","20.440,0","20.240,0","80,74K","-0,69%"
"25.09.2020","20.380,0","20.460,0","20.460,0","20.120,0","171,88K","-0,39%"
"24.09.2020","20.460,0","20.400,0","20.500,0","20.200,0","170,69K","0,69%"
"23.09.2020","20.320,0","20.600,0","20.600,0","20.120,0","127,87K","0,10%"
"22.09.2020","20.300,0","20.580,0","20.660,0","20.120,0","1,04M","-1,36%"
"21.09.2020","20.580,0","20.780,0","20.780,0","20.200,0","141,74K","1,68%"
"18.09.2020","20.240,0","19.920,0","20.420,0","19.920,0","1,94M","1,10%"
"17.09.2020","20.020,0","20.000,0","20.180,0","19.960,0","546,42K","0,00%"
"16.09.2020","20.020,0","20.420,0","20.480,0","20.020,0","347,35K","-0,69%"
"15.09.2020","20.160,0","20.280,0","20.300,0","20.060,0","607,37K","0,30%"
"14.09.2020","20.100,0","20.180,0","20.180,0","20.100,0","29,11K","-1,86%"
"11.09.2020","20.480,0","20.320,0","20.480,0","20.100,0","132,02K","-0,58%"
"10.09.2020","20.600,0","20.960,0","20.960,0","20.480,0","104,85K","-0,96%"
"09.09.2020","20.800,0","21.000,0","21.280,0","20.700,0","235,72K","0,00%"
"08.09.2020","20.800,0","21.000,0","21.340,0","20.640,0","141,04K","-0,95%"
"07.09.2020","21.000,0","20.700,0","21.100,0","20.600,0","146,53K","0,67%"
"04.09.2020","20.860,0","21.400,0","21.400,0","20.860,0","248,59K","-2,16%"
"03.09.2020","21.320,0","21.920,0","21.920,0","21.020,0","164,54K","-2,47%"
"02.09.2020","21.860,0","22.100,0","22.480,0","21.860,0","247,33K","-1,97%"
"01.09.2020","22.300,0","21.500,0","22.300,0","21.420,0","1,41M","6,49%"
"31.08.2020","20.940,0","21.300,0","21.360,0","20.860,0","440,89K","-3,41%"
"28.08.2020","21.680,0","22.100,0","22.400,0","21.680,0","129,67K","-1,28%"
"27.08.2020","21.960,0","21.500,0","22.000,0","21.500,0","296,89K","2,14%"
"26.08.2020","21.500,0","21.400,0","21.500,0","21.020,0","371,80K","0,47%"
"25.08.2020","21.400,0","21.260,0","21.500,0","20.860,0","246,66K","0,66%"
"24.08.2020","21.260,0","21.240,0","21.300,0","20.780,0","215,12K","1,24%"
"21.08.2020","21.000,0","20.360,0","21.100,0","20.200,0","497,64K","3,14%"
"20.08.2020","20.360,0","20.740,0","20.740,0","20.120,0","532,06K","0,10%"
"19.08.2020","20.340,0","20.660,0","21.000,0","20.340,0","214,20K","-4,42%"
"18.08.2020","21.280,0","20.500,0","21.280,0","20.180,0","483,83K","4,31%"
"14.08.2020","20.400,0","19.520,0","20.400,0","19.520,0","157,65K","2,51%"
"13.08.2020","19.900,0","19.500,0","19.900,0","19.380,0","203,60K","2,05%"
"12.08.2020","19.500,0","19.360,0","19.540,0","19.360,0","282,89K","0,10%"
"11.08.2020","19.480,0","19.580,0","19.580,0","19.340,0","382,15K","0,62%"
"10.08.2020","19.360,0","19.800,0","19.800,0","19.360,0","68,93K","-1,73%"
"06.08.2020","19.700,0","19.500,0","19.700,0","19.240,0","97,59K","2,60%"
"05.08.2020","19.200,0","19.380,0","19.380,0","19.200,0","82,29K","0,52%"
"04.08.2020","19.100,0","18.900,0","19.360,0","18.900,0","264,84K","0,63%"
"03.08.2020","18.980,0","19.320,0","19.480,0","18.980,0","255,95K","-1,15%"
"31.07.2020","19.200,0","19.300,0","19.300,0","19.100,0","1,85M","-1,03%"
"30.07.2020","19.400,0","19.600,0","19.700,0","19.320,0","299,91K","-1,02%"
"29.07.2020","19.600,0","19.400,0","19.600,0","19.300,0","101,49K","1,14%"
"28.07.2020","19.380,0","19.500,0","19.680,0","19.300,0","279,06K","-0,82%"
"27.07.2020","19.540,0","19.780,0","19.780,0","19.500,0","259,95K","-1,31%"
"24.07.2020","19.800,0","19.520,0","19.800,0","19.520,0","85,65K","0,51%"
"23.07.2020","19.700,0","19.660,0","19.780,0","19.500,0","295,18K","0,31%"
"22.07.2020","19.640,0","19.680,0","19.720,0","19.440,0","578,86K","-0,20%"
"21.07.2020","19.680,0","19.800,0","19.800,0","19.300,0","825,78K","0,20%"
"17.07.2020","19.640,0","19.400,0","19.640,0","19.400,0","180,78K","0,31%"
"16.07.2020","19.580,0","19.500,0","19.780,0","19.320,0","414,22K","0,00%"
"15.07.2020","19.580,0","19.640,0","19.800,0","19.560,0","376,24K","-0,61%"
"14.07.2020","19.700,0","19.540,0","19.800,0","19.540,0","399,71K","0,82%"
"13.07.2020","19.540,0","19.700,0","19.740,0","19.500,0","202,79K","-0,81%"
"10.07.2020","19.700,0","19.620,0","19.880,0","19.580,0","611,44K","-0,51%"
"09.07.2020","19.800,0","19.920,0","19.940,0","19.700,0","1,58M","-0,50%"
"08.07.2020","19.900,0","19.660,0","20.100,0","19.340,0","906,65K","2,16%"
"07.07.2020","19.480,0","18.900,0","19.500,0","18.900,0","559,83K","3,18%"
"06.07.2020","18.880,0","19.140,0","19.140,0","18.880,0","102,86K","0,32%"
"03.07.2020","18.820,0","18.800,0","19.140,0","18.580,0","47,84K","0,11%"
"02.07.2020","18.800,0","18.880,0","18.880,0","18.640,0","309,88K","1,29%"
"01.07.2020","18.560,0","18.800,0","18.960,0","18.460,0","195,54K","-1,28%"
"30.06.2020","18.800,0","18.700,0","18.800,0","18.200,0","201,48K","0,53%"
"26.06.2020","18.700,0","18.840,0","18.840,0","18.560,0","376,29K","0,00%"
"25.06.2020","18.700,0","18.800,0","18.840,0","18.700,0","155,98K","-0,53%"
"24.06.2020","18.800,0","18.500,0","18.800,0","18.500,0","284,51K","0,11%"
"23.06.2020","18.780,0","18.800,0","18.820,0","18.680,0","574,38K","-0,42%"
"19.06.2020","18.860,0","18.560,0","18.900,0","18.560,0","1,50M","0,96%"
"18.06.2020","18.680,0","18.940,0","19.000,0","18.540,0","234,60K","0,43%"
"17.06.2020","18.600,0","18.720,0","19.160,0","18.600,0","333,06K","-2,82%"
"16.06.2020","19.140,0","19.180,0","19.260,0","18.960,0","441,16K","1,70%"
"12.06.2020","18.820,0","18.620,0","19.180,0","18.620,0","417,60K","-0,95%"
"11.06.2020","19.000,0","18.620,0","19.000,0","18.500,0","281,19K","1,50%"
"10.06.2020","18.720,0","19.260,0","19.440,0","18.720,0","547,11K","-2,80%"
"09.06.2020","19.260,0","19.080,0","19.260,0","18.980,0","625,48K","0,84%"
"08.06.2020","19.100,0","19.100,0","19.180,0","18.960,0","387,41K","0,10%"
"05.06.2020","19.080,0","19.400,0","19.460,0","18.840,0","479,39K","-1,14%"
"04.06.2020","19.300,0","19.400,0","19.500,0","19.200,0","604,93K","-0,52%"
"03.06.2020","19.400,0","19.200,0","19.500,0","19.200,0","670,41K","1,04%"
"02.06.2020","19.200,0","19.500,0","19.680,0","19.040,0","193,66K","0,84%"
"01.06.2020","19.040,0","19.460,0","19.460,0","19.040,0","304,13K","-2,86%"
"29.05.2020","19.600,0","19.200,0","19.600,0","18.500,0","2,95M","2,08%"
"28.05.2020","19.200,0","18.560,0","19.620,0","18.560,0","202,33K","0,31%"
"27.05.2020","19.140,0","18.700,0","19.140,0","18.560,0","244,28K","2,90%"
"26.05.2020","18.600,0","18.300,0","18.640,0","18.300,0","203,09K","1,42%"
"22.05.2020","18.340,0","18.300,0","18.420,0","18.240,0","207,42K","-0,33%"
"21.05.2020","18.400,0","18.480,0","18.500,0","18.300,0","582,77K","-0,65%"
"20.05.2020","18.520,0","18.420,0","18.560,0","18.300,0","133,01K","0,22%"
"19.05.2020","18.480,0","18.200,0","18.580,0","18.200,0","106,62K","-0,11%"
"18.05.2020","18.500,0","18.200,0","18.500,0","18.200,0","751,31K","1,65%"
"15.05.2020","18.200,0","18.060,0","18.400,0","18.060,0","112,03K","-1,09%"
"14.05.2020","18.400,0","18.000,0","18.400,0","17.900,0","237,71K","2,22%"
"13.05.2020","18.000,0","17.900,0","18.200,0","17.820,0","188,97K","-0,55%"
"12.05.2020","18.100,0","18.100,0","18.500,0","17.960,0","187,59K","0,00%"
"11.05.2020","18.100,0","18.000,0","18.280,0","17.900,0","211,20K","1,69%"
"08.05.2020","17.800,0","18.220,0","18.780,0","17.800,0","338,68K","-4,20%"
"07.05.2020","18.580,0","18.180,0","18.580,0","17.940,0","422,64K","4,74%"
"06.05.2020","17.740,0","17.740,0","17.880,0","17.600,0","254,04K","0,80%"
"05.05.2020","17.600,0","18.300,0","18.300,0","17.600,0","45,23K","-1,68%"
"04.05.2020","17.900,0","17.900,0","18.300,0","17.760,0","189,67K","-1,65%"
"30.04.2020","18.200,0","18.300,0","18.400,0","18.000,0","272,80K","-0,98%"
"29.04.2020","18.380,0","17.960,0","18.660,0","17.960,0","345,24K","-0,65%"
"28.04.2020","18.500,0","18.000,0","18.500,0","17.800,0","338,18K","2,78%"
"27.04.2020","18.000,0","18.300,0","18.500,0","18.000,0","165,69K","-1,64%"
"24.04.2020","18.300,0","18.600,0","18.960,0","18.120,0","626,59K","-1,72%"
"23.04.2020","18.620,0","18.300,0","18.640,0","18.300,0","218,20K","2,31%"
"22.04.2020","18.200,0","17.500,0","18.200,0","17.340,0","224,47K","4,00%"
"21.04.2020","17.500,0","17.800,0","17.800,0","17.000,0","175,20K","-2,13%"
"20.04.2020","17.880,0","18.000,0","18.200,0","17.800,0","272,01K","-0,67%"
"17.04.2020","18.000,0","17.860,0","18.340,0","17.860,0","168,47K","-1,10%"
"16.04.2020","18.200,0","18.000,0","18.200,0","17.180,0","671,82K","0,55%"
"15.04.2020","18.100,0","17.900,0","18.200,0","17.500,0","643,97K","1,12%"
"14.04.2020","17.900,0","18.200,0","18.320,0","17.700,0","506,11K","0,22%"
"13.04.2020","17.860,0","16.520,0","18.020,0","16.520,0","279,16K","3,84%"
"08.04.2020","17.200,0","16.200,0","17.200,0","16.200,0","149,58K","3,12%"
"07.04.2020","16.680,0","16.240,0","16.680,0","16.240,0","397,42K","3,35%"
"06.04.2020","16.140,0","15.700,0","16.540,0","15.700,0","520,88K","4,13%"
"03.04.2020","15.500,0","15.400,0","15.580,0","15.080,0","721,04K","0,65%"
"02.04.2020","15.400,0","15.000,0","15.600,0","14.800,0","410,97K","4,05%"
"01.04.2020","14.800,0","15.400,0","15.480,0","14.500,0","467,34K","-4,39%"
"31.03.2020","15.480,0","16.520,0","16.820,0","15.480,0","741,80K","-6,41%"
"30.03.2020","16.540,0","16.500,0","16.600,0","16.100,0","350,37K","-0,36%"
"27.03.2020","16.600,0","16.300,0","17.000,0","15.620,0","440,17K","-0,48%"
"26.03.2020","16.680,0","14.800,0","16.840,0","14.800,0","303,29K","14,88%"
"25.03.2020","14.520,0","13.320,0","14.580,0","13.320,0","633,97K","9,01%"
"24.03.2020","13.320,0","13.000,0","13.780,0","12.520,0","1,10M","-0,60%"
"20.03.2020","13.400,0","13.400,0","13.920,0","13.140,0","1,81M","2,29%"
"19.03.2020","13.100,0","12.060,0","13.500,0","12.060,0","500,71K","11,02%"
"18.03.2020","11.800,0","12.100,0","13.000,0","11.800,0","3,46M","-5,60%"
"17.03.2020","12.500,0","12.160,0","12.780,0","11.500,0","1,45M","3,31%"
"16.03.2020","12.100,0","14.980,0","14.980,0","11.000,0","640,50K","-24,09%"
"12.03.2020","15.940,0","16.960,0","16.960,0","15.100,0","210,02K","-6,24%"
"11.03.2020","17.000,0","16.940,0","17.620,0","16.940,0","970,14K","-2,86%"
"10.03.2020","17.500,0","17.120,0","17.900,0","17.120,0","398,90K","2,94%"
"09.03.2020","17.000,0","18.020,0","18.020,0","16.940,0","586,28K","-6,08%"
"06.03.2020","18.100,0","18.500,0","18.560,0","18.080,0","372,47K","-2,16%"
"05.03.2020","18.500,0","18.220,0","18.720,0","18.200,0","727,06K","1,09%"
"04.03.2020","18.300,0","18.300,0","18.500,0","18.100,0","638,27K","1,33%"
"03.03.2020","18.060,0","18.700,0","18.880,0","18.060,0","780,97K","-1,42%"
"02.03.2020","18.320,0","18.600,0","18.960,0","18.320,0","284,23K","-1,51%"
"28.02.2020","18.600,0","18.580,0","18.600,0","18.220,0","696,75K","0,00%"
"27.02.2020","18.600,0","18.600,0","18.780,0","18.280,0","649,37K","-1,06%"
"26.02.2020","18.800,0","19.020,0","19.280,0","18.480,0","924,88K","-1,16%"
"25.02.2020","19.020,0","18.920,0","19.080,0","18.760,0","316,45K","-0,11%"
"24.02.2020","19.040,0","18.820,0","19.100,0","18.600,0","597,73K","0,74%"
"21.02.2020","18.900,0","19.240,0","19.240,0","18.840,0","389,53K","-1,97%"
"20.02.2020","19.280,0","19.280,0","19.400,0","19.120,0","281,19K","0,00%"
"19.02.2020","19.280,0","18.920,0","19.280,0","18.920,0","159,03K","1,15%"
"18.02.2020","19.060,0","18.960,0","19.200,0","18.960,0","574,46K","0,32%"
"17.02.2020","19.000,0","18.920,0","19.040,0","18.920,0","57,31K","0,00%"
"14.02.2020","19.000,0","18.900,0","19.180,0","18.820,0","345,16K","0,00%"
"13.02.2020","19.000,0","18.800,0","19.000,0","18.740,0","201,97K","1,06%"
"12.02.2020","18.800,0","18.740,0","18.940,0","18.720,0","455,06K","1,08%"
"11.02.2020","18.600,0","18.620,0","18.800,0","18.500,0","1,06M","-0,75%"
"10.02.2020","18.740,0","19.100,0","19.100,0","18.600,0","548,73K","-0,85%"
"07.02.2020","18.900,0","18.860,0","19.200,0","18.860,0","333,99K","-0,32%"
"06.02.2020","18.960,0","19.100,0","19.240,0","18.860,0","379,45K","-1,46%"
"05.02.2020","19.240,0","19.500,0","19.500,0","19.200,0","241,01K","0,00%"
"04.02.2020","19.240,0","19.460,0","19.460,0","19.240,0","280,75K","0,42%"
"03.02.2020","19.160,0","19.300,0","19.340,0","18.980,0","339,27K","1,91%"
"31.01.2020","18.800,0","19.360,0","19.640,0","18.800,0","831,86K","-4,76%"
"30.01.2020","19.740,0","19.480,0","19.740,0","19.320,0","340,37K","1,86%"
"29.01.2020","19.380,0","19.300,0","19.480,0","19.280,0","223,10K","0,41%"
"28.01.2020","19.300,0","19.240,0","19.400,0","19.120,0","253,65K","0,31%"
"27.01.2020","19.240,0","19.380,0","19.440,0","19.020,0","84,77K","-0,72%"
"24.01.2020","19.380,0","19.300,0","19.460,0","19.240,0","118,17K","0,41%"
"23.01.2020","19.300,0","19.420,0","19.600,0","19.300,0","67,42K","-1,03%"
"22.01.2020","19.500,0","19.640,0","19.640,0","19.420,0","153,92K","-0,31%"
"21.01.2020","19.560,0","19.500,0","19.600,0","19.500,0","77,36K","-0,31%"
"20.01.2020","19.620,0","19.360,0","19.880,0","19.300,0","31,75K","0,51%"
"17.01.2020","19.520,0","19.460,0","19.660,0","19.460,0","200,93K","-0,20%"
"16.01.2020","19.560,0","19.500,0","19.620,0","19.440,0","179,85K","-0,61%"
"15.01.2020","19.680,0","19.480,0","19.800,0","19.480,0","701,24K","-0,10%"
"14.01.2020","19.700,0","19.780,0","19.940,0","19.600,0","302,32K","-1,30%"
"13.01.2020","19.960,0","19.420,0","19.960,0","19.340,0","342,68K","1,53%"
"10.01.2020","19.660,0","19.520,0","19.660,0","19.340,0","126,81K","-0,51%"
"09.01.2020","19.760,0","19.320,0","20.000,0","19.200,0","204,54K","0,82%"
"08.01.2020","19.600,0","19.600,0","19.600,0","19.280,0","193,36K","-0,81%"
"07.01.2020","19.760,0","20.260,0","20.300,0","19.560,0","389,43K","-2,66%"
"03.01.2020","20.300,0","19.880,0","20.480,0","19.860,0","583,81K","2,11%"
"02.01.2020","19.880,0","19.600,0","19.880,0","19.100,0","233,22K","1,43%"
"30.12.2019","19.600,0","19.140,0","19.900,0","19.140,0","260,47K","1,14%"
"27.12.2019","19.380,0","19.300,0","19.380,0","19.020,0","165,60K","0,41%"
"26.12.2019","19.300,0","19.300,0","19.300,0","18.860,0","70,72K","0,00%"
"24.12.2019","19.300,0","19.040,0","19.300,0","19.040,0","11,67K","0,00%"
"23.12.2019","19.300,0","18.540,0","19.300,0","18.540,0","154,43K","3,54%"
"20.12.2019","18.640,0","18.720,0","18.720,0","18.320,0","1,73M","-0,43%"
"19.12.2019","18.720,0","18.680,0","18.720,0","18.400,0","168,85K","0,21%"
"18.12.2019","18.680,0","18.440,0","19.000,0","18.420,0","329,10K","-0,43%"
"17.12.2019","18.760,0","18.800,0","18.800,0","18.320,0","256,31K","-0,21%"
"16.12.2019","18.800,0","18.500,0","18.860,0","18.500,0","159,60K","-1,05%"
"13.12.2019","19.000,0","18.300,0","19.000,0","18.300,0","220,99K","3,83%"
"12.12.2019","18.300,0","18.240,0","18.780,0","18.200,0","401,80K","0,33%"
"11.12.2019","18.240,0","18.600,0","18.660,0","18.240,0","125,39K","-2,15%"
"10.12.2019","18.640,0","18.500,0","18.800,0","18.500,0","500,06K","-0,75%"
"09.12.2019","18.780,0","18.740,0","18.780,0","18.300,0","113,08K","1,51%"
"06.12.2019","18.500,0","18.540,0","18.720,0","18.500,0","136,26K","-0,86%"
"05.12.2019","18.660,0","18.380,0","18.900,0","18.220,0","284,70K","1,74%"
"04.12.2019","18.340,0","18.400,0","18.500,0","18.180,0","225,49K","-0,33%"
"03.12.2019","18.400,0","18.040,0","18.400,0","18.040,0","266,15K","0,22%"
"02.12.2019","18.360,0","18.960,0","18.960,0","18.000,0","391,15K","-3,27%"
"29.11.2019","18.980,0","18.800,0","19.000,0","18.580,0","241,16K","0,96%"
"28.11.2019","18.800,0","18.300,0","18.800,0","18.300,0","155,09K","2,96%"
"27.11.2019","18.260,0","18.220,0","18.840,0","18.200,0","161,71K","-2,35%"
"26.11.2019","18.700,0","18.220,0","18.700,0","18.200,0","2,02M","2,19%"
"25.11.2019","18.300,0","18.600,0","18.940,0","18.280,0","529,29K","-2,03%"
"22.11.2019","18.680,0","18.020,0","18.680,0","18.020,0","207,68K","4,36%"
"21.11.2019","17.900,0","18.100,0","18.400,0","17.900,0","265,22K","-3,24%"
"20.11.2019","18.500,0","19.220,0","19.420,0","18.500,0","320,23K","-3,75%"
"19.11.2019","19.220,0","19.560,0","19.620,0","18.800,0","421,44K","-4,57%"
"18.11.2019","20.140,0","19.320,0","20.140,0","19.320,0","100,39K","2,55%"
"15.11.2019","19.640,0","19.460,0","19.640,0","19.100,0","65,14K","0,92%"
"14.11.2019","19.460,0","19.960,0","20.140,0","19.460,0","144,41K","-3,85%"
"13.11.2019","20.240,0","19.200,0","20.240,0","19.200,0","123,05K","0,00%"
"12.11.2019","20.240,0","20.200,0","20.400,0","19.840,0","403,25K","0,20%"
"08.11.2019","20.200,0","20.280,0","20.300,0","19.900,0","191,86K","-0,49%"
"07.11.2019","20.300,0","20.580,0","20.580,0","19.900,0","148,79K","0,69%"
"06.11.2019","20.160,0","20.480,0","20.500,0","19.940,0","330,20K","-1,56%"
"05.11.2019","20.480,0","19.780,0","20.480,0","19.780,0","524,57K","3,96%"
"01.11.2019","19.700,0","19.360,0","19.780,0","19.360,0","299,58K","1,03%"
"31.10.2019","19.500,0","19.400,0","19.840,0","19.400,0","746,74K","-1,81%"
"30.10.2019","19.860,0","20.000,0","20.000,0","19.320,0","285,51K","-0,70%"
"29.10.2019","20.000,0","19.640,0","20.280,0","19.640,0","295,87K","0,20%"
"28.10.2019","19.960,0","19.640,0","20.880,0","19.640,0","277,86K","-0,20%"
"25.10.2019","20.000,0","19.760,0","20.000,0","19.520,0","510,00K","1,21%"
"24.10.2019","19.760,0","19.360,0","19.760,0","19.180,0","182,92K","1,86%"
"23.10.2019","19.400,0","19.400,0","19.400,0","19.200,0","130,43K","0,00%"
"22.10.2019","19.400,0","18.840,0","19.400,0","18.840,0","374,51K","2,11%"
"21.10.2019","19.000,0","18.980,0","19.000,0","18.620,0","433,01K","1,17%"
"18.10.2019","18.780,0","18.740,0","19.000,0","18.720,0","128,64K","-0,42%"
"17.10.2019","18.860,0","18.760,0","18.980,0","18.560,0","277,77K","0,32%"
"16.10.2019","18.800,0","19.260,0","19.260,0","18.780,0","231,41K","0,11%"
"15.10.2019","18.780,0","19.080,0","19.280,0","18.780,0","187,85K","-1,16%"
"11.10.2019","19.000,0","19.020,0","19.360,0","18.980,0","175,43K","-0,11%"
"10.10.2019","19.020,0","19.380,0","19.380,0","19.020,0","369,62K","-1,86%"
"09.10.2019","19.380,0","18.600,0","19.520,0","18.600,0","65,69K","0,00%"
"08.10.2019","19.380,0","19.100,0","19.600,0","18.840,0","437,77K","-0,51%"
"07.10.2019","19.480,0","19.000,0","19.480,0","18.800,0","89,88K","2,96%"
"04.10.2019","18.920,0","19.080,0","19.080,0","18.740,0","171,13K","-0,11%"
"03.10.2019","18.940,0","18.240,0","19.080,0","18.240,0","162,86K","2,38%"
"02.10.2019","18.500,0","18.040,0","18.820,0","18.020,0","784,99K","0,00%"
"01.10.2019","18.500,0","18.300,0","18.980,0","18.300,0","112,67K","1,43%"
"30.09.2019","18.240,0","18.500,0","18.500,0","18.240,0","527,75K","-1,41%"
"27.09.2019","18.500,0","19.100,0","19.100,0","18.500,0","123,22K","-2,73%"
"26.09.2019","19.020,0","18.560,0","19.260,0","18.560,0","205,81K","-0,21%"
"25.09.2019","19.060,0","19.180,0","19.520,0","18.580,0","269,77K","-2,76%"
"24.09.2019","19.600,0","19.040,0","19.700,0","19.040,0","166,35K","0,51%"
"23.09.2019","19.500,0","19.600,0","19.940,0","19.500,0","100,19K","-2,01%"
"20.09.2019","19.900,0","19.300,0","20.000,0","19.300,0","1,90M","0,20%"
"19.09.2019","19.860,0","19.340,0","19.860,0","19.340,0","571,26K","0,81%"
"18.09.2019","19.700,0","20.000,0","20.100,0","19.300,0","458,33K","-1,50%"
"17.09.2019","20.000,0","19.320,0","20.000,0","19.320,0","302,82K","-0,50%"
"16.09.2019","20.100,0","18.640,0","20.100,0","18.620,0","438,20K","4,15%"
"13.09.2019","19.300,0","19.200,0","19.300,0","19.160,0","263,75K","0,31%"
"12.09.2019","19.240,0","19.220,0","19.320,0","19.140,0","824,54K","0,00%"
"11.09.2019","19.240,0","19.240,0","19.320,0","19.100,0","344,54K","-0,72%"
"10.09.2019","19.380,0","19.160,0","19.380,0","19.040,0","317,88K","0,00%"
"09.09.2019","19.380,0","18.800,0","19.380,0","18.780,0","106,88K","1,89%"
"06.09.2019","19.020,0","19.140,0","19.280,0","19.000,0","87,47K","-1,86%"
"05.09.2019","19.380,0","19.280,0","19.460,0","19.140,0","244,03K","0,52%"
"04.09.2019","19.280,0","18.600,0","19.280,0","18.600,0","364,25K","2,12%"
"03.09.2019","18.880,0","18.640,0","18.900,0","18.200,0","263,88K","2,05%"
"02.09.2019","18.500,0","18.180,0","18.500,0","18.180,0","44,22K","1,76%"
"30.08.2019","18.180,0","17.860,0","18.180,0","17.700,0","813,34K","1,56%"
"29.08.2019","17.900,0","17.500,0","17.920,0","17.500,0","216,29K","2,40%"
"28.08.2019","17.480,0","17.060,0","18.000,0","17.060,0","242,78K","-0,11%"
"27.08.2019","17.500,0","17.060,0","17.580,0","17.060,0","877,98K","2,58%"
"26.08.2019","17.060,0","17.460,0","17.840,0","17.060,0","157,83K","-2,29%"
"23.08.2019","17.460,0","17.700,0","17.700,0","17.400,0","146,92K","-3,00%"
"22.08.2019","18.000,0","17.400,0","18.000,0","17.340,0","216,54K","-0,55%"
"21.08.2019","18.100,0","17.640,0","18.120,0","17.640,0","356,98K","0,00%"
"20.08.2019","18.100,0","18.040,0","18.180,0","18.040,0","1,15M","0,56%"
"16.08.2019","18.000,0","17.500,0","18.280,0","17.280,0","548,08K","3,45%"
"15.08.2019","17.400,0","16.880,0","17.400,0","16.700,0","280,57K","2,96%"
"14.08.2019","16.900,0","16.900,0","17.380,0","16.900,0","278,94K","-2,76%"
"13.08.2019","17.380,0","17.180,0","17.460,0","17.140,0","216,41K","1,64%"
"12.08.2019","17.100,0","17.420,0","17.420,0","16.840,0","141,41K","1,18%"
"09.08.2019","16.900,0","17.100,0","17.260,0","16.900,0","132,76K","-3,43%"
"08.08.2019","17.500,0","16.700,0","17.700,0","16.700,0","444,63K","4,04%"
"06.08.2019","16.820,0","16.200,0","17.480,0","16.020,0","661,54K","3,83%"
"05.08.2019","16.200,0","16.900,0","16.900,0","16.200,0","326,23K","-4,26%"
"02.08.2019","16.920,0","17.440,0","17.700,0","16.920,0","1,70M","-3,09%"
"01.08.2019","17.460,0","17.720,0","17.800,0","17.120,0","690,96K","-1,91%"
"31.07.2019","17.800,0","18.020,0","18.180,0","17.800,0","1,50M","-1,11%"
"30.07.2019","18.000,0","18.900,0","18.900,0","18.000,0","205,51K","-5,06%"
"29.07.2019","18.960,0","19.000,0","19.200,0","18.940,0","274,25K","-1,25%"
"26.07.2019","19.200,0","19.500,0","19.500,0","18.840,0","625,27K","-3,03%"
"25.07.2019","19.800,0","19.400,0","19.900,0","19.400,0","958,04K","2,59%"
"24.07.2019","19.300,0","18.920,0","19.300,0","18.920,0","117,50K","0,73%"
"23.07.2019","19.160,0","19.000,0","19.160,0","18.900,0","598,46K","0,84%"
"22.07.2019","19.000,0","19.160,0","19.160,0","18.840,0","270,33K","-0,84%"
"19.07.2019","19.160,0","18.820,0","19.300,0","18.820,0","365,77K","-0,21%"
"18.07.2019","19.200,0","19.500,0","19.500,0","18.920,0","250,55K","-2,34%"
"17.07.2019","19.660,0","19.900,0","19.900,0","19.500,0","228,62K","-0,10%"
"16.07.2019","19.680,0","19.600,0","19.820,0","19.460,0","386,43K","-0,10%"
"15.07.2019","19.700,0","20.000,0","20.000,0","19.640,0","932,20K","-1,30%"
"12.07.2019","19.960,0","19.620,0","19.960,0","19.620,0","119,00K","0,81%"
"11.07.2019","19.800,0","19.700,0","19.800,0","19.560,0","589,62K","-0,50%"
"10.07.2019","19.900,0","19.500,0","20.500,0","19.500,0","958,15K","2,05%"
"09.07.2019","19.500,0","18.940,0","19.500,0","18.940,0","290,99K","1,56%"
"08.07.2019","19.200,0","18.900,0","19.300,0","18.900,0","388,55K","1,59%"
"05.07.2019","18.900,0","18.300,0","18.960,0","18.300,0","525,06K","2,16%"
"04.07.2019","18.500,0","18.040,0","18.500,0","18.040,0","32,40K","0,54%"
"03.07.2019","18.400,0","17.800,0","18.400,0","17.800,0","486,95K","2,68%"
"02.07.2019","17.920,0","17.620,0","17.940,0","17.620,0","500,78K","0,34%"
"28.06.2019","17.860,0","17.620,0","17.980,0","17.620,0","287,44K","0,22%"
"27.06.2019","17.820,0","18.000,0","18.180,0","17.820,0","588,42K","-2,41%"
"26.06.2019","18.260,0","19.360,0","19.620,0","18.200,0","746,59K","-5,68%"
"25.06.2019","19.360,0","19.000,0","19.700,0","19.000,0","580,32K","2,00%"
"21.06.2019","18.980,0","18.880,0","19.000,0","18.780,0","1,43M","0,53%"
"20.06.2019","18.880,0","18.880,0","19.000,0","18.700,0","1,25M","0,00%"
"19.06.2019","18.880,0","18.600,0","18.880,0","18.540,0","278,45K","0,96%"
"18.06.2019","18.700,0","18.240,0","18.900,0","18.240,0","386,02K","0,65%"
"17.06.2019","18.580,0","18.600,0","19.100,0","18.580,0","582,70K","-0,96%"
"14.06.2019","18.760,0","18.000,0","18.840,0","18.000,0","241,29K","0,86%"
"13.06.2019","18.600,0","18.500,0","18.840,0","18.000,0","446,16K","1,09%"
"12.06.2019","18.400,0","17.100,0","18.480,0","17.100,0","484,62K","3,95%"
"11.06.2019","17.700,0","17.520,0","17.740,0","17.520,0","231,33K","1,03%"
"10.06.2019","17.520,0","17.500,0","18.120,0","17.500,0","692,59K","0,69%"
"07.06.2019","17.400,0","16.880,0","17.660,0","16.880,0","539,63K","3,08%"
"06.06.2019","16.880,0","16.500,0","16.880,0","16.500,0","1,36M","0,96%"
"05.06.2019","16.720,0","16.480,0","16.820,0","16.480,0","1,66M","1,33%"
"04.06.2019","16.500,0","16.200,0","16.960,0","16.200,0","897,16K","1,85%"
"31.05.2019","16.200,0","15.880,0","16.200,0","15.860,0","2,57M","2,02%"
"30.05.2019","15.880,0","15.700,0","16.180,0","15.700,0","2,01M","1,15%"
"29.05.2019","15.700,0","15.660,0","15.780,0","15.640,0","496,58K","0,77%"
"28.05.2019","15.580,0","15.600,0","15.800,0","15.580,0","8,50M","-1,39%"
"27.05.2019","15.800,0","15.660,0","15.800,0","15.660,0","76,93K","0,00%"
"24.05.2019","15.800,0","15.600,0","15.800,0","15.600,0","290,03K","0,13%"
"23.05.2019","15.780,0","15.620,0","15.780,0","15.540,0","1,57M","0,00%"
"22.05.2019","15.780,0","15.720,0","15.780,0","15.680,0","610,39K","0,13%"
"21.05.2019","15.760,0","15.600,0","15.760,0","15.600,0","449,32K","0,64%"
"20.05.2019","15.660,0","15.520,0","15.760,0","15.520,0","653,43K","0,13%"
"17.05.2019","15.640,0","15.480,0","15.740,0","15.460,0","601,34K","-0,51%"
"16.05.2019","15.720,0","15.600,0","15.760,0","15.600,0","521,38K","0,00%"
"15.05.2019","15.720,0","15.520,0","15.820,0","15.460,0","765,89K","1,16%"
"14.05.2019","15.540,0","15.500,0","15.680,0","15.420,0","391,14K","0,26%"
"13.05.2019","15.500,0","15.640,0","15.900,0","15.500,0","459,04K","-0,90%"
"10.05.2019","15.640,0","15.980,0","15.980,0","15.500,0","305,91K","-0,89%"
"09.05.2019","15.780,0","15.820,0","16.000,0","15.780,0","313,65K","-0,25%"
"08.05.2019","15.820,0","15.940,0","16.080,0","15.820,0","269,41K","-0,75%"
"07.05.2019","15.940,0","16.020,0","16.120,0","15.860,0","245,38K","-0,38%"
"06.05.2019","16.000,0","16.060,0","16.060,0","15.820,0","140,19K","-0,50%"
"03.05.2019","16.080,0","16.200,0","16.200,0","15.920,0","133,33K","0,75%"
"02.05.2019","15.960,0","15.980,0","16.040,0","15.820,0","152,67K","0,88%"
"30.04.2019","15.820,0","15.940,0","16.280,0","15.820,0","1,20M","-2,35%"
"29.04.2019","16.200,0","16.240,0","16.240,0","16.020,0","117,92K","-0,49%"
"26.04.2019","16.280,0","16.020,0","16.280,0","15.960,0","121,53K","1,62%"
"25.04.2019","16.020,0","15.840,0","16.180,0","15.840,0","253,47K","-0,62%"
"24.04.2019","16.120,0","15.980,0","16.200,0","15.900,0","290,17K","0,75%"
"23.04.2019","16.000,0","16.060,0","16.080,0","15.940,0","183,49K","-0,62%"
"22.04.2019","16.100,0","15.600,0","16.200,0","15.600,0","811,16K","-1,23%"
"17.04.2019","16.300,0","15.580,0","16.400,0","15.580,0","425,85K","5,16%"
"16.04.2019","15.500,0","15.520,0","15.580,0","15.300,0","190,88K","-0,13%"
"15.04.2019","15.520,0","16.100,0","16.100,0","15.520,0","161,89K","-3,60%"
"12.04.2019","16.100,0","15.920,0","16.260,0","15.920,0","132,75K","-0,74%"
"11.04.2019","16.220,0","16.080,0","16.380,0","16.020,0","326,96K","-0,49%"
"10.04.2019","16.300,0","16.200,0","16.480,0","16.040,0","236,61K","0,62%"
"09.04.2019","16.200,0","15.780,0","16.200,0","15.700,0","372,95K","2,40%"
"08.04.2019","15.820,0","16.000,0","16.000,0","15.600,0","194,95K","-0,38%"
"05.04.2019","15.880,0","16.000,0","16.420,0","15.880,0","312,30K","-1,24%"
"04.04.2019","16.080,0","15.900,0","16.220,0","15.900,0","194,93K","-0,86%"
"03.04.2019","16.220,0","16.200,0","16.260,0","16.000,0","180,87K","0,37%"
"02.04.2019","16.160,0","15.800,0","16.160,0","15.800,0","274,87K","-0,25%"
"01.04.2019","16.200,0","16.000,0","16.200,0","15.900,0","344,77K","1,50%"
"29.03.2019","15.960,0","16.240,0","16.240,0","15.900,0","762,26K","0,38%"
"28.03.2019","15.900,0","15.940,0","16.200,0","15.900,0","256,03K","-2,45%"
"27.03.2019","16.300,0","16.600,0","16.600,0","16.200,0","251,39K","-2,63%"
"26.03.2019","16.740,0","16.000,0","16.740,0","16.000,0","457,74K","4,10%"
"22.03.2019","16.080,0","15.820,0","16.140,0","15.520,0","606,12K","-0,12%"
"21.03.2019","16.100,0","16.400,0","16.440,0","16.100,0","554,80K","-1,83%"
"20.03.2019","16.400,0","15.640,0","17.460,0","15.640,0","1,31M","-1,80%"
"19.03.2019","16.700,0","15.480,0","16.700,0","15.480,0","479,50K","1,33%"
"18.03.2019","16.480,0","15.120,0","16.480,0","15.120,0","289,67K","6,46%"
"15.03.2019","15.480,0","14.780,0","15.820,0","14.780,0","1,31M","3,20%"
"14.03.2019","15.000,0","14.880,0","15.480,0","14.680,0","1,60M","0,81%"
"13.03.2019","14.880,0","14.400,0","14.880,0","14.280,0","743,39K","3,77%"
"12.03.2019","14.340,0","14.340,0","14.440,0","14.240,0","420,98K","0,42%"
"11.03.2019","14.280,0","14.220,0","14.340,0","14.180,0","379,83K","0,56%"
"08.03.2019","14.200,0","14.000,0","14.260,0","14.000,0","306,80K","0,42%"
"07.03.2019","14.140,0","14.180,0","14.360,0","14.100,0","428,32K","0,00%"
"06.03.2019","14.140,0","14.000,0","14.180,0","13.980,0","725,53K","1,00%"
"05.03.2019","14.000,0","13.960,0","14.040,0","13.960,0","137,99K","0,14%"
"04.03.2019","13.980,0","14.000,0","14.040,0","13.980,0","121,36K","-0,43%"
"01.03.2019","14.040,0","13.980,0","14.040,0","13.980,0","225,66K","0,43%"
"28.02.2019","13.980,0","13.960,0","14.060,0","13.960,0","398,69K","-0,71%"
"27.02.2019","14.080,0","13.920,0","14.080,0","13.920,0","377,21K","0,28%"
"26.02.2019","14.040,0","14.020,0","14.040,0","13.960,0","570,78K","0,14%"
"25.02.2019","14.020,0","14.040,0","14.060,0","14.000,0","183,43K","0,00%"
"22.02.2019","14.020,0","14.020,0","14.080,0","13.940,0","238,68K","-0,28%"
"21.02.2019","14.060,0","14.000,0","14.060,0","13.980,0","632,31K","-0,28%"
"20.02.2019","14.100,0","14.060,0","14.140,0","14.000,0","542,93K","0,28%"
"19.02.2019","14.060,0","13.940,0","14.060,0","13.920,0","674,22K","-0,28%"
"18.02.2019","14.100,0","13.960,0","14.100,0","13.960,0","283,84K","-0,14%"
"15.02.2019","14.120,0","13.920,0","14.120,0","13.920,0","509,20K","0,86%"
"14.02.2019","14.000,0","13.960,0","14.000,0","13.900,0","498,52K","0,29%"
"13.02.2019","13.960,0","13.920,0","13.960,0","13.880,0","364,15K","0,14%"
"12.02.2019","13.940,0","13.820,0","13.980,0","13.820,0","309,96K","0,00%"
"11.02.2019","13.940,0","13.820,0","13.960,0","13.820,0","126,46K","0,29%"
"08.02.2019","13.900,0","13.800,0","13.980,0","13.800,0","428,69K","-0,43%"
"07.02.2019","13.960,0","14.020,0","14.100,0","13.920,0","157,06K","-0,99%"
"06.02.2019","14.100,0","14.080,0","14.140,0","14.000,0","434,86K","0,14%"
"05.02.2019","14.080,0","13.800,0","14.100,0","13.800,0","314,45K","1,29%"
"04.02.2019","13.900,0","13.920,0","13.940,0","13.820,0","2,04M","-0,14%"
"01.02.2019","13.920,0","13.940,0","13.940,0","13.800,0","233,22K","0,00%"
"31.01.2019","13.920,0","13.820,0","13.940,0","13.740,0","1,68M","-0,29%"
"30.01.2019","13.960,0","14.000,0","14.000,0","13.840,0","677,10K","-0,29%"
"29.01.2019","14.000,0","13.960,0","14.000,0","13.840,0","342,28K","0,29%"
"28.01.2019","13.960,0","14.040,0","14.040,0","13.840,0","783,79K","-0,57%"
"25.01.2019","14.040,0","14.180,0","14.180,0","13.940,0","489,63K","-0,99%"
"24.01.2019","14.180,0","14.060,0","14.180,0","14.000,0","440,87K","0,42%"
"23.01.2019","14.120,0","13.840,0","14.120,0","13.840,0","248,07K","0,86%"
"22.01.2019","14.000,0","13.960,0","14.000,0","13.820,0","484,10K","0,29%"
"21.01.2019","13.960,0","13.840,0","14.000,0","13.840,0","125,95K","-0,14%"
"18.01.2019","13.980,0","13.920,0","14.060,0","13.820,0","875,42K","0,43%"
"17.01.2019","13.920,0","13.880,0","14.000,0","13.840,0","476,16K","0,29%"
"16.01.2019","13.880,0","14.060,0","14.180,0","13.860,0","595,49K","-2,39%"
"15.01.2019","14.220,0","14.160,0","14.280,0","14.100,0","322,98K","0,14%"
"14.01.2019","14.200,0","14.400,0","14.440,0","14.100,0","581,87K","-1,25%"
"11.01.2019","14.380,0","14.260,0","14.400,0","14.220,0","453,19K","1,13%"
"10.01.2019","14.220,0","14.220,0","14.540,0","14.220,0","365,66K","0,42%"
"09.01.2019","14.160,0","14.120,0","14.660,0","14.120,0","485,82K","-3,15%"
"08.01.2019","14.620,0","14.500,0","14.660,0","14.220,0","510,70K","0,83%"
"04.01.2019","14.500,0","13.880,0","14.500,0","13.880,0","121,75K","1,12%"
"03.01.2019","14.340,0","14.000,0","14.340,0","13.800,0","226,94K","2,43%"
"02.01.2019","14.000,0","13.800,0","14.000,0","13.800,0","114,43K","0,14%"
"28.12.2018","13.980,0","14.000,0","14.020,0","13.840,0","188,70K","-0,14%"
"27.12.2018","14.000,0","14.000,0","14.280,0","13.840,0","229,42K","-1,96%"
"26.12.2018","14.280,0","13.740,0","14.280,0","13.740,0","27,82K","-0,14%"
"24.12.2018","14.300,0","13.700,0","14.300,0","13.700,0","72,91K","2,14%"
"21.12.2018","14.000,0","13.700,0","14.000,0","13.700,0","713,75K","2,19%"
"20.12.2018","13.700,0","14.100,0","14.160,0","13.500,0","388,99K","-2,70%"
"19.12.2018","14.080,0","13.720,0","14.200,0","13.720,0","549,30K","2,77%"
"18.12.2018","13.700,0","13.780,0","13.780,0","13.560,0","540,70K","-0,72%"
"17.12.2018","13.800,0","13.740,0","13.800,0","13.660,0","323,42K","0,15%"
"14.12.2018","13.780,0","13.780,0","13.780,0","13.740,0","245,32K","0,00%"
"13.12.2018","13.780,0","13.640,0","13.800,0","13.640,0","333,74K","0,29%"
"12.12.2018","13.740,0","13.660,0","13.800,0","13.660,0","553,32K","0,15%"
"11.12.2018","13.720,0","13.560,0","13.860,0","13.560,0","515,90K","-0,15%"
"10.12.2018","13.740,0","13.240,0","13.800,0","13.240,0","118,20K","0,00%"
"07.12.2018","13.740,0","13.780,0","13.780,0","13.600,0","374,31K","1,18%"
"06.12.2018","13.580,0","13.220,0","13.780,0","13.220,0","452,32K","0,74%"
"05.12.2018","13.480,0","13.100,0","13.480,0","13.100,0","132,97K","0,30%"
"04.12.2018","13.440,0","13.000,0","13.440,0","13.000,0","530,49K","3,38%"
"03.12.2018","13.000,0","13.200,0","13.300,0","12.680,0","293,72K","0,46%"
"30.11.2018","12.940,0","13.020,0","13.220,0","12.900,0","789,19K","-0,61%"
"29.11.2018","13.020,0","12.700,0","13.020,0","12.540,0","273,90K","0,62%"
"28.11.2018","12.940,0","12.860,0","13.060,0","12.600,0","329,37K","0,31%"
"27.11.2018","12.900,0","13.120,0","13.120,0","12.820,0","606,66K","-2,57%"
"26.11.2018","13.240,0","12.680,0","13.240,0","12.680,0","278,70K","2,64%"
"23.11.2018","12.900,0","12.880,0","13.000,0","12.660,0","68,71K","0,31%"
"22.11.2018","12.860,0","12.900,0","12.900,0","12.600,0","61,26K","-0,31%"
"21.11.2018","12.900,0","12.900,0","13.100,0","12.600,0","314,05K","0,00%"
"20.11.2018","12.900,0","13.120,0","13.120,0","12.880,0","288,31K","-1,68%"
"19.11.2018","13.120,0","13.040,0","13.420,0","13.040,0","165,96K","-2,24%"
"16.11.2018","13.420,0","13.020,0","13.420,0","13.020,0","284,35K","1,51%"
"15.11.2018","13.220,0","13.060,0","13.280,0","13.060,0","194,79K","0,00%"
"14.11.2018","13.220,0","12.780,0","13.280,0","12.780,0","163,04K","3,77%"
"13.11.2018","12.740,0","13.180,0","13.200,0","12.740,0","33,02K","-3,48%"
"09.11.2018","13.200,0","13.280,0","13.500,0","13.200,0","104,46K","-2,80%"
"08.11.2018","13.580,0","13.080,0","13.680,0","13.080,0","434,35K","0,74%"
"07.11.2018","13.480,0","12.600,0","13.480,0","12.600,0","353,97K","3,69%"
"06.11.2018","13.000,0","12.560,0","13.000,0","12.560,0","255,16K","3,50%"
"02.11.2018","12.560,0","12.500,0","12.580,0","12.000,0","91,42K","2,28%"
"01.11.2018","12.280,0","12.000,0","12.580,0","12.000,0","143,37K","2,68%"
"31.10.2018","11.960,0","11.920,0","12.220,0","11.720,0","902,56K","0,34%"
"30.10.2018","11.920,0","11.740,0","11.920,0","11.600,0","331,90K","1,53%"
"29.10.2018","11.740,0","12.000,0","12.020,0","11.740,0","199,26K","-2,17%"
"26.10.2018","12.000,0","12.140,0","12.140,0","11.700,0","207,78K","-1,15%"
"25.10.2018","12.140,0","12.180,0","12.380,0","12.140,0","168,88K","-1,30%"
"24.10.2018","12.300,0","12.260,0","12.560,0","12.100,0","204,90K","-0,65%"
"23.10.2018","12.380,0","12.200,0","12.500,0","12.020,0","326,45K","1,48%"
"22.10.2018","12.200,0","12.320,0","12.700,0","12.200,0","80,63K","-4,69%"
"19.10.2018","12.800,0","12.960,0","12.960,0","12.400,0","72,74K","-1,23%"
"18.10.2018","12.960,0","13.180,0","13.180,0","12.920,0","104,63K","-1,67%"
"17.10.2018","13.180,0","12.940,0","13.240,0","12.940,0","81,40K","-1,20%"
"16.10.2018","13.340,0","12.920,0","13.340,0","12.920,0","112,71K","1,06%"
"12.10.2018","13.200,0","12.720,0","13.200,0","12.680,0","300,68K","3,77%"
"11.10.2018","12.720,0","12.800,0","12.800,0","12.300,0","214,57K","-0,93%"
"10.10.2018","12.840,0","13.000,0","13.000,0","12.740,0","303,30K","-1,23%"
"09.10.2018","13.000,0","13.180,0","13.180,0","12.940,0","120,19K","-1,37%"
"08.10.2018","13.180,0","13.360,0","13.700,0","13.180,0","81,92K","-1,64%"
"05.10.2018","13.400,0","13.380,0","13.900,0","13.380,0","352,83K","-2,62%"
"04.10.2018","13.760,0","13.660,0","13.760,0","13.420,0","219,21K","0,73%"
"03.10.2018","13.660,0","13.040,0","13.760,0","13.040,0","218,52K","1,94%"
"02.10.2018","13.400,0","13.280,0","13.400,0","13.140,0","97,64K","0,15%"
"01.10.2018","13.380,0","13.380,0","13.400,0","13.340,0","84,98K","0,00%"
"28.09.2018","13.380,0","13.140,0","13.380,0","13.140,0","452,61K","0,00%"
"27.09.2018","13.380,0","13.260,0","13.380,0","13.020,0","124,64K","1,21%"
"26.09.2018","13.220,0","12.920,0","13.300,0","12.920,0","400,75K","0,30%"
"25.09.2018","13.180,0","13.180,0","13.260,0","13.120,0","156,89K","-0,60%"
"24.09.2018","13.260,0","13.200,0","13.520,0","13.200,0","456,87K","-2,50%"
"21.09.2018","13.600,0","13.020,0","13.600,0","12.980,0","1,83M","4,45%"
"20.09.2018","13.020,0","13.500,0","13.500,0","13.020,0","118,89K","-2,69%"
"19.09.2018","13.380,0","13.500,0","13.500,0","13.220,0","198,44K","-0,89%"
"18.09.2018","13.500,0","12.900,0","13.500,0","12.900,0","246,78K","2,90%"
"17.09.2018","13.120,0","13.540,0","13.540,0","13.120,0","163,54K","-3,10%"
"14.09.2018","13.540,0","13.580,0","13.600,0","13.340,0","145,24K","-0,73%"
"13.09.2018","13.640,0","13.560,0","13.640,0","13.380,0","166,36K","1,94%"
"12.09.2018","13.380,0","13.220,0","13.520,0","13.220,0","968,27K","-0,74%"
"11.09.2018","13.480,0","13.340,0","13.480,0","13.260,0","134,39K","0,15%"
"10.09.2018","13.460,0","13.160,0","13.460,0","12.960,0","378,22K","2,28%"
"07.09.2018","13.160,0","12.720,0","13.160,0","12.720,0","116,95K","1,08%"
"06.09.2018","13.020,0","13.160,0","13.180,0","12.720,0","387,14K","0,77%"
"05.09.2018","12.920,0","13.400,0","13.400,0","12.920,0","389,97K","-3,73%"
"04.09.2018","13.420,0","13.460,0","13.540,0","13.420,0","50,49K","-0,15%"
"03.09.2018","13.440,0","13.400,0","13.500,0","13.400,0","9,07K","-0,59%"
"31.08.2018","13.520,0","13.560,0","13.640,0","13.400,0","409,26K","-0,29%"
"30.08.2018","13.560,0","13.600,0","13.780,0","13.560,0","68,40K","-0,29%"
"29.08.2018","13.600,0","13.680,0","13.760,0","13.600,0","388,74K","-1,16%"
"28.08.2018","13.760,0","13.880,0","13.880,0","13.700,0","257,77K","-0,86%"
"27.08.2018","13.880,0","13.580,0","13.880,0","13.580,0","115,84K","0,00%"
"24.08.2018","13.880,0","13.700,0","13.880,0","13.700,0","168,40K","0,58%"
"23.08.2018","13.800,0","13.680,0","13.860,0","13.680,0","212,67K","0,88%"
"22.08.2018","13.680,0","13.700,0","13.700,0","13.600,0","227,31K","0,15%"
"21.08.2018","13.660,0","13.500,0","13.720,0","13.500,0","236,57K","0,59%"
"17.08.2018","13.580,0","13.620,0","13.620,0","13.480,0","250,28K","-0,44%"
"16.08.2018","13.640,0","13.780,0","13.880,0","13.640,0","1,07M","-1,45%"
"15.08.2018","13.840,0","13.660,0","13.860,0","13.660,0","1,13M","0,73%"
"14.08.2018","13.740,0","13.660,0","13.800,0","13.660,0","83,55K","0,44%"
"13.08.2018","13.680,0","13.840,0","13.840,0","13.680,0","154,38K","-1,16%"
"10.08.2018","13.840,0","13.680,0","13.860,0","13.680,0","76,04K","-0,43%"
"09.08.2018","13.900,0","13.700,0","13.980,0","13.700,0","520,80K","-0,57%"
"08.08.2018","13.980,0","13.660,0","13.980,0","13.660,0","296,16K","1,90%"
"06.08.2018","13.720,0","13.660,0","13.880,0","13.660,0","152,83K","0,00%"
"03.08.2018","13.720,0","13.880,0","13.940,0","13.700,0","280,39K","-0,72%"
"02.08.2018","13.820,0","13.920,0","13.920,0","13.720,0","133,64K","-1,14%"
"01.08.2018","13.980,0","13.980,0","14.040,0","13.640,0","543,19K","-1,55%"
"31.07.2018","14.200,0","14.120,0","14.460,0","14.120,0","351,30K","-1,39%"
"30.07.2018","14.400,0","14.300,0","14.400,0","14.180,0","238,08K","0,70%"
"27.07.2018","14.300,0","14.120,0","14.300,0","14.120,0","126,62K","0,14%"
"26.07.2018","14.280,0","14.000,0","14.280,0","13.940,0","161,62K","3,48%"
"25.07.2018","13.800,0","14.340,0","14.340,0","13.800,0","223,53K","-3,09%"
"24.07.2018","14.240,0","14.360,0","14.420,0","14.220,0","81,80K","-0,56%"
"23.07.2018","14.320,0","14.280,0","14.320,0","14.220,0","131,82K","0,28%"
"19.07.2018","14.280,0","14.140,0","14.280,0","14.140,0","97,21K","0,28%"
"18.07.2018","14.240,0","14.040,0","14.240,0","14.040,0","171,74K","0,42%"
"17.07.2018","14.180,0","14.100,0","14.280,0","14.100,0","467,78K","0,14%"
"16.07.2018","14.160,0","14.100,0","14.160,0","13.960,0","273,63K","1,00%"
"13.07.2018","14.020,0","13.920,0","14.100,0","13.920,0","71,91K","0,57%"
"12.07.2018","13.940,0","14.080,0","14.080,0","13.920,0","187,31K","-0,85%"
"11.07.2018","14.060,0","14.220,0","14.220,0","14.040,0","237,55K","-1,13%"
"10.07.2018","14.220,0","14.080,0","14.280,0","14.080,0","281,22K","0,42%"
"09.07.2018","14.160,0","14.140,0","14.360,0","14.080,0","406,39K","0,14%"
"06.07.2018","14.140,0","14.220,0","14.500,0","14.140,0","329,73K","-2,48%"
"05.07.2018","14.500,0","14.240,0","14.600,0","14.240,0","268,67K","0,00%"
"04.07.2018","14.500,0","14.060,0","14.500,0","14.060,0","34,48K","3,42%"
"03.07.2018","14.020,0","14.680,0","14.680,0","14.020,0","229,56K","-3,31%"
"29.06.2018","14.500,0","14.320,0","14.660,0","14.320,0","907,43K","0,69%"
"28.06.2018","14.400,0","14.200,0","14.720,0","14.200,0","747,74K","1,27%"
"27.06.2018","14.220,0","14.100,0","14.440,0","14.100,0","486,54K","-0,28%"
"26.06.2018","14.260,0","13.720,0","14.300,0","13.720,0","392,48K","2,59%"
"25.06.2018","13.900,0","13.680,0","13.960,0","13.680,0","296,14K","1,76%"
"22.06.2018","13.660,0","13.680,0","13.880,0","13.660,0","327,62K","-0,29%"
"21.06.2018","13.700,0","13.640,0","13.800,0","13.620,0","1,41M","0,44%"
"20.06.2018","13.640,0","13.840,0","14.000,0","13.640,0","600,79K","-0,58%"
"19.06.2018","13.720,0","14.020,0","14.160,0","13.720,0","560,40K","-2,83%"
"18.06.2018","14.120,0","14.280,0","14.500,0","14.080,0","581,71K","0,86%"
"15.06.2018","14.000,0","14.320,0","14.560,0","14.000,0","985,10K","-2,91%"
"14.06.2018","14.420,0","14.440,0","14.600,0","14.420,0","299,13K","-1,23%"
"13.06.2018","14.600,0","14.400,0","14.740,0","14.400,0","324,76K","-1,08%"
"12.06.2018","14.760,0","14.480,0","14.820,0","14.480,0","404,70K","0,82%"
"08.06.2018","14.640,0","14.360,0","14.640,0","14.360,0","500,09K","0,55%"
"07.06.2018","14.560,0","14.160,0","14.580,0","14.160,0","307,04K","1,11%"
"06.06.2018","14.400,0","14.420,0","14.600,0","14.280,0","318,69K","0,14%"
"05.06.2018","14.380,0","14.400,0","14.480,0","14.220,0","531,23K","-0,14%"
"01.06.2018","14.400,0","14.180,0","14.400,0","13.940,0","1,26M","1,69%"
"31.05.2018","14.160,0","13.900,0","14.160,0","13.900,0","3,28M","1,14%"
"30.05.2018","14.000,0","13.840,0","14.060,0","13.840,0","413,02K","-0,43%"
"29.05.2018","14.060,0","14.000,0","14.140,0","13.860,0","177,17K","0,57%"
"28.05.2018","13.980,0","14.000,0","14.080,0","13.980,0","166,19K","-0,85%"
"25.05.2018","14.100,0","14.100,0","14.140,0","14.040,0","323,97K","-0,28%"
"24.05.2018","14.140,0","14.040,0","14.260,0","14.040,0","360,55K","-0,84%"
"23.05.2018","14.260,0","13.920,0","14.260,0","13.920,0","491,68K","1,57%"
"22.05.2018","14.040,0","13.860,0","14.100,0","13.860,0","304,79K","1,01%"
"21.05.2018","13.900,0","13.860,0","14.120,0","13.860,0","338,54K","0,29%"
"18.05.2018","13.860,0","13.800,0","14.080,0","13.660,0","260,28K","0,43%"
"17.05.2018","13.800,0","14.060,0","14.100,0","13.800,0","442,54K","-1,99%"
"16.05.2018","14.080,0","14.460,0","14.460,0","14.000,0","410,91K","-2,63%"
"15.05.2018","14.460,0","13.980,0","14.460,0","13.800,0","748,63K","3,58%"
"11.05.2018","13.960,0","14.080,0","14.200,0","13.940,0","113,95K","-0,85%"
"10.05.2018","14.080,0","13.960,0","14.200,0","13.800,0","313,99K","1,88%"
"09.05.2018","13.820,0","13.760,0","13.980,0","13.740,0","252,70K","0,44%"
"08.05.2018","13.760,0","13.900,0","14.000,0","13.740,0","376,59K","-1,01%"
"07.05.2018","13.900,0","13.820,0","14.180,0","13.820,0","266,43K","0,72%"
"04.05.2018","13.800,0","13.600,0","14.060,0","13.600,0","237,06K","-1,29%"
"03.05.2018","13.980,0","14.340,0","14.340,0","13.980,0","599,31K","-2,37%"
"02.05.2018","14.320,0","14.480,0","14.500,0","14.260,0","299,44K","-1,10%"
"30.04.2018","14.480,0","14.420,0","14.560,0","14.380,0","543,09K","0,56%"
"27.04.2018","14.400,0","14.300,0","14.680,0","14.300,0","379,08K","-1,64%"
"26.04.2018","14.640,0","14.800,0","14.800,0","14.500,0","521,73K","-1,74%"
"25.04.2018","14.900,0","14.440,0","14.900,0","14.360,0","674,80K","2,76%"
"24.04.2018","14.500,0","14.920,0","15.200,0","14.500,0","957,99K","-3,97%"
"23.04.2018","15.100,0","14.740,0","15.180,0","14.740,0","830,29K","1,48%"
"20.04.2018","14.880,0","14.640,0","14.880,0","14.600,0","338,63K","0,27%"
"19.04.2018","14.840,0","14.560,0","14.900,0","14.560,0","538,36K","0,95%"
"18.04.2018","14.700,0","14.380,0","14.700,0","14.200,0","400,11K","2,23%"
"17.04.2018","14.380,0","13.980,0","14.380,0","13.920,0","158,02K","2,86%"
"16.04.2018","13.980,0","13.800,0","14.000,0","13.680,0","105,62K","0,87%"
"13.04.2018","13.860,0","14.220,0","14.220,0","13.860,0","178,33K","-1,84%"
"12.04.2018","14.120,0","14.120,0","14.420,0","13.940,0","640,19K","0,00%"
"11.04.2018","14.120,0","14.440,0","14.740,0","14.120,0","1,57M","-2,08%"
"10.04.2018","14.420,0","14.200,0","14.480,0","14.200,0","178,72K","0,70%"
"09.04.2018","14.320,0","14.000,0","14.600,0","14.000,0","391,22K","2,43%"
"06.04.2018","13.980,0","13.880,0","13.980,0","13.620,0","219,57K","0,72%"
"05.04.2018","13.880,0","13.620,0","13.880,0","13.620,0","219,76K","2,36%"
"04.04.2018","13.560,0","13.540,0","13.680,0","13.420,0","185,88K","-0,73%"
"03.04.2018","13.660,0","13.240,0","13.660,0","13.240,0","461,37K","1,79%"
"02.04.2018","13.420,0","13.380,0","13.440,0","13.200,0","97,44K","0,75%"
"28.03.2018","13.320,0","13.080,0","13.320,0","12.900,0","195,25K","1,83%"
"27.03.2018","13.080,0","13.020,0","13.200,0","12.900,0","283,98K","0,00%"
"26.03.2018","13.080,0","13.080,0","13.120,0","12.960,0","324,96K","-0,61%"
"23.03.2018","13.160,0","13.000,0","13.260,0","13.000,0","249,79K","-0,75%"
"22.03.2018","13.260,0","12.620,0","13.260,0","12.620,0","525,80K","2,00%"
"21.03.2018","13.000,0","12.940,0","13.280,0","12.940,0","360,99K","0,46%"
"20.03.2018","12.940,0","12.980,0","13.220,0","12.760,0","246,81K","0,78%"
"16.03.2018","12.840,0","12.800,0","13.100,0","12.800,0","1,12M","0,16%"
"15.03.2018","12.820,0","12.820,0","13.000,0","12.820,0","500,89K","-1,23%"
"14.03.2018","12.980,0","12.940,0","12.980,0","12.800,0","125,54K","-0,31%"
"13.03.2018","13.020,0","13.140,0","13.140,0","12.900,0","297,56K","-1,36%"
"12.03.2018","13.200,0","13.220,0","13.380,0","13.120,0","124,85K","0,00%"
"09.03.2018","13.200,0","13.340,0","13.480,0","13.200,0","150,07K","-0,90%"
"08.03.2018","13.320,0","13.400,0","13.480,0","13.320,0","135,93K","-0,60%"
"07.03.2018","13.400,0","13.400,0","13.700,0","13.400,0","365,06K","-1,03%"
"06.03.2018","13.540,0","13.420,0","13.640,0","13.420,0","149,27K","1,04%"
"05.03.2018","13.400,0","13.240,0","13.500,0","13.240,0","325,82K","1,52%"
"02.03.2018","13.200,0","13.560,0","13.700,0","13.200,0","245,55K","-4,35%"
"01.03.2018","13.800,0","13.700,0","13.800,0","13.540,0","351,75K","0,73%"
"28.02.2018","13.700,0","13.760,0","13.840,0","13.620,0","795,41K","-1,86%"
"27.02.2018","13.960,0","13.780,0","13.960,0","13.660,0","404,24K","1,16%"
"26.02.2018","13.800,0","13.780,0","13.900,0","13.780,0","111,40K","0,00%"
"23.02.2018","13.800,0","13.740,0","13.900,0","13.740,0","133,94K","0,44%"
"22.02.2018","13.740,0","13.600,0","13.840,0","13.600,0","111,91K","1,03%"
"21.02.2018","13.600,0","13.200,0","13.600,0","13.200,0","485,97K","2,26%"
"20.02.2018","13.300,0","13.540,0","13.640,0","13.300,0","331,13K","-1,77%"
"19.02.2018","13.540,0","13.720,0","13.720,0","13.540,0","85,83K","-1,31%"
"16.02.2018","13.720,0","13.700,0","13.840,0","13.680,0","565,92K","-0,29%"
"15.02.2018","13.760,0","13.780,0","13.860,0","13.680,0","258,88K","-0,15%"
"14.02.2018","13.780,0","13.520,0","13.840,0","13.520,0","255,66K","0,44%"
"13.02.2018","13.720,0","13.800,0","13.800,0","13.680,0","192,68K","-1,29%"
"12.02.2018","13.900,0","14.000,0","14.200,0","13.900,0","303,52K","-0,71%"
"09.02.2018","14.000,0","14.080,0","14.160,0","13.900,0","514,23K","-1,27%"
"08.02.2018","14.180,0","14.120,0","14.380,0","14.120,0","140,04K","-1,25%"
"07.02.2018","14.360,0","14.260,0","14.440,0","14.200,0","590,42K","0,98%"
"06.02.2018","14.220,0","14.220,0","14.460,0","14.120,0","395,43K","-0,56%"
"05.02.2018","14.300,0","14.600,0","14.820,0","14.300,0","741,81K","-2,72%"
"02.02.2018","14.700,0","14.480,0","14.700,0","14.480,0","500,52K","1,52%"
"01.02.2018","14.480,0","14.300,0","14.480,0","14.300,0","556,57K","1,26%"
"31.01.2018","14.300,0","14.280,0","14.400,0","14.280,0","826,61K","-0,69%"
"30.01.2018","14.400,0","14.400,0","14.440,0","14.320,0","328,26K","-0,69%"
"29.01.2018","14.500,0","14.400,0","14.500,0","14.320,0","189,10K","0,69%"
"26.01.2018","14.400,0","14.480,0","14.480,0","14.340,0","272,29K","-0,55%"
"25.01.2018","14.480,0","14.500,0","14.500,0","14.280,0","416,07K","0,42%"
"24.01.2018","14.420,0","14.520,0","14.580,0","14.420,0","276,80K","-0,69%"
"23.01.2018","14.520,0","14.520,0","14.620,0","14.320,0","229,88K","-0,14%"
"22.01.2018","14.540,0","14.540,0","14.640,0","14.520,0","307,92K","-0,27%"
"19.01.2018","14.580,0","14.560,0","14.620,0","14.540,0","193,59K","-0,27%"
"18.01.2018","14.620,0","14.520,0","14.660,0","14.520,0","215,93K","0,27%"
"17.01.2018","14.580,0","14.400,0","14.700,0","14.400,0","620,88K","1,25%"
"16.01.2018","14.400,0","14.220,0","14.400,0","14.220,0","273,49K","0,98%"
"15.01.2018","14.260,0","14.300,0","14.400,0","14.260,0","81,62K","-0,97%"
"12.01.2018","14.400,0","14.220,0","14.420,0","14.220,0","246,83K","0,56%"
"11.01.2018","14.320,0","14.300,0","14.320,0","14.160,0","154,97K","0,28%"
"10.01.2018","14.280,0","14.280,0","14.320,0","14.140,0","440,63K","0,00%"
"09.01.2018","14.280,0","14.280,0","14.300,0","14.180,0","310,50K","0,56%"
"05.01.2018","14.200,0","14.140,0","14.240,0","14.100,0","310,83K","0,42%"
"04.01.2018","14.140,0","14.120,0","14.320,0","14.120,0","300,62K","-0,70%"
"03.01.2018","14.240,0","14.020,0","14.240,0","13.960,0","45,86K","0,71%"
"02.01.2018","14.140,0","14.040,0","14.200,0","14.020,0","57,16K","-0,42%"