empresa,año,trimestre,archivo,escala_detectada,efectivo,activo_corriente,activo_total,pasivo_corriente,pasivo_no_corriente,pasivo_total,patrimonio_total,ganancias_retenidas,inventarios,deuda_cp,deuda_lp,ingresos,utilidad_neta,utilidad_operativa,gastos_financieros,impuesto_renta,depreciacion_amortizacion,ingresos_trim,utilidad_neta_trim,gastos_financieros_trim,utilidad_operativa_trim,impuesto_renta_trim,depreciacion_amortizacion_trim,revisar_manualmente,ingresos_ltm,utilidad_neta_ltm,gastos_financieros_ltm,utilidad_operativa_ltm,impuesto_renta_ltm,depreciacion_amortizacion_ltm,ebitda_final_ltm,deuda_bruta_ebitda,deuda_neta_ebitda,pasivo_activo,deuda_patrimonio,perfil_vencimientos_cp,cobertura_intereses,ffo_intereses,ffo_deuda,razon_corriente,prueba_acida,caja_activos,caja_deuda_cp,margen_ebitda,margen_neto,zscore_x1,zscore_x2,zscore_x3,zscore_x4,zscore,zscore_zona
CELSIA,2020,1,Q1 2020.xbrl,0.001,502916.479,2031292.006,12258942.974,2281054.158,4315362.613,6596416.771,5662526.203,323020.11,221393.09,836886.912,3653404.723,1184559.91,65028.208,226528.173,-95978.231,-66916.909,12126.532,1184559.91,65028.208,-95978.231,226528.173,-66916.909,12126.532,,,,,,,,,,,0.5380901750656925,0.7929838157077399,0.186376961682579,,,,0.8905058211248311,0.7934484631381559,0.04102445700796846,0.6009372016562257,,,-0.020373873386124765,0.026349752232724597,,0.8584245658786013,,
CELSIA,2020,2,Q2 2020.xbrl,0.001,576094.321,2052267.789,12147314.989,2067633.516,4422371.541,6490005.057,5657309.932,323020.11,229634.211,819121.849,3761977.776,1819462.234,138120.576,458782.014,-213920.462,-117404.855,25882.089,634902.324,73092.368,-117942.231,232253.84100000001,-50487.945999999996,13755.557,,,,,,,,,,,0.5342748634473563,0.8097664225690507,0.1788046355791706,,,,0.9925684475120493,0.8815070774853894,0.04742565097897619,0.7033072328656685,,,-0.0012649484280200512,0.0265918937882578,,0.871695766384362,,
CELSIA,2020,3,Q3 2020.xbrl,0.001,372786.178,1545443.512,12139151.882,1818980.278,4521253.7930000005,6340234.071,5798917.811,323020.11,265853.19,713308.386,3854232.743,2638470.706,193792.1,625657.047,-251881.639,-144659.29200000002,40978.649,819008.4719999998,55671.524000000005,-37961.176999999996,166875.033,-27254.43700000002,15096.559999999998,,,,,,,,,,,0.5222962965313362,0.7876540550955569,0.1561690121345813,,,,0.8496208181538075,0.7034657480766816,0.030709408830510588,0.5226157231803524,,,-0.022533433032138072,0.026609775801468963,,0.9146220385654275,,
CELSIA,2020,4,CIERRE 2020.xbrl,0.001,399547.205,1426594.051,11810659.507,2055711.187,4014292.754,6070003.941000001,5740655.566000001,323020.11,167135.929,483336.146,3382519.223,3643877.37,249319.973,877364.881,-354770.516,-204354.994,55553.718,1005406.6640000003,55527.87299999999,-102888.87700000001,251707.83400000003,-59695.70199999999,14575.069000000003,,3643877.37,249319.973,-354770.516,877364.881,-204354.994,55553.718,863999.2009999999,4.474373777806307,4.011934455481054,0.5139428443773526,0.6734170556924161,0.12502696036583152,2.4353748748388093,0.8593546454689033,0.07886319116973665,0.6939661855330459,0.6126629703455517,0.03382937292902182,0.8266445791538215,0.23710984571360585,0.06842161458358846,-0.05326689298147421,0.027349879133214437,0.07428585003911078,0.9457416538438455,4.4819594368146705,segura
CELSIA,2021,1,Q1 2021.xbrl,0.001,283111.862,1516662.477,12273231.223,2319218.414,4347552.752,6666771.166,5606460.057,289816.424,178356.972,498103.938,3720381.124,995146.453,83504.07,221974.073,-71337.951,-53947.938,12641.397,995146.453,83504.07,-71337.951,221974.073,-53947.938,12641.397,,3454463.9129999997,267795.835,-330130.23600000003,872810.7810000001,-191386.02300000002,56068.583,845380.6770000001,4.990041973717835,4.655149221017739,0.5431960862520451,0.7524329111616463,0.11807649681799443,2.5607490160337814,0.9810201632061355,0.07677268337805959,0.6539541372406507,0.5770502238690831,0.023067426731882085,0.5683790879806295,0.2447212355638234,0.07752167680554377,-0.06539076160286238,0.023613701944837875,0.07111499532122846,0.8409558266515128,4.258913658768138,segura
CELSIA,2021,2,Q2 2021.xbrl,0.001,236749.189,1424080.216,12427459.836,2584146.937,4022927.696,6607074.633,5820385.203,289816.424,147738.12900000002,952113.067,3380203.642,1920372.975,140797.437,429962.623,-148615.179,-102753.725,25319.817,925226.5220000001,57293.367,-77277.228,207988.55000000002,-48805.787000000004,12678.419999999998,,3744788.111,251996.834,-289465.233,848545.49,-189703.864,54991.445999999996,786157.3770000001,5.510749928382341,5.209602606069547,0.5316512561851583,0.7443350496401845,0.21976995934347793,2.715895684094124,1.0605359297156078,0.0708600734018959,0.551083297783852,0.4939123502325828,0.01905048916868614,0.24865659048874286,0.2099337408946394,0.0672926815965316,-0.09334705050822262,0.023320648614003698,0.06827988190651192,0.8809322622040978,4.097488344873774,segura
CELSIA,2021,3,Q3 2021.xbrl,0.001,281513.51,1488082.883,12974110.724,2615568.053,4377369.33,6992937.383,5981173.341,249257.66,153826.972,875461.59,3664213.582,2939071.027,217309.544,648246.147,-230365.591,-150528.621,38217.829,1018698.0519999997,76512.10699999999,-81750.41199999998,218283.52399999998,-47774.89600000001,12898.011999999999,,3944477.691,272837.417,-333254.468,899953.981,-210224.323,52792.898,869109.106,5.223366250174808,4.899455813548915,0.5389916528201197,0.7589940824622559,0.19284674714166972,2.6079443472007706,0.9771221281870407,0.07172987111686678,0.5689329632594347,0.5101208930387559,0.021698096770458856,0.32156009265923363,0.22033566268685484,0.06916946637130822,-0.08690269367859912,0.019211926374184073,0.06936536924532571,0.8553163017790459,4.106766607644817,segura
CELSIA,2021,4,CIERRE 2021.xbrl,0.001,252799.348,1334947.764,12681489.23,1672281.243,4687286.762,6359568.005,6321921.225000001,267257.569,133104.315,492082.966,3982114.327,4110735.326,334546.58400000003,916603.411,-321072.297,-190222.793,52933.976,1171664.299,117237.04000000004,-90706.70600000003,268357.26399999997,-39694.17199999999,14716.147000000004,,4110735.326,334546.58400000003,-321072.297,916603.411,-190222.793,52933.976,898775.6500000001,4.978102480858264,4.696831678739849,0.5014843201503077,0.7077274666610543,0.10998240215510319,2.799293674346498,1.2068327402285974,0.08660336919121196,0.7982794578292115,0.7186850023169219,0.01993451584550216,0.5137331821398589,0.21864108942147936,0.08138363515744386,-0.02660046252312277,0.02107462019269483,0.07227884630707523,0.9940802928798936,4.673702382383934,segura
CELSIA,2022,1,Q1 2022.xbrl,0.001,288213.422,1398486.368,12883513.375,2120581.045,4882848.314,7003429.359,5880084.016,259953.39,139821.329,671874.828,4147482.528,1309468.303,102688.672,337532.977,-97610.691,-93903.203,13527.418,1309468.303,102688.672,-97610.691,337532.977,-93903.203,13527.418,,4425057.176,353731.18600000005,-347345.037,1032162.315,-230178.05800000002,53819.996999999996,985074.2779999999,4.892379654643667,4.599799258995573,0.5435962345946647,0.8196068870591456,0.13941170541411083,2.8360108050140354,1.1733323916760034,0.08456546234169732,0.6594826315633695,0.5935472459153289,0.022370716248819825,0.42896892395557945,0.22261277963654497,0.07993821818134177,-0.05604796269325097,0.020177212724009765,0.08011497213197094,0.8396006748384766,4.368056399519791,segura
CELSIA,2022,2,Q2 2022.xbrl,0.001,160085.304,1342155.154,13485086.457,2216117.679,5051074.546,7267192.225000001,6217894.232,259953.39,168652.232,834403.562,4320941.831,2586738.411,208441.284,701577.604,-212896.468,-182788.8587901001,26984.643,1277270.1079999998,105752.61200000001,-115285.77699999999,364044.62700000004,-88885.65579010009,13457.225,,4777100.762,402190.431,-385353.586,1188218.392,-270257.92679010006,54598.80200000001,1112400.7457901002,4.63443180212751,4.490522060421703,0.5389058682102598,0.8291143594029536,0.16185211627778903,2.886701424883328,1.185376883971699,0.0886049717677956,0.6056335215039815,0.5295309599847292,0.011871284956938559,0.19185596909041,0.23286105971195342,0.08419132252751925,-0.06480956038263537,0.019277102214280598,0.08811351679419195,0.855611636446014,4.3782076882337515,segura
CELSIA,2022,3,Q3 2022.xbrl,0.001,208156.783,1587719.561,14460016.216,2650670.768,5316019.256,7966690.024,6493326.192,259953.39,186736.687,1129105.12,4564857.798,3916936.393,295464.148,1015343.042,-370967.969,-234516.8,41008.265,1330197.9820000003,87022.86399999997,-158071.501,313765.43799999997,-51727.9412098999,14023.622,,5088600.692,412701.188,-461674.675,1283700.3059999999,-274210.97199999995,55724.412000000004,1204311.247,4.727982846779808,4.555139835042993,0.5509461334617911,0.8768946376073264,0.1982986430119916,2.608571169731153,1.0146226885847702,0.08226706192960843,0.5989878411787729,0.5285389988501205,0.014395335377955844,0.18435553901305485,0.23666845168129377,0.08110307980125551,-0.07350968291611217,0.01797739270253112,0.08877585521512667,0.8150594754457086,4.2787689765442005,segura
CELSIA,2022,4,CIERRE 2022.xbrl,0.001,211739.341,4569522.976,14933969.804,3262121.805,4974444.018,8236565.823,6697403.981,257481.426,142036.121,495008.025,4284639.17,5584546.271,276445.375,1318350.88,-628144.09,-314846.189,54019.007,1667609.8779999996,-19018.772999999986,-257176.12099999998,303007.8379999999,-80329.38900000002,13010.741999999998,utilidad_neta_trim,5584546.271,276445.375,-628144.09,1318350.88,-314846.189,54019.007,1273454.6609999998,3.753292002753132,3.587020405118295,0.5515322403286145,0.7136566957226229,0.10356580827091778,2.0273288904142994,0.526096459810678,0.06913991106826868,1.4007824505498498,1.3572414274089313,0.014178369434179954,0.4277493097207868,0.22803189358693737,0.04950185056851506,0.08754545430042439,0.017241324937662235,0.08827866249246635,0.8131306329511743,5.3275246760556705,segura
CELSIA,2023,1,Q1 2023.xbrl,0.001,270293.794,4209820.307,14853617.075,3321428.9450000003,5191845.749,8513274.694,6340342.381,280810.478,134757.445,362925.587,4500184.220000001,1506530.375,75367.357,416038.799,-232623.428,-64248.914,12823.353,1506530.375,75367.357,-232623.428,416038.799,-64248.914,12823.353,,5781608.342999999,249124.06,-763156.827,1396856.702,-285191.9,53314.941999999995,1350787.7289999998,3.600202831721165,3.400101965984029,0.5731448879430602,0.7670105989186329,0.07462829370572753,1.7700001902754383,0.3962999363956417,0.0621904530234268,1.2674726380455505,1.2269005086303297,0.01819716993074564,0.7447636752048568,0.23363528777168846,0.04308905848000296,0.05980976603303204,0.018905191683756935,0.09404151830135961,0.7447595207363105,5.117939489824001,segura
CELSIA,2023,2,Q2 2023.xbrl,0.001,224496.433,3916570.695,14565895.405,3432854.2120000003,4892074.553,8324928.765000001,6240966.64,280810.478,155810.983,749987.402,4204986.919,3290208.51,120733.029,791190.176,-456227.249,-139611.7526341403,25416.897,1783678.1349999998,45365.67199999999,-223603.821,375151.377,-75362.83863414032,12593.544000000002,,6288016.369999999,188737.12,-871474.871,1407963.4519999998,-271669.08284404024,52451.261,1384332.3348440402,3.57932426793905,3.417154803750891,0.5715356683216551,0.7939434076193043,0.1513605022777675,1.58849369145383,0.27675884758815944,0.04867601028279879,1.1409079597115146,1.0955197860875543,0.015412470483821931,0.29933360533968006,0.22015406026114406,0.030015367151469425,0.03320883952207671,0.019278627931353046,0.09666164783228443,0.7496720772240745,4.9674202688392635,segura
CELSIA,2023,3,Q3 2023.xbrl,0.001,116410.056,4420765.648,15260112.92,4191182.042,4811177.967,9002360.009,6257752.911,280810.478,140434.147,907321.036,4103223.979,4873922.451,178970.775,1113760.401,-678049.779,-172843.92367070622,38475.107,1583713.9410000006,58237.746,-221822.52999999997,322570.2250000001,-33232.17103656591,13058.210000000003,,6541532.329,159952.002,-935225.9,1416768.239,-253173.31267070625,51485.849,1399837.0636707065,3.5793773039993355,3.496217585614151,0.58992748324958,0.8006939689472823,0.18108230407745374,1.496790308812776,0.22608211663085911,0.04219857328235184,1.054777770017941,1.0212707198367024,0.007628387588628669,0.12830084543526443,0.21399222586807864,0.024451763586170606,0.015044685920974177,0.01840159895749972,0.09284126837247546,0.6951236014493853,4.762455457227929,segura
CELSIA,2023,4,CIERRE 2023.xbrl,0.001,556498.126,2629720.548,13754805.538,3644258.404,4593815.394,8238073.798,5516731.74,280809.238,128678.584,997575.591,3991482.161,6709403.288,193480.622,1367897.076,-873310.61,-210302.404,50356.113,1835480.8369999994,14509.847000000009,-195260.831,254136.6749999998,-37458.48032929379,11881.005999999994,,6709403.288,193480.622,-873310.61,1367897.076,-210302.404,50356.113,1327449.749,3.7583778638388217,3.3391543667390455,0.5989233199437763,0.9043502543047345,0.19995270461643674,1.5200201781586051,0.2792096330994995,0.048874305955318206,0.7216064989007294,0.6862965483607897,0.04045845100918213,0.5578505839764478,0.19784915170834788,0.028837232417679645,-0.07375879311395322,0.02041535499896502,0.09944866702920303,0.6696628211001613,4.204137379060507,segura
CELSIA,2024,1,Q1 2024.xbrl,0.001,585052.154,2720672.807,13875044.93,4498626.246,4264915.379,8763541.625,5111503.305,246293.913,154453.03100000002,1702271.563,3644641.83,1459706.966,21479.256,198752.329,-176950.404,-3059.782,12126.181,1459706.966,21479.256,-176950.404,198752.329,-3059.782,12126.181,utilidad_neta_trim,6662579.879,139592.521,-817637.586,1150610.606,-149113.27200000003,49658.94099999999,1156002.32,4.625348323695405,4.119248860157997,0.6316045583428608,1.0460549615158667,0.31836527691444505,1.4138321669571585,0.2314613041773743,0.035394525418676444,0.6047785831105916,0.5704452060852534,0.04216578446784172,0.34368908387856323,0.17350671076284443,0.020951721935820414,-0.12814037345246998,0.01775085516786143,0.0829266219896846,0.5832691306467093,3.63696642494875,segura
CELSIA,2024,2,Q2 2024.xbrl,0.001,334391.775,2922005.5,13926614.466,4396792.811,4282049.692,8678842.503,5247771.963,246527.801,203773.459,1688157.051,3639233.047,3646920.298,119212.048,531617.018,-362231.825,-22762.58148,22867.301,2187213.332,97732.79199999999,-185281.421,332864.689,-19702.79948,10741.119999999999,,7066115.075999999,191959.641,-779315.186,1108323.918,-93453.23284585969,47806.517,1112534.5768458596,4.788516428049951,4.487948893377876,0.6231839420979345,1.0151717977765335,0.3168825672506628,1.4275797480043713,0.3076626277881873,0.045006307702154684,0.664576573335377,0.6182306417076245,0.024010988156265373,0.19808096338069914,0.15744642775838366,0.02716622060854759,-0.10589704443965899,0.017701918984105235,0.07958315502348595,0.6046626564759082,3.7827182354215494,segura
CELSIA,2024,3,Q3 2024.xbrl,0.001,214523.339,2924790.375,14225852.668,4591623.374,4298060.2360000005,8889683.61,5336169.058,247483.787,206119.156,1765299.028,3655375.933,5278422.05,193520.391,789651.231,-518893.005,-71067.802,33800.634,1631501.7519999999,74308.34300000001,-156661.18,258034.213,-48305.220519999995,10933.332999999999,,7113902.886999999,208030.238,-714153.836,1043787.9059999998,-108526.28232929378,45681.63999999999,1076391.9963292938,5.035967360855113,4.8366688341737865,0.624896364208571,1.0158364366048913,0.3256603726843529,1.507227073592718,0.35526222112178085,0.046804480959543746,0.636983945931102,0.592093688344396,0.015079822911603348,0.12152237983331628,0.15130822186177167,0.02924277169711665,-0.11716928594019654,0.01739676297623245,0.07337260762920196,0.6002653516259394,3.661425474010302,segura
CELSIA,2024,4,CIERRE 2024.xbrl,0.001,215728.381,3562272.889,15112166.652,5190669.894,4528343.413,9719013.307,5393153.345,248669.995,203785.187,1675906.19,3901979.706,7531349.086,221968.149,1035199.171,-688292.103,-99007.023,44813.58,2252927.0360000003,28447.758,-169399.098,245547.93999999994,-27939.221000000005,11012.946000000004,,7531349.086,221968.14900000003,-688292.103,1035199.171,-99007.023,44813.58,1054080.855,5.291705915671905,5.087045732369363,0.6431250747035502,1.0342531612180592,0.3004554451717669,1.5314440633644752,0.38759957848884397,0.047828466550618016,0.6862838442332275,0.6470239430718072,0.014275145713235612,0.12872342275912232,0.13995910200994766,0.029472561484716716,-0.10775403967534279,0.016454953199387203,0.0685010425598369,0.5549074967430745,3.639756524742086,segura
CELSIA,2025,1,Q1 2025.xbrl,0.001,210237.138,3387212.064,14934262.925,5523727.398,4363642.919,9887370.317,5046892.608,-156414.216,189196.143,2270336.147,3727961.364,1656529.836,57956.361,354751.21,-181833.494,-81412.232,10384.673,1656529.836,57956.361,-181833.494,354751.21,-81412.232,10384.673,,7728171.956,258445.254,-693175.193,1191198.052,-177359.473,43072.072,1172051.992,5.117774255700424,4.938398989556087,0.6620594780374807,1.1885130072892567,0.37849675559382234,1.6908452637023323,0.434979971939071,0.05026715087857204,0.6132113009824529,0.5789597658562802,0.014077503460051075,0.09260176660526914,0.15165966785845675,0.03344196473259736,-0.14306131777173062,-0.01047351427958069,0.0797627615090351,0.510438311319497,3.3493400830922018,segura
CELSIA,2025,2,Q2 2025.xbrl,0.001,249815.244,3293932.443,14928513.18,5615529.408,4180886.648,9796416.056,5132097.124,-150920.245,180388.931,2554728.886,3506568.118,3158004.12,123614.847,675995.535,-356404.418,-108768.55402047488,22438.379,1501474.2840000002,65658.486,-174570.924,321244.325,-27356.32202047488,12053.706,,7042432.908,226370.948,-682464.696,1179577.688,-185012.9955404749,44384.658,1138233.297540475,5.325179835361883,5.10570352541751,0.6562218177979329,1.1810565656785104,0.42148221483191983,1.6678273677917472,0.3967320325680261,0.044669582404776025,0.5865755841839944,0.5544523562755065,0.016734100776672256,0.09778542269944804,0.16162501118718148,0.032143855817617965,-0.15551427908509238,-0.010109529541239953,0.07901508166133395,0.523874965565264,3.2779193255050436,segura
CELSIA,2025,3,Q3 2025.xbrl,0.001,764254.9770000001,3518056.913,14800525.004,5784764.24,3871132.198,9655896.438,5144628.566,-150662.519,161686.219,2812599.892,3203680.395,4593526.846,182577.555,938274.628,-525508.045,-128499.608,36825.436,1435522.7259999998,58962.708,-169103.62700000004,262279.093,-19731.05397952511,14387.057,,6846453.882,211025.31299999997,-694907.1430000002,1183822.568,-156438.829,47838.382000000005,1110209.6670000001,5.419048730909672,4.730660762657545,0.6524022921747972,1.169429475776075,0.4674981479964415,1.5976374371503617,0.37251551895473883,0.04302719997260659,0.6081590825558001,0.5802087267086273,0.051637018064795134,0.27172545201818565,0.16215835031312348,0.030822571310208668,-0.1531504677291784,-0.01017953883117537,0.07998517401781756,0.5327965765823389,3.309084409918148,segura
CELSIA,2025,4,CIERRE 2025.xbrl,0.001,284327.265,2288230.5470000003,14201545.075,3026190.668,6010407.958000001,9036598.626,5164946.449,-150057.75,146148.265,1084895.364,3926018.001,6058264.592,206406.167,1172503.028,-679429.486,-155430.784,11012.946,1464737.7460000003,23828.611999999994,-153921.441,234228.3999999999,-26931.17600000002,-25812.49,,6058264.592,206406.16700000002,-679429.486,1172503.028,-155430.784,11012.946,1052279.3830000001,4.761960982941733,4.491759675576576,0.636310949145088,0.9701772156747487,0.2165065098865464,1.548769084478621,0.32000246895378354,0.043389118342899165,0.7561422256689082,0.707847758785039,0.02002086839836334,0.26207805327113554,0.17369320323010418,0.03407018030750282,-0.051963368570303245,-0.010566297484360165,0.08256165239823386,0.5715586873737508,4.029625098238366,segura
CELSIA,2026,1,Q1 2026.xbrl,0.001,416352.834,2439645.802,14209432.42,2735010.443,6634043.653,9369054.096,4840378.324,-131202.871,138292.683,771038.3910000001,4525871.624,1449722.319,26649.804,249028.643,-155487.024,-33336.08806200004,12992.816,1449722.319,26649.804,-155487.024,249028.643,-33336.08806200004,12992.816,,5851457.075,175099.61,-653083.0160000001,1066780.461,-107354.64006200005,13621.089,949158.3550620001,5.580638875221195,5.141984111472312,0.659354562453382,1.0943173571240048,0.1455638077325352,1.4533502354346939,0.2889689279563197,0.035628451014945176,0.8920060280735097,0.8414421688553677,0.029301158673584793,0.539989757786263,0.1622088896656565,0.029924103989090612,-0.02078651928308336,-0.009233505401336784,0.07507551529633862,0.5166346863197789,4.130513089321779,segura
CELSIA,2026,2,Q2 2026.xbrl,0.001,300842.395,3139489.929,14925227.252,3709431.847,6386283.765000001,10095715.612,4829511.64,-127748.811,133449.529,1022078.413,4187624.78,2977296.8710000003,70351.975,515886.255,-328960.036,-80061.102,26269.719,1527574.5520000004,43702.171,-173473.01200000002,266857.61199999996,-46725.01393799996,13276.903,,5877557.343,153143.29499999998,-651985.104,1012393.7479999999,-126723.33197952513,14844.286,946696.0169795252,5.503036982897409,5.185255573021141,0.6764195574072187,1.0787225668639242,0.19618745543379748,1.4520209298823568,0.2576555506703724,0.03224513466059179,0.8463533119065282,0.810377579097762,0.020156637478312884,0.29434375207765984,0.1610696351788065,0.02605560202358369,-0.03818648174510221,-0.00855925399614143,0.06783104410449348,0.4783723933605589,3.9297091411354916,segura
ENEL,2019,1,Q1 2019.xbrl,0.001,408217.997,710398.68,8857695.347000001,1664366.734,3383382.1750000003,5047748.909,3809946.438,2189891.063,54285.776,537974.89,3051500.6010000003,955829.362,291180.858,495737.331,-67526.471,-140821.819,2992.728,955829.362,291180.858,-67526.471,495737.331,-140821.819,2992.728,,,,,,,,,,,0.5698715875015519,0.9421327961986431,0.149875627051607,,,,0.42682821369103385,0.39421173867321485,0.046086253930404,0.7588049267503916,,,-0.10769935255484914,0.2472303434709674,,0.7547812909645661,,
ENEL,2019,2,Q2 2019.xbrl,0.001,317538.17100000003,656365.25,8812664.283,1553795.644,3121163.24,4674958.884000001,4137705.399,2188327.531,71753.622,1088509.281,2794715.706,1932017.041,620503.31,1049182.376,-143110.948,-295338.961,,976187.679,329322.45200000005,-75584.477,553445.0449999999,-154517.14200000002,,,,,,,,,,,,0.5304818989891845,0.9384972134406903,0.28031063990472826,,,,0.42242701125760135,0.37624743656444437,0.03603202854470974,0.291718386368081,,,-0.10183417468099643,0.2483162254599186,,0.8850784577295974,,
ENEL,2019,3,Q3 2019.xbrl,0.001,,,,,,,,,,,,,,,,,,,,,,,,,,,,,,,,,,,,,,,,,,,,,,,,,,,
ENEL,2019,4,CIERRE 2019.xbrl,0.001,287544.909,829340.633,9120233.042,1284210.933,3092760.876,4376971.809,4743261.233,2182234.37,82219.623,648976.1410000001,2681981.368,4069676.348,1232152.218,2089240.221,-285804.86,-591387.449,,,,,,,,,,,,,,,,,,0.4799188561129314,0.7022504866115603,0.19483170807388409,,,,0.6457978293819743,0.5817743727307141,0.03152824140302269,0.4430747000296887,,,-0.04987485494123407,0.23927397029774278,,1.0836855798903775,,
ENEL,2020,1,Q1 2020.xbrl,0.001,640056.545,995509.941,9268463.139,2651847.065,2381986.874,5033833.939,4234629.2,2552127.795,67978.326,2017934.212,1946095.455,1067507.981,362298.44,588774.933,-56096.693,-168430.64800000002,5159.537,1067507.981,362298.44,-56096.693,588774.933,-168430.64800000002,5159.537,,,,,,,,,,,0.5431141995719383,0.9360984114028214,0.5090613293838399,,,,0.37540247103201635,0.3497681398154083,0.06905746242942468,0.31718404950656537,,,-0.178706771463592,0.27535609266881717,,0.8412333921450801,,
ENEL,2020,2,Q2 2020.xbrl,0.001,308699.368,591086.33,8832223.07,1844042.906,2393905.123,4237948.029,4594275.041,2554850.73,75917.779,1565529.815,1946159.399,2136607.32,719221.355,1151437.444,-119634.174,-321511.33,,1069099.339,356922.915,-63537.481,562662.5109999999,-153080.682,,,,,,,,,,,,0.4798280110694713,0.7643619902293959,0.445805343126244,,,,0.32053827385294037,0.2793690696261923,0.03495149132369004,0.1971852372546479,,,-0.14186197133718906,0.2892647422683358,,1.084080080633759,,
ENEL,2020,3,Q3 2020.xbrl,0.001,735230.6190000001,1109319.703,9356513.321,2188182.315,2331972.2800000003,4520154.595,4836358.726,2558134.694,82965.436,1771432.783,1856648.318,3223570.216,958021.067,1721123.269,-236662.719,-538931.502,,1086962.8960000002,238799.71200000006,-117028.54500000001,569685.8250000002,-217420.17199999996,,,,,,,,,,,,0.48310245920933476,0.7501679065896486,0.48825611492304954,,,,0.5069594500401581,0.469044219928265,0.07857955135379645,0.4150485562059286,,,-0.11530605205024107,0.27340683502886237,,1.0699542735440446,,
ENEL,2020,4,CIERRE 2020.xbrl,0.001,821190.708,1212618.098,9495090.57,1959938.585,2378927.641,4338866.226,5156224.3440000005,2583278.68,102199.837,1806053.806,1856720.301,4247728.2530000005,1283908.535,2242113.319,-281485.444,-697727.218,,1024158.0370000005,325887.4679999999,-44822.725000000006,520990.05000000005,-158795.71600000001,,,4247728.2530000005,1283908.535,-281485.444,2242113.319,-697727.218,,2263121.1969999997,1.6184613143367594,1.2556037223135956,0.4569589088184969,0.7103597249918262,0.49308358998946045,8.03992265049414,4.561189796371849,0.35052899728276904,0.6187020895861387,0.5665576817040928,0.08648582148279603,0.45468784222921427,0.5327838934615574,0.30225769129492375,-0.07870598826736626,0.2720646697317391,0.23613395811979074,1.1883805758062107,6.455239343453062,segura
ENEL,2021,1,Q1 2021.xbrl,0.001,472763.07,906995.512,9160652.667,2392053.896,2380860.757,4772914.653,4387738.014,2711593.892,117607.926,505957.95,1856795.223,1013887.307,393800.686,582302.076,-32836.254,-156247.36000000002,4916.243,1013887.307,393800.686,-32836.254,582302.076,-156247.36000000002,4916.243,,4194107.579000001,1315410.781,-258225.005,2235640.4620000003,-685543.9299999999,,2259179.716,1.0458456032809034,0.836582450530465,0.5210234277513625,0.5384900295918169,0.21413914740725226,8.748880519917117,5.094048816070311,0.5567279714325032,0.3791701823761917,0.3300040970314324,0.05160801169801628,0.9343920181509155,0.5386556432914997,0.31363305690733684,-0.16211272689660206,0.2960044431952045,0.2440481637354934,0.9192994916098284,5.756783122867493,segura
ENEL,2021,2,Q2 2021.xbrl,0.001,454144.255,866776.505,9097875.583,1887361.094,2389993.962,4277355.056,4820520.527,2711593.892,116126.311,863236.0930000001,1856872.136,2148435.315,818689.952,1236380.01,-77388.186,-342668.893,,1134548.008,424889.26600000006,-44551.932,654077.934,-186421.53299999997,,,4259556.248000001,1383377.132,-239239.456,2327055.8850000002,-718884.781,,2341501.369,1.1616940587831877,0.9677397604801488,0.4701487745108901,0.5642768688079483,0.3173535831393568,9.787270913205887,5.782395408891081,0.508574297614832,0.4592531380219285,0.3977247366104708,0.04991761547592489,0.5260950725794085,0.5497054699299746,0.3247702463489102,-0.11217834094225598,0.2980469305457197,0.25578013941499295,1.1269862950091276,6.387921223626184,segura
ENEL,2021,3,Q3 2021.xbrl,0.001,383394.002,852227.832,9084245.584,2282835.244,2167445.737,4450280.981,4633964.603,2096111.818,109955.57,1297586.297,1582698.691,3424608.987,1250187.13,1976195.563,-129713.485,-599668.323,,1276173.6720000003,431497.17799999984,-52325.299,739815.5530000001,-256999.43,,,4448767.024,1576074.5979999998,-174536.21000000002,2497185.613,-758464.039,,2509074.8469999996,1.147947017779817,0.9951440822841267,0.48988999029685404,0.6215595574759724,0.45050621810205405,14.375669363967507,9.030072315653006,0.5471939771815385,0.37331990306349067,0.3251536719309561,0.042204275352844746,0.29546705516727567,0.563993311734276,0.3542722263264105,-0.15748224756491785,0.23074143016255116,0.27489190928504514,1.041274612273746,5.9097454915869925,segura
ENEL,2021,4,CIERRE 2021.xbrl,0.001,213701.458,667858.311,9036678.938,1519710.397,2415069.971,3934780.368,5101898.57,2096111.818,94157.639,1246389.916,1771817.266,4722685.057,1712321.388,2703006.822,-182299.775,-814374.147,,1298076.0699999998,462134.25800000015,-52586.28999999999,726811.2590000001,-214705.82400000002,,,4722685.057,1712321.388,-182299.775,2703006.822,-814374.147,,2708995.31,1.1141426383643314,1.0352567660960623,0.4354232782857777,0.5915851012302661,0.41295704398068717,14.860113294160676,9.39288810422284,0.5673306319764765,0.43946419812511156,0.3775065783142102,0.023648229561566838,0.17145634384288458,0.5736133740243183,0.36257369850695087,-0.09426605635150874,0.23195599095433972,0.2991150665576518,1.2966158445568416,6.759291084897353,segura
ENEL,2022,1,Q1 2022.xbrl,0.001,2020350.242,5559724.255,27469394.543,8563057.772,6203894.095,14766951.867,12702442.676,3137973.069,360874.662,3398595.248,4629658.609,1953518.671,583160.453,979690.57,-93272.511,-312175.382,20673.135,1953518.671,583160.453,-93272.511,979690.57,-312175.382,20673.135,,5662316.421,1901681.155,-242736.032,3100395.316,-970302.169,,3114719.3559999997,2.5775207777660216,1.9288747807813735,0.5375783526602353,0.6320244115069762,0.42332932024025305,12.831714065425604,7.83435874489371,0.23687357037693624,0.6492685677281683,0.6071253670621621,0.07354913625188889,0.5944662704948265,0.5500786470442287,0.3358486198240669,-0.10933380829703568,0.11423524694320744,0.11286726073072735,0.8601939513588042,4.566848763643534,segura
ENEL,2022,2,Q2 2022.xbrl,0.001,2067277.814,5989528.282000001,28364274.443,7478211.687,6865405.028,14343616.715,14020657.728,3137973.069,412097.425,3069221.491,5317712.456,5190182.262,1383573.366,2446068.651,-284588.341,-751770.481,,3236663.591,800412.913,-191315.83000000002,1466378.0810000002,-439595.09900000005,,,7764432.004000001,2277204.802,-389499.93,3912695.4630000005,-1223475.7349999999,,3890180.467,2.155924132092456,1.6245149001721106,0.5056930591975657,0.5981840588156465,0.36595274392233146,9.987628154387602,5.846483212461682,0.27151815149498754,0.8009305610340101,0.7458241475961044,0.07288315511663589,0.673551198589597,0.501025762733951,0.293286720886583,-0.05248445215799943,0.11063117709236586,0.13794449319910637,0.9774841315536366,5.21970496359395,segura
ENEL,2022,3,Q3 2022.xbrl,0.001,2265079.365,6115600.184,29256088.286,6552711.916,7258533.984,13811245.9,15444842.386,3137973.069,450058.702,2549071.319,5677009.322000001,9059065.486,2260424.169,3946336.704,-502716.883,-1235939.304,,3868883.2239999995,876850.8030000003,-218128.54199999996,1500268.0529999998,-484168.823,,ingresos_trim,10357141.556,2722558.427,-555303.173,4673147.9629999995,-1450645.128,,4728506.728,1.7396783200685764,1.2606519603116446,0.47208108496887247,0.5326102031611889,0.3098767724565028,8.515180459809836,4.902832469498604,0.33096665907095135,0.9332930033239081,0.8646101880606467,0.07742249554544567,0.8885900320311909,0.4565455345409204,0.26286774321654355,-0.014940880945084247,0.10725880501603571,0.15973249456032898,1.1182801680476921,5.749248065248011,segura
ENEL,2022,4,CIERRE 2022.xbrl,0.001,1215342.798,4725840.115,29663271.629,5430258.562,7919644.797,13349903.359,16313368.27,3137973.069,469017.806,2346359.353,5930600.508,12100256.34,2859963.898,5083658.28,-774195.278,-1540448.212,,3041190.8540000003,599539.7289999998,-271478.3950000001,1137321.5760000004,-304508.90800000005,,,12100256.34,2859963.898,-774195.278,5083658.28,-1540448.212,,5174607.388,1.5995338854488568,1.3646672169517646,0.4500482457217767,0.5073728321465767,0.28348081812692505,6.6838529438822025,3.694111781963103,0.34553313608246333,0.8702790228204975,0.7839078490273923,0.040971299902463634,0.5179695925289922,0.42764444343994784,0.23635564550362245,-0.023747159646117122,0.10578647926118143,0.17137888037373505,1.2219839972850548,5.87383182837373,segura
ENEL,2023,1,Q1 2023.xbrl,0.001,2050304.092,5860836.148,30738252.632,8866337.027,7863012.835,16729349.862,14008902.77,3290302.981,535321.333,1476315.72,5832935.62,3772836.174,798297.461,1469406.831,-298279.466,-464007.955,67795.736,3772836.174,798297.461,-298279.466,1469406.831,-464007.955,67795.736,,13919573.843,3075100.906,-979202.233,5573374.541,-1692280.7850000001,,5746583.924000001,1.271929799802224,0.9151432081304098,0.5442518175084533,0.5217575894418175,0.2019790606899557,5.868638500132996,3.1404145153741703,0.42071352631855186,0.6610211330961624,0.600644302013628,0.06670203789871695,1.3887978460325545,0.4128419439284698,0.2209191847885799,-0.09777721964166336,0.10704261626032173,0.18131722084936763,0.8373847690172719,5.055246099735223,segura
ENEL,2023,2,Q2 2023.xbrl,0.001,2298558.43,5375312.375,30138340.635,8272040.483,7983414.461,16255454.944,13882885.691,3290302.981,576388.873,2439429.481,6120098.733,7846293.064,1326580.525,2936882.338,-910343.758,-927212.94,,4073456.89,528283.0639999999,-612064.292,1467475.507,-463204.9849999999,,,14756367.142,2802971.057,-1399950.695,5574471.967,-1715890.671,,5918812.423,1.4461563574372458,1.0578084481390904,0.5393613119204829,0.6165525240583788,0.2849957871521539,4.227872055879796,2.0021926965077865,0.3274679382930766,0.6498169811967058,0.580137816281526,0.07626692052616386,0.9422524602177668,0.4011022744313337,0.1899499402547462,-0.09611438609317449,0.109173329110858,0.18496280317856326,0.8540447338340579,5.115091688015878,segura
ENEL,2023,3,Q3 2023.xbrl,0.001,1203984.038,4821728.129,29840676.31,7665727.226,7533598.862,15199326.088,14641350.222,3290302.981,605588.187,3572608.987,5766597.579,12286937.713,2274068.395,4697197.454,-1195078.031,-1498394.61,,4440644.648999999,947487.8700000001,-284734.2729999999,1760315.116,-571181.6700000002,,,15328128.567,2873608.124,-1466556.426,5834519.03,-1802903.5180000002,,6143068.068,1.5202837511518195,1.324293079280267,0.5093492496651796,0.6378651165632913,0.38253881223768194,4.188770346024177,1.9594255448034155,0.3076929612480744,0.6289981350557385,0.5499986912787653,0.040347076101506764,0.3370041452566048,0.40077091219246685,0.18747286150682507,-0.09530612066077535,0.11026234616195267,0.19552234571991844,0.9632894338361141,5.309611165719051,segura
ENEL,2023,4,CIERRE 2023.xbrl,0.001,1629477.082,5449940.129,29595884.494,6634037.4180000005,8995509.078,15629546.496,13966337.998,3290302.981,534984.31,2902532.197,7252382.536,16599096.186,1938215.238,4901964.446,-1517114.22,-1779677.101,,4312158.473000001,-335853.1570000001,-322036.189,204766.99200000055,-281282.4909999999,,,16599096.186,1938215.238,-1517114.2200000002,4901964.446,-1779677.101,,5235006.559,1.9398093619465893,1.6285438336926445,0.5280986449034355,0.7270993108182116,0.28582536370962947,3.4506344281711363,1.2775671155465143,0.19086474765774875,0.8215118163507469,0.7408694749993947,0.05505755647648731,0.5613984519049247,0.315379012226901,0.11676631162814323,-0.040008849515548485,0.11117434188077895,0.16562993570926324,0.8935856201313546,5.401268370813513,segura
ENEL,2024,1,Q1 2024.xbrl,0.001,1276575.643,5144469.745,29392515.412,6916323.073,9485988.586,16402311.659,12990203.753,3490059.147,525198.79,2154493.596,7777848.707,4087089.512,756269.078,1446914.78,-328963.822,-377031.636,269975.926,4087089.512,756269.078,-328963.822,1446914.78,-377031.636,269975.926,,16913349.524,1896186.8549999997,-1547798.5760000001,4879472.3950000005,-1692700.782,,5136686.2129999995,1.9336089243417447,1.6850876812552538,0.5580438226904347,0.7646025029211871,0.21691696986210887,3.3187045734819174,1.225086315753271,0.190910340899877,0.743815708245762,0.6678795808473362,0.04343199706136127,0.5925177245223986,0.3037060285256362,0.11211184705367293,-0.06028246657911456,0.11873972329619407,0.1660107114550622,0.7919739621501604,5.188803158422288,segura
ENEL,2024,2,Q2 2024.xbrl,0.001,1159490.807,5126595.262,29936732.738,6585206.943,9292899.475,15878106.418,14058626.32,3490059.1580000003,518499.538,2054237.066,7528939.783,8265760.574,1474341.757,2772103.808,-636646.686,-723283.497,,4178671.062,718072.679,-307682.864,1325189.0280000002,-346251.861,,,17018563.696,2085976.47,-1243417.148,4737185.916000001,-1575747.658,,4905141.276,1.9537004766588093,1.7173177219615723,0.5303887554116827,0.68165812440486,0.2143586723242365,3.9448879114219837,1.6776159741364605,0.21767066421378525,0.7785017701606952,0.6997647551377795,0.038731374500604994,0.5644386552024176,0.2882229877691084,0.12257065327377085,-0.04872314202640158,0.11658116430220576,0.15823991072969978,0.8854095034948645,5.3034829627051865,segura
ENEL,2024,3,Q3 2024.xbrl,0.001,1048100.747,4602865.229,29713800.233,6119589.409,8809488.749,14929078.158,14784722.075,3490059.1580000003,478044.067,1722147.567,7083411.067,12433801.592,2171557.827,4104420.237,-918251.908,-1069836.195,,4168041.018,697216.0700000001,-281605.22200000007,1332316.429,-346552.6980000001,,,16745960.065000001,1835704.67,-1240288.097,4309187.229,-1351118.686,,4427111.453,1.9890076695568568,1.752261710453035,0.502429108391859,0.595584995736215,0.19557504964539654,3.5694218655393573,1.4800631195608416,0.20847111992554132,0.752152623545401,0.6740356070186146,0.03527319759779446,0.6086010090446564,0.2643689245535054,0.10962074810131227,-0.05104443619148834,0.11745583300125838,0.1450230934855057,0.9903305427520557,5.312456772280195,segura
ENEL,2024,4,CIERRE 2024.xbrl,0.001,1263347.284,4599497.424,30895545.304,5310187.141,10344365.722,15654552.863,15240992.441,3490059.1580000003,479094.168,2816557.565,8099894.923,16926709.713,2251936.168,4608406.297,-1208234.963,-1209678.799,,4492908.120999999,80378.34100000001,-289983.05499999993,503986.06000000006,-139842.60400000005,,utilidad_neta_trim,16926709.713,2251936.168,-1208234.963,4608406.297,-1209678.799,,4669849.93,2.337645245914787,2.067112508688261,0.5066928810922534,0.7162560135279317,0.2580103351428611,3.865018041197008,1.863823045153842,0.20628827638607497,0.866164845394476,0.7759431346941299,0.04089092040840063,0.44854303696789527,0.27588645455492605,0.1330403962838965,-0.02300298344007504,0.11296318364538292,0.14916086612665666,0.9735820993662833,5.491982632022786,segura
ENEL,2025,1,Q1 2025.xbrl,0.001,1488836.566,4781128.392,31087700.291,6903372.823,10294348.78,17197721.603,13889978.688,3715252.775,496911.985,2332238.98,8035100.677,4056981.78,919262.835,1701190.311,-304796.429,-473219.9,279990.783,4056981.78,919262.835,-304796.429,1701190.311,-473219.9,279990.783,,16896601.981,2414929.925,-1184067.57,4862681.828,-1305867.063,,4904864.558,2.1136852066772196,1.8101423568401824,0.5532001866339017,0.7463898894212616,0.22496021710114208,4.142385690032875,2.0395203670682407,0.23293631779194635,0.6925786154951232,0.6205975711939323,0.047891498955007085,0.6383722160410852,0.2902870389866231,0.14292399902155214,-0.06826636937227541,0.11950876842683596,0.1564181905538945,0.8076638876150319,5.090948524507313,segura
ENEL,2025,2,Q2 2025.xbrl,0.001,1302068.948,4587961.075,31258788.747,7100055.233,9812707.128,16912762.361,14346026.386,3715252.775,504734.922,2124486.713,7482482.072,7962087.478,1540887.563,3141315.453,-776278.3740000001,-827410.388,,3905105.6980000003,621624.7280000001,-471481.94500000007,1440125.1420000002,-354190.488,,,16623036.617,2318481.9740000004,-1347866.651,4977617.942,-1313805.6900000002,,4980154.315,1.9290504224064389,1.6675988958787915,0.5410562289501115,0.6696606102980021,0.2211401702810883,3.694842001844291,1.7201122768931838,0.24133335143338872,0.646186673826964,0.5750978012145276,0.041654491430828826,0.6128863692262594,0.2995935357506769,0.13947403398179017,-0.08036441137665941,0.11885466212623366,0.15923898978579956,0.8482367386111468,5.0710102468029135,segura
ENEL,2025,3,Q3 2025.xbrl,0.001,1288225.488,4192173.166,31243839.544,5875636.343,10326873.655,16202509.998,15041329.546,3715252.767,514600.987,1549934.743,7912831.294,12002724.056,2437470.365,4807607.673,-1100627.203,-1268061.866,,4040636.5779999997,896582.8020000001,-324348.8289999999,1666292.2200000002,-440651.4779999999,,,16495632.177,2517848.7060000002,-1390610.258,5311593.733000001,-1407904.47,,5316363.434,1.7799321198551452,1.5376188348450672,0.5185825504955103,0.6291176593173222,0.16379299001366612,3.8230434468720857,1.8106070277528474,0.2660795687175458,0.7134841098520994,0.62590193883958,0.04123134374012582,0.8311482104766265,0.32228915975785705,0.1526372968906677,-0.05388144356039266,0.1189115301199743,0.17000451322635307,0.9283332982270442,5.401369610454429,segura
ENEL,2025,4,CIERRE 2025.xbrl,0.001,1150701.653,3881483.379,31590737.487,5026794.153,11041253.292,16068047.445,15522690.042,3715252.767,432278.342,1463321.6900000002,8580518.024,15897327.877,3030007.352,6045091.852,-1397758.696,-1622471.479,,3894603.8210000005,592536.9869999997,-297131.493,1237484.1789999995,-354409.6130000001,,utilidad_neta_trim,15897327.877,3030007.352,-1397758.696,6045091.852,-1622471.479,,6050237.527000001,1.660073620114584,1.4698824668144306,0.5086316029061433,0.6470424705269652,0.14569345306858011,4.328527909941903,2.167761403074111,0.30167818665768886,0.77215880755402,0.6861639709160376,0.036425286160968184,0.7863627395559207,0.38058204333530715,0.19059853174342375,-0.036254638704503496,0.11760576240199758,0.1913564649919184,0.9660595100389934,5.695842285815604,segura
ENEL,2026,1,Q1 2026.xbrl,0.001,1806725.574,4668630.504,32254626.358,5122168.932,10946475.892,16068644.824,16185981.534,6745260.119,463046.078,1518989.059,8453490.688000001,3809700.51,820458.7540000001,1595200.609,-301988.368,-481123.782,295823.994,3809700.51,820458.7540000001,-301988.368,1595200.609,-481123.782,295823.994,,15650046.607,2931203.271,-1394950.635,5939102.149999999,-1630375.361,,5956529.267000001,1.674209812457218,1.3708913038066333,0.4981810871299878,0.616118319797411,0.152318089134947,4.27006455823435,2.101295341537302,0.293929227771236,0.9114557848401709,0.8210553931023686,0.056014462978018174,1.1894263248936279,0.38060776536829904,0.18729677582486703,-0.0140611899504305,0.2091253528759913,0.18413179195073656,1.0073022156681657,6.134540212661431,segura
ENEL,2026,2,Q2 2026.xbrl,0.001,2007466.393,4983516.454,32421999.825,7521574.069,10793455.787,18315029.856,14106969.969,4018253.502,472608.649,1099466.427,8275820.654,8253343.638,1773507.474,3412653.847,-660743.657,-997152.645,,4443643.1280000005,953048.7199999999,-358755.289,1817453.2380000001,-516028.863,,,16188584.037,3262627.263,-1282223.9789999998,6316430.245999999,-1792213.736,,6337064.978,1.4794367918819846,1.1626550640680522,0.5648951315420593,0.664585456806256,0.11727282775459576,4.942244944555043,2.544506510901868,0.34800291818391943,0.6625629699692053,0.5997292273689899,0.06191679735474183,1.8258551090801067,0.39145270293660334,0.20153876679659352,-0.07828195758125171,0.1239360163990131,0.19481926716715103,0.7702400749501678,5.258439325788702,segura
EPM,2019,1,Q1 2019.xbrl,0.001,2139091.179,7557113.637,54112392.875,7670015.838,23971345.388,31641361.226,22471031.649,15480585.871,414402.294,3144346.058,11454281.81,4284392.369,681539.188,1164761.506,-326408.751,-354620.316,254969.439,4284392.369,681539.188,-326408.751,1164761.506,-354620.316,254969.439,,,,,,,,,,,0.5847340977711291,0.6496643365570475,0.21538641072510417,,,,0.9852800563408692,0.9312511856380341,0.0395305227758328,0.6802976324942411,,,-0.0020864388913793778,0.2860820793262693,,0.7101790434520038,,
EPM,2019,2,Q2 2019.xbrl,0.001,,,,,,,,,,,,,,,,,,,,,,,,,,,,,,,,,,,,,,,,,,,,,,,,,,,
EPM,2019,3,Q3 2019.xbrl,0.001,,,,,,,,,,,,13291041.899,1677538.832,3388490.5500000003,-1000954.099,-533932.191,856989.204,,,,,,,,,,,,,,,,,,,,,,,,,,,,,,,,,,
EPM,2019,4,CIERRE 2019.xbrl,0.001,1664150.609,7603831.21,54900148.798,7688840.716,23032348.365,30721189.081,24178959.717,14518224.491,391244.214,3541229.252,7923160.117000001,18358038.151,2985182.257,,-1290282.011,-810199.224,1140099.479,5066996.252,1307643.4250000003,-289327.9119999999,,-276267.03300000005,283110.275,,,,,,,,,,,0.559582983901114,0.47414733732069936,0.30888947836816966,,,,0.9889437811056353,0.9380590992073817,0.030312315092680123,0.4699358585892535,,,-0.0015484385354361176,0.264447816788593,,0.7870450474182282,,
EPM,2020,1,Q1 2020.xbrl,0.001,1484288.836,8187963.972,57172882.534,8577701.788,25925272.326,34502974.114,,16067732.337,450471.597,2727950.301,9257945.673,4746386.593,-329852.52400000003,,-274294.527,-77651.591,297772.669,4746386.593,-329852.52400000003,-274294.527,,-77651.591,297772.669,,,,,,,,,,,0.6034849492411286,,0.2275966942244046,,,,0.9545638417337806,0.9020472576727447,0.025961413352165893,0.5441040606406561,,,-0.006816829915270204,0.2810376462555429,,,,
EPM,2020,2,Q2 2020.xbrl,0.001,1952157.112,8005962.126,57291866.566,8148888.854,25472718.976,33621607.83,23670258.736,16073456.238,457628.485,3409308.955,9137680.54,9150053.68,620708.581,,-562422.528,-254243.964,601098.096,4403667.086999999,950561.105,-288128.00100000005,,-176592.37300000002,303325.427,,,,,,,,,,,0.5868478345223408,0.5300740323517179,0.27172326527878393,,,,0.9824605868897276,0.9263021960711602,0.03407389615681526,0.5725961295285426,,,-0.002494712366114815,0.28055389362263916,,0.7040192383327791,,
EPM,2020,3,Q3 2020.xbrl,0.001,4019194.023,12073643.751,62782858.797,11065971.206,26862588.961,37928560.167,24854298.63,16062599.33,488248.711,6083732.428,7768278.365,13741464.027,1121562.275,,-911029.102,-438687.062,937069.344,4591410.347000001,500853.6939999999,-348606.5739999999,,-184443.09799999997,335971.248,,18808460.279,2429205.7,-1200357.014,,-714954.0950000001,1220179.619,5564696.428,2.4892662110552064,1.766999673247944,0.6041228592287736,0.5573285731861347,0.4391948951609512,4.635867798578133,3.0402499226784214,0.2634552754495533,1.0910604705399591,1.046938838383961,0.06401737831014558,0.660646087014266,0.2958613488533715,0.12915494750584416,0.016050122028660317,0.2558437069891365,0.06919909179426531,0.6552924371651906,5.342414241173509,segura
EPM,2020,4,CIERRE 2020.xbrl,0.001,3987044.199,12257538.752,63778787.181,9443947.926,27207645.636,36651593.562,27127193.619,16057923.382,477338.243,4597758.041828,20687483.501944,19326610.726,3584538.0,4151740.00361663,-1267632.158,-499028.184,136888.382806,5585146.698999999,2462975.725,-356603.0560000001,,-60341.12200000003,-800180.961194,,19326610.726,3584538.0,-1267632.158,,-499028.184,136888.38280600007,5488086.7248060005,4.607296278588931,3.8808055361998446,0.5746674589152219,0.93209942388077,0.18183563854308807,4.329400047301419,2.935730495096828,0.1471778063248371,1.2979252795596152,1.2473809259968593,0.06251364090202956,0.8671713828191817,0.28396529544742694,0.18547163032459374,0.04411483739907461,0.2517753016599182,0.08390247884165078,0.7401368121446484,5.701149127317037,segura
EPM,2021,1,Q1 2021.xbrl,0.001,3926707.93,12313504.95,64696704.989,10862466.986,27578680.429,38441147.415,26255557.574,18167038.2,495204.248,4419226.157,7589679.914,5547344.514,796074.1900000001,1447104.2448822602,-336317.772,-218187.892,35701.810457,5547344.514,796074.1900000001,-336317.772,1447104.2448822602,-218187.892,35701.810457,,20127568.647,4710464.714000001,-1329655.403,,-639564.485,-125182.47573699993,6554502.126263001,1.8321614425727228,1.2330758286912025,0.5941747330337136,0.45738529974667214,0.3679957300750213,4.929474291966609,3.4484741143589375,0.38182347427430396,1.1335827271898877,1.0879941653430956,0.06069409455501073,0.8885510246585012,0.3256479826856755,0.23403048806404603,0.022428313223165092,0.28080314450463645,0.1032461329079388,0.6830066046299883,5.723518933831914,segura
EPM,2021,2,Q2 2021.xbrl,0.001,3182841.975,11954423.498,65303316.112,10470355.522,27613754.848,38084110.37,27219205.742,18166412.09,511597.605,4502127.6110000005,6956865.877,11582666.82,1760467.298,2854211.20511302,-687090.416,-336362.441,72517.392097,6035322.306,964393.1079999999,-350772.644,1407106.9602307596,-118174.549,36815.581640000004,,21759223.866,4724296.717,-1392300.046,,-581146.661,-391692.321097,6306051.102903001,1.8171425034479716,1.3124142792293678,0.5831880008158076,0.42098926752731997,0.3928903193561183,4.529232848206773,3.111832401607922,0.3780964183669497,1.1417399794000997,1.092878448010354,0.048739362171764625,0.7069639623771206,0.2898104795344542,0.21711696823809865,0.022725767454974472,0.2781851393096679,0.10256360354676135,0.7147129203638005,5.745640570870377,segura
EPM,2021,3,Q3 2021.xbrl,0.001,3714046.447,12436085.632,66535536.673,9152956.592,29299918.285,38452874.877,28082661.796,18166480.408,515567.963,3481416.776,7483851.582,18027285.093,2654658.736,4517355.3610000005,-1045570.207,-778825.79,109315.202454,6444618.272999998,894191.4380000001,-358479.7910000001,1663144.1558869807,-442463.34900000005,36797.810356999995,,23612431.792,5117634.460999999,-1402173.2630000003,,-839166.912,-690865.75874,6668108.8772599995,1.6444345105693223,1.0874480372881385,0.5779298822820513,0.39046399652763175,0.31749489956258486,4.755552721775153,3.157076817160789,0.4037081955254048,1.358696013359177,1.3023679888768338,0.05582049281804551,1.0668204027175632,0.2823982271711288,0.21673474829195175,0.049343992761875274,0.27303425081369975,0.11060216846475454,0.7303137121952152,5.973864220058689,segura
EPM,2021,4,CIERRE 2021.xbrl,0.001,4019511.369,14576032.38,67776469.83,9720287.425,29305996.549,39026283.974,28750185.856,18125734.161,511363.846,3472771.95453,22644118.525358,24831646.953,3039782.933,5800700.17784612,-1430845.322,-1074626.754,147186.75733300002,6804361.860000003,385124.19700000016,-385275.1149999999,1283344.8168461192,-295800.9639999999,37871.55487900002,utilidad_neta_trim,24831646.953,3039782.933,-1430845.322,5800700.17784612,-1074626.754,147186.75733300007,5692441.766333,4.587994318071377,3.8818805739180813,0.5758087441244356,0.9084077094561653,0.13297034565444535,3.9783767531044143,2.2273334799587796,0.12202714916567922,1.499547466313734,1.4469395727770877,0.05930541055150733,1.157436025638486,0.22924141024988579,0.12241567942527279,0.07164352122763842,0.26743402550271184,0.08558575258339211,0.7366877634353781,5.9404748313596905,segura
EPM,2022,1,Q1 2022.xbrl,0.001,5516599.227,14017258.148,67974354.788,10959692.051,29505683.392,40465375.443,27508979.345,19228300.458,545323.013,3172694.196,7655068.402,7243557.307,1181722.23,1954230.13203502,-417102.382,-447100.982,147186.75733300002,7243557.307,1181722.23,-417102.382,1954230.13203502,-447100.982,147186.75733300002,,26527859.746000003,3425430.973,-1511629.9319999998,6307826.064998879,-1303539.844,258671.7042090001,6499272.453209,1.665996105864714,0.8171935257734311,0.5953035607208683,0.39360830011921333,0.29301475418255196,4.299512940055358,2.437172352319496,0.34024597823094976,1.2789828475811067,1.2292257001665272,0.08115706642902751,1.738774330647781,0.2449979951431623,0.1291257947606008,0.04498117130403087,0.28287580688289976,0.09279714510967958,0.6798152505405385,5.804654442397308,segura
EPM,2022,2,Q2 2022.xbrl,0.001,3409937.681,13730771.962,68979097.229,10646786.235,30069568.447,40716354.682,28262742.547,19228355.219,597332.001,3666513.81,8114649.689,14925620.639,2000789.98,3876395.64502688,-958837.141,-788466.854,80175.49034900001,7682063.332,819067.75,-541734.759,1922165.5129918598,-341365.87200000003,-67011.266984,,28174600.772,3280105.615,-1702592.0469999998,6822884.61775998,-1526731.167,154844.85558500013,6664273.684584999,1.7678090751661022,1.2561347588955294,0.590270912749524,0.4168443129469236,0.3112183113587396,3.914192889792701,2.0174829764049753,0.291562923379899,1.2896635340401386,1.2335590920221007,0.04943436226310024,0.9300217748259346,0.2365348044685685,0.11642065992501227,0.04470898940242203,0.27875626083021665,0.09891235014440754,0.694137350156606,5.845571591421249,segura
EPM,2022,3,Q3 2022.xbrl,0.001,3338382.867,14217541.474,71036864.176,11362752.525,30845397.681,42208150.206,28828713.97,19228210.0,685078.438,4166641.061,8214532.095,23266360.017,2813048.089,5860836.9631665,-1576967.817,-1232176.226,122632.94965,8340739.3780000005,812258.1090000002,-618130.6760000001,1984441.3181396206,-443709.372,42457.45930099998,,30070721.877000004,3198172.2860000003,-1962242.9319999998,7144181.78001262,-1527977.19,160504.50452900009,6848896.912529001,1.8077616460178503,1.3203279892354063,0.5941724862942379,0.4294736549429229,0.33653039243545496,3.490340977071743,1.7116518733517352,0.2712729034809891,1.2512409684817982,1.1909493765904227,0.04699507651025905,0.8012168118457468,0.2277596440997804,0.10635502197392094,0.040187429190666576,0.2706793187317565,0.10057006123345041,0.6830129685688505,5.789038543042379,segura
EPM,2022,4,CIERRE 2022.xbrl,0.001,4038679.643,14950654.02,75578355.371,12063156.59,32528329.4,44591485.99,30986869.381,19212331.213,714643.324,4227009.673735,25896191.125929,31728407.916,3845458.553,7892901.657000001,-2284881.664,-1610791.037,166542.99796399998,8462047.899,1032410.4639999997,-707913.8469999998,2032064.6938335001,-378614.811,43910.048313999985,,31728407.916,3845458.553,-2284881.664,7892901.657000001,-1610791.037,166542.99796400004,7907674.251963999,3.809362884691718,3.2986337481194914,0.5900033914618642,0.9721279174505583,0.14032405459987335,3.460868182608865,1.755890300218191,0.13318642921268678,1.239364996090132,1.1801231783562547,0.053436987655723356,0.9554460374422112,0.24923009918743252,0.12119922824935732,0.03820534881747314,0.25420414507156525,0.10443336082473909,0.6949055115128716,5.760775573006688,segura
EPM,2023,1,Q1 2023.xbrl,0.001,3370906.455,13920524.407,75144778.814,12724320.112,32159552.67,44883872.782,30260906.032,21601715.674,703674.747,3578457.8170000003,9423823.469,8932838.641,1494936.138,2427954.843529,-747346.219,-644198.042,43342.101728,8932838.641,1494936.138,-747346.219,2427954.843529,-644198.042,43342.101728,,33417689.25,4158672.461,-2615125.501,8366626.368493981,-1807888.097,62698.34235900004,8644384.401359,1.5041303905869674,1.1141770638387893,0.5972986212800965,0.4296725706841189,0.27521768974903255,3.3055332901053758,1.6142134676690603,0.32466385786502655,1.0940092896493454,1.0387077300527443,0.04485882463429351,0.941999774032826,0.2586769042194921,0.12444524305342268,0.015918661467629987,0.2874679520644946,0.11134008909924717,0.6742044337166841,5.747691997107364,segura
EPM,2023,2,Q2 2023.xbrl,0.001,2104704.511,13098823.372,73660291.52,11533657.927,31170933.92,42704591.847,30955699.673,21595421.135,698199.138,3409259.477,8741219.626,18045907.024,2538831.896,4741536.350000001,-1554773.847,-1156495.1,85857.10489,9113068.383,1043895.7580000001,-807427.628,2313581.5064710006,-512297.0580000001,42515.003162,,34848694.301,4383500.4690000005,-2880818.37,8758042.361973122,-1978819.283,172224.61250500006,9415362.734505001,1.2904950606386587,1.0669556633420711,0.5797505136862646,0.3925118550493569,0.2805864236380803,3.2682944654039403,1.5813996220473285,0.37494201198866106,1.1357041673080999,1.0751683735105801,0.02857312220151257,0.6173494640695546,0.2701783502469653,0.1257866487374884,0.021248428599756924,0.29317588471851874,0.11889774234188535,0.7248798860765752,5.90525978471465,segura
EPM,2023,3,Q3 2023.xbrl,0.001,2889422.916,14031999.169,74666173.881,12523625.487,30854282.729,43377908.216,31288265.665,21595415.75,733341.853,3856645.723,9983902.818,27173762.066,3137668.3370000003,6403921.85596011,-2328557.732,-1262314.316,128645.41693,9127855.042,598836.4410000001,-773783.8849999998,1662385.5059601096,-105819.21600000001,42788.312040000004,,35635809.965,4170078.801,-3036471.579,8435986.54979361,-1640929.127,172555.46524400005,9020034.972244,1.5344229355639356,1.2140890427474234,0.5809579621038838,0.4423558879609763,0.2786483289716024,2.970564596957158,1.430158048004572,0.31376171640739303,1.1204422540074956,1.0618855801624307,0.03869788373788978,0.7492062075518778,0.2531171588664071,0.11701933546889144,0.020201566567532796,0.2892262269179337,0.11298270838463684,0.7212949391012654,5.842003262836567,segura
EPM,2023,4,CIERRE 2023.xbrl,0.001,3244471.737,15082303.192,77235863.293,14052303.949,31867226.854,45919530.803,31316332.49,21486693.791,760328.601,6248602.2678270005,23129694.48074,37139086.82,3249354.37,7758921.63028278,-3267081.6750000003,-1516152.26,206170.222127,9965324.754,111686.03299999982,-938523.9430000004,1354999.77432267,-253837.9439999999,77524.80519699998,utilidad_neta_trim,37139086.82,3249354.37,-3267081.675,7758921.63028278,-1516152.26,206170.22212700004,8238758.527127,3.5658645233788313,3.1720586209097608,0.5945363830375126,0.938114217491724,0.21269450442635998,2.5217485654462557,1.05767927951388,0.11762167908170347,1.0732975351755965,1.019190493101965,0.0420073214523654,0.5192315973934264,0.2218352477824063,0.08749149880147754,0.013335763971364208,0.2781958131223138,0.10045749862144654,0.6819828500502458,5.6355573457197705,segura
EPM,2024,1,Q1 2024.xbrl,0.001,4852133.092,15498776.312,78368041.932,15529315.77,32004162.236,47533478.006000005,30834563.926,22580383.514,782961.661,5016086.633,10538161.073,9945009.146,1577661.368,2894258.46554683,-848596.514,-548345.1950000001,44033.42260400001,9945009.146,1577661.368,-848596.514,2894258.46554683,-548345.1950000001,44033.42260400001,,38151257.324999996,3332079.6,-3368331.9700000007,8225225.252300611,-1420299.4130000002,206861.54300300003,8327572.526003001,1.8678009296744724,1.2851421684509436,0.6065416059169225,0.5044419549220384,0.3224898257898427,2.472313477463743,1.0506509377705429,0.2275224883835343,0.9980334318361279,0.9476151344303563,0.06191469089160349,0.9673144518833912,0.21827780025865773,0.08733865758643121,-0.00038969275290172254,0.2881325468561919,0.10495637060113923,0.6486915163689021,5.5731886209191535,segura
EPM,2024,2,Q2 2024.xbrl,0.001,3941198.835,15730856.734,80428394.436,13779648.203,34474370.323,48254018.526,32174375.91,22460712.535,849857.339,4795253.133,12159165.15,19747086.758,2669010.591,5410124.16520628,-2015766.129,-857714.2930000001,93604.382295,9802077.612000002,1091349.223,-1167169.615,2515865.6996594495,-309369.098,49570.959691,,38840266.554000005,3379533.0650000004,-3728073.957,8427509.44548906,-1217371.453,213917.49953200005,8538895.974532,1.9855515670372406,1.5239932055400436,0.5999624742527665,0.5269540683687499,0.2828320649495917,2.2904309498739917,0.9638892913550643,0.21194773566104078,1.1416007507778898,1.0799259295865204,0.049002580029571086,0.8218958886398374,0.21984648232679582,0.087011067761376,0.02426019498067504,0.27926347022720766,0.1047827636568719,0.6667709113731939,5.723795420729958,segura
EPM,2024,3,Q3 2024.xbrl,0.001,2689953.964,14384921.429,79680517.347,11200502.977,35247784.466,46448287.443,33232229.904,22459664.301,873825.12,2649989.005,13221706.324,29496670.161,3470785.635,7738336.9436779,-2891925.281,-1642544.211,140575.80934,9749583.402999997,801775.0439999998,-876159.152,2328212.7784716208,-784829.9179999998,46971.427045000004,,39461994.915,3582471.6679999996,-3830449.2240000004,9093336.71800057,-1896382.1549999998,218100.61453700004,9527403.661536999,1.6658993250255039,1.3835607090120363,0.5829315495119435,0.477599468192461,0.16696319769685014,2.487281022247274,0.9922001468454914,0.23945597516560033,1.2843103080762657,1.2062937116971224,0.033759243207289215,1.0150811791764398,0.24143238784706025,0.09078283233568248,0.03996483153004897,0.2818714668127793,0.11412246080682528,0.7154672805704975,5.9492138578676705,segura
EPM,2024,4,CIERRE 2024.xbrl,0.001,2817912.216,15313996.326,83439211.378,12412117.164,36907447.916,49319565.08,34119646.298,22285157.757,684937.555,3017183.543751,29182836.471184,39617679.865,4541404.172,9146879.538,-3510888.751,-1387096.048,184287.027162,10121009.704000004,1070618.5370000005,-618963.4700000002,1408542.5943221003,255448.16299999994,43711.217822000006,utilidad_neta_trim,39617679.865,4541404.172,-3510888.751,9146879.538,-1387096.048,184287.02716200007,9623675.998162001,3.3459168846794918,3.0531065057205384,0.5910837874122554,0.9437383885430981,0.09370129404738167,2.741093973832383,1.3460099519860864,0.14676050502360347,1.2337940517042962,1.1786110763947666,0.03377203798384634,0.9339545225335336,0.2429136696281899,0.11463074535094309,0.03477836276344676,0.2670825549398207,0.10962327408108404,0.6918075259312486,5.811901492884721,segura
EPM,2025,1,Q1 2025.xbrl,0.001,2508565.551,15039144.174,83352340.598,13600058.773,36825334.977,50425393.75,32926946.848,24079994.657,727261.066,2891325.444,14992367.331,9273158.853,1337105.794,2327174.059,-868304.118,-464962.134,46421.8423875652,9273158.853,1337105.794,-868304.118,2327174.059,-464962.134,46421.8423875652,,38945829.572000004,4300848.598,-3530596.3550000004,8579795.131453171,-1303712.987,186675.44694556526,9321833.386945566,1.9184737629021118,1.6493673063854108,0.6049667398447348,0.5431324336737362,0.16167384892911194,2.6402999520871497,1.2710385424236823,0.25092826752306846,1.1058146457320461,1.052339798443605,0.030095922118114963,0.8676178450287244,0.2393538278524043,0.1104315569924869,0.017265086867093094,0.2888940428576014,0.10293406363754876,0.65298343551358,5.682403064497498,segura
EPM,2025,2,Q2 2025.xbrl,0.001,3939314.411,15012615.972,83728509.63,11557496.798,38179936.492,49737433.29,33991076.34,24080284.263,716469.458,2201635.4960000003,16259629.548,18787506.45,2345881.386,4484801.47,-1769666.219,-803441.451,94180.1644019842,9514347.597,1008775.592,-901362.101,2157627.411,-338479.317,47758.322014419005,,38658099.557,4218274.967,-3264788.841,8221556.842793721,-1332823.2059999998,184862.8092689843,9000749.823268984,2.051080788433141,1.6134156507113948,0.5940322299989803,0.5431209314862195,0.1192570222437461,2.756916377021206,1.3486745975645729,0.23850682852852623,1.2989504764213216,1.2369587259132024,0.047048662736360713,1.7892673052179022,0.23282959913737344,0.10911749453126383,0.041265743165241134,0.2875995807092691,0.09819303937362728,0.6834103429063378,5.835715992918629,segura
EPM,2025,3,Q3 2025.xbrl,0.001,3511302.083,14562420.497,83715234.124,10995572.256,38236723.317,49232295.573,34482938.551,24080284.185,649643.479,2240505.874,15996870.214,28444622.84,2601975.057,6250673.502,-2637038.433,-1512251.627,142482.532,9657116.39,256093.6710000001,-867372.2140000002,1765872.0320000006,-708810.1760000001,48302.3675980158,utilidad_neta_trim,38565632.544,3672593.5940000005,-3256001.903000001,7659216.096322101,-1256803.4640000002,186193.74982200007,8371592.710822001,2.1784834401253717,1.7590528485653067,0.5880924313020082,0.5288811468612822,0.12285242477804847,2.571126479719996,1.1851305554418157,0.2115867614508998,1.3243895049713,1.2653072249521309,0.04194340635539546,1.5671916435243411,0.21707391163027728,0.09522969939128818,0.04260691949707436,0.2876451871272557,0.09149130593097522,0.7004129738348246,5.81747990031838,segura
EPM,2025,4,CIERRE 2025.xbrl,0.001,4339444.923,17030463.566,87230032.322,12882024.913,37658059.03,50540083.943,36689948.379,24051248.552,598064.862,4276700.122,15278416.043,38117838.573,4979410.957,10283802.559,-3534427.503,-2489788.897,192419.01,9673215.733,2377435.9000000004,-897389.0699999998,4033129.057,-977537.2699999998,49936.478,,38117838.573,4979410.957,-3534427.5029999996,10283802.559,-2489788.897,192419.01000000007,11196046.366999999,1.746609072881129,1.359021813883133,0.579388572922189,0.5329829293570945,0.21869980653218996,3.167711420731325,1.463272329849794,0.2644745202923728,1.3220331183192766,1.2756068098748288,0.04974714335747831,1.0146713118081931,0.2937219628956216,0.13063203852610536,0.04755745862487472,0.2757221098258623,0.11789291239785953,0.7259574087842745,6.015326657148593,segura
EPM,2026,1,Q1 2026.xbrl,0.001,7865332.571,18995160.563,89562738.68800001,12423549.518,38642597.28,51066146.798,38496591.89,29025789.435,647076.809,4344637.631,15581720.476,9054868.69,2302015.69,2140691.898,-967118.243,-545034.947,550110.5480000001,9054868.69,2302015.69,-967118.243,2140691.898,-545034.947,550110.5480000001,,37899548.41,5944320.853,-3633241.628,10097320.398,-2569861.71,696107.7156124349,12843531.906612433,1.5514702849565085,0.939073895225848,0.5701717873533724,0.5176135634015991,0.2180347059743826,3.5350062620752385,1.8276870212642056,0.3332484808791875,1.5289640481151259,1.4768793513815173,0.08781925035141686,1.810354105225951,0.3388835077312847,0.15684410771056997,0.07337438695228839,0.32408331701550563,0.11274019247194907,0.7538573850554887,6.337011939597321,segura
EPM,2026,2,Q2 2026.xbrl,0.001,4949228.834,15450175.343,87738882.127,12831557.614,38510665.858,51342223.472,36396658.655,26207675.015,614989.051,3383665.863,14803692.091,19267458.876,3067271.811,4175998.458,-1970368.223,-1232057.253,1095362.911,10212590.185999999,765256.1210000003,-1003249.98,2035306.56,-687022.306,545252.363,,38597790.999,5700801.382000001,-3735129.5069999998,9974999.547,-2918404.699,1193601.7565980158,13547937.344598018,1.3424447937273538,0.9771324433588744,0.5851707045649763,0.4996985609694561,0.18604493690386845,3.6271666937405653,1.8458270658827838,0.3790766727105468,1.2040763723137502,1.1561485158913147,0.05640861513184207,1.4626824971458476,0.3510029199585287,0.14769760741353563,0.029845578898641673,0.2987008083493131,0.11368961291940578,0.7089030469210061,5.927894030879313,segura
ISA,2019,1,Q1 2019.xbrl,0.001,1831108.742,7211622.221,45027283.981,3586076.238,23057271.039,26643347.277,18383936.704,3212454.239,90607.372,1592926.473,15477291.02,1816165.463,353124.599,1047007.312,-349540.923,-233948.326,170445.206,1816165.463,353124.599,-349540.923,1047007.312,-233948.326,170445.206,,,,,,,,,,,0.5917156204278854,0.9285398316937112,0.09331612052706492,,,,2.0110063875892426,1.9857399498487738,0.040666648753956966,1.1495249611561953,,,0.0805188690601427,0.0713446149751237,,0.690001016496528,,
ISA,2019,2,Q2 2019.xbrl,0.001,1757501.917,8433065.927000001,47265664.541,3473208.501,24467377.921,27940586.422,19325078.119,3212454.239,90452.164,1406427.01,16611023.226,3917488.924,792215.441,2276408.949,-703518.326,-474772.691,352852.571,2101323.461,439090.842,-353977.403,1229401.637,-240824.365,182407.365,,,,,,,,,,,0.5911391851428068,0.9323351825566818,0.0780591588475638,,,,2.4280333082715786,2.401990482459665,0.03718348052581546,1.2496218463551834,,,0.10493573874747145,0.0679659171239071,,0.6916489807022705,,
ISA,2019,3,Q3 2019.xbrl,0.001,1542055.74,8608404.476,48240416.143,3646951.862,24631687.305,28278639.167,19961776.976,3212454.239,93742.971,1787725.888,16604520.849,5888837.893,1198066.294,3312769.4760000003,-1101223.534,-633624.7710000001,549378.131,1971348.969,405850.853,-397705.208,1036360.5270000002,-158852.08000000007,196525.56000000006,,,,,,,,,,,0.5862022227000091,0.9213732203857882,0.09719997309538052,,,,2.36043819653795,2.3347337248182187,0.03196605384640245,0.8625795209159045,,,0.10284846215448619,0.0665925896965163,,0.705895954119835,,
ISA,2019,4,CIERRE 2019.xbrl,0.001,2487202.068,9449781.446,48793243.432,3675086.804,24014942.056,27690028.86,21103214.572,3212454.239,151526.918,1698041.308,16059515.657,8139006.683,1638732.31,4530113.1680000005,-1489369.682,-772816.161,717178.078,2250168.79,440666.01600000006,-388146.14800000004,1217343.6920000003,-139191.3899999999,167799.94699999993,,8139006.683,1638732.31,-1489369.682,4530113.1680000005,-772816.161,717178.078,4618096.231000001,3.8452115496854393,3.3066341914865998,0.5674971965860357,0.8414621812432757,0.09562358782499336,3.1007051417876252,1.58181707098829,0.1326708619121133,2.5713083662989313,2.530077525755226,0.050974313102719916,1.464747680920375,0.5674029289895842,0.2013430353144729,0.11835029270082899,0.06583809587237198,0.09284304238379495,0.7621232422218573,5.665144761813424,segura
ISA,2020,1,Q1 2020.xbrl,0.001,2797800.54,8496627.089,51340269.423,4797675.75,26114801.063,30912476.813,20427792.61,3207681.186,120948.356,2222136.88,17827828.471,2069572.769,378506.644,1098370.714,-441036.88,-198865.169,207040.554,2069572.769,378506.644,-441036.88,1098370.714,-198865.169,207040.554,,8392413.989,1664114.355,-1580865.639,4581476.57,-737733.004,753773.426,4736486.424,4.233088318253354,3.6423971836132516,0.6021097505022339,0.9815042542180968,0.1108299611046046,2.9961347170504222,1.529470766743637,0.12059311518358341,1.7709881892289199,1.7457784080135053,0.05449524459929323,1.2590585958863165,0.564377118455804,0.19828792492614963,0.07204775862245283,0.062478853774051026,0.08923748592459739,0.6608267831003839,5.219858387535394,segura
ISA,2020,2,Q2 2020.xbrl,0.001,3541939.878,9170635.237,49902156.781,4737845.815,25932489.599,30670335.414,19231821.367,3207681.186,98788.885,2360855.236,17883592.048,4750510.5770000005,928923.031,2800798.065,-805603.219,-576662.68,425388.872,2680937.808,550416.387,-364566.33900000004,1702427.351,-377797.51100000006,218348.31799999997,,8972028.336,1775439.9,-1591454.5750000002,5054502.284,-874706.15,789714.379,5031315.004000001,4.0236890888177825,3.3197101339751454,0.614609415552908,1.052653666944805,0.11661742120595599,3.1614568728736727,1.6118300322835166,0.1267090300374535,1.935612849191041,1.914761836123618,0.07097769127583231,1.5002782991476906,0.5607778771509222,0.19788612268154568,0.08882961595134424,0.06427940980741956,0.1012882530545148,0.6270495939285132,5.381332290764284,segura
ISA,2020,3,Q3 2020.xbrl,0.001,3570166.316,9408154.544,52280266.161,3895198.192,28059053.306,31954251.498,20326014.663,3207681.186,108311.741,1590591.168,19779190.577,7141177.479,1412690.426,4009541.845,-1172858.375,-827043.1240000001,639527.397,2390666.902,483767.395,-367255.15599999996,1208743.7800000003,-250380.44400000002,214138.52500000002,,9391346.269000001,1853356.442,-1561004.523,5226885.5370000005,-966234.514,807327.3439999999,5187922.823000001,4.119140255953649,3.430971515244532,0.6112105741695174,1.0513512904179882,0.07443179284562225,3.3234514996981854,1.7044689792996843,0.12450683014685139,2.41532114163602,2.387514664106211,0.06828898508292734,2.2445530868180956,0.5524152421176155,0.19734725873304926,0.10545004371290963,0.061355486908229714,0.09997817380851724,0.6360973488699053,5.481526718384152,segura
ISA,2020,4,CIERRE 2020.xbrl,0.001,3781712.973,9708784.411,54029723.479,3403040.8510000003,30480489.721,33883530.572000004,20146192.907,3207681.186,100644.892,1266015.448,21202820.487,9110846.607,2059190.514,5691962.76,-1535479.552,-1074232.438,855987.5310000001,1969669.1280000005,646500.088,-362621.1769999999,1682420.9149999996,-247189.314,216460.13400000008,,9110846.607,2059190.514,-1535479.552,5691962.76,-1074232.438,855987.5310000001,5524890.035,4.066838578263214,3.382352018523025,0.6271275955200786,1.1152894265791018,0.056345395536397655,3.598152790640354,1.898545663602559,0.12974317198422322,2.8529732189806145,2.8233982310781256,0.06999319503217256,2.987098600553569,0.6064079742880474,0.22601527638692687,0.11670878831076907,0.059368824777471706,0.10534873017094605,0.5945718337760236,5.541395912306784,segura
ISA,2021,1,Q1 2021.xbrl,0.001,3437159.486,9471343.214,57636388.923,5686832.598,32469545.634,38156378.232,19480010.691,3203921.666,107601.659,1586526.485,22385117.413,2365046.3710000003,507935.085,1286292.845,-352214.757,-251845.299,211194.859,2365046.3710000003,507935.085,-352214.757,1286292.845,-251845.299,211194.859,,9406320.209,2188618.955,-1446657.4289999998,5879884.891,-1127212.568,860141.8360000001,5622630.788,4.2634213061190245,3.652113252007469,0.6620188902357408,1.230576526791907,0.06618346625499334,3.886635961830049,2.107451791892053,0.12718196565794823,1.6654865517460409,1.6465653584199278,0.05963523305722558,2.1664683940022593,0.5977503065035195,0.23267536149852963,0.06566182730593965,0.055588521867327885,0.10201688552791362,0.5105309149772241,5.083571099888117,segura
ISA,2021,2,Q2 2021.xbrl,0.001,4745205.8780000005,10440790.231,62624186.35,6439520.807,34290714.634,40730235.441,21893950.909,3203921.666,117080.966,2772660.4080000003,23361383.122,5171052.07,1093827.516,2930899.538,-755442.27,-582390.071,431842.498,2806005.699,585892.4310000001,-403227.51300000004,1644606.6930000002,-330544.772,220647.63900000002,,9531388.100000001,2224094.999,-1485318.603,5822064.233,-1079959.829,862441.1570000001,5651814.5879999995,4.624009355418013,3.784419555696862,0.6503914512096491,1.1936650282364987,0.10609381609153538,3.805119370742844,2.0780296899035067,0.11810404128457497,1.6213613627353252,1.6031797356377422,0.07577273501773808,1.711426997806361,0.5929686766190959,0.23334429105871782,0.06389335586154088,0.05116109051051967,0.09296830142368788,0.5375355843624965,5.025084918663807,segura
ISA,2021,3,Q3 2021.xbrl,0.001,4967286.514,11017350.494,62574311.166,5998863.424000001,35134275.421000004,41133138.845,21441172.321,3203921.666,116938.434,3029718.456,23906514.742,8045882.778,1215193.112,4531037.658,-1586390.719,-935070.755,671091.908,2874830.7079999996,121365.5959999999,-830948.449,1600138.1199999996,-352680.684,239249.41000000003,utilidad_neta_trim,10015551.906,1861693.2,-1949011.896,6213458.572999999,-1182260.0690000001,887552.0420000001,5880517.207,4.580589130142477,3.7358868124471756,0.657348648007968,1.2562854677315385,0.11247743638575845,3.0171787145418225,1.4105841260601524,0.10206494804938541,1.8365729831291455,1.8170795515013878,0.07938220048196064,1.6395208287961134,0.587138608255544,0.1858802407967871,0.08020043651278443,0.05120186872693636,0.09929727482763097,0.5212627317792528,5.157636510783574,segura
ISA,2021,4,CIERRE 2021.xbrl,0.001,4686462.259000001,10670103.52,61698187.047,4970047.83,34595143.677,39565191.507,22132995.54,3203921.666,125391.91,2866266.646,25074175.073,11116937.022,1665536.083,6087393.323,-2104482.765,-1106267.889,904840.124,3071054.244,450342.97100000014,-518092.0460000001,1556355.665,-171197.13399999996,233748.2159999999,,11116937.022,1665536.083,-2104482.765,6087393.323000001,-1106267.889,904840.124,5781126.861,4.83304421279677,4.022395636545088,0.6412699205709288,1.2623886210298312,0.10258487230897598,2.7470535549859916,1.2213814480918304,0.09199483074929692,2.1468814556659908,2.121651937904992,0.07595786008152851,1.635040572913955,0.5200287497859678,0.14981969221413838,0.09238611315528368,0.05192894344787376,0.09866405504529316,0.5594057477539104,5.275739742984705,segura
ISA,2022,1,Q1 2022.xbrl,0.001,4768416.675,10815928.726,64009249.033,5392639.516,35545215.506,40937855.022,23071394.011,3210906.697,126490.667,2581547.298,25388201.631,2764782.659,431381.108,1522533.578,-540479.587,-282148.306,242691.149,2764782.659,431381.108,-540479.587,1522533.578,-282148.306,242691.149,,11516673.31,1588982.1060000001,-2292747.595,6323634.056,-1136570.896,936336.4139999999,5954637.011,4.697137521116987,3.8963470336042625,0.6395615577507318,1.2123129151045038,0.09229783594243718,2.597162035623027,1.1014376486566544,0.09028749333468854,2.0056836163272296,1.9822274467418712,0.07449574470935662,1.847115750578822,0.5170448835975534,0.13797231745909444,0.0847266495378507,0.05016316775321978,0.09879250501345278,0.5635711494557161,5.224974088462702,segura
ISA,2022,2,Q2 2022.xbrl,0.001,4766463.631,11474434.091,66190345.498,4822061.849,37084139.315,41906201.164000005,24284144.334,3210906.697,141514.146,2034434.792,26868429.85,6020742.117000001,1101797.421,3306807.607,-1192429.803,-362268.723,475321.748,3255959.4580000006,670416.3130000001,-651950.216,1784274.0289999999,-80120.41700000002,232630.59900000002,,11966627.069,1673505.9880000001,-2541470.2980000004,6463301.391999999,-886146.541,948319.374,6049442.201,4.77777350070759,3.9898556278478274,0.6331165194668191,1.1901948960801298,0.07038869043602256,2.380292307866271,1.0316175499132272,0.09071160919427039,2.3795700781771534,2.3502228506982386,0.07201146322984554,2.3428932938736335,0.5055260906952895,0.1398477598032014,0.10050366397016323,0.04851019696062805,0.09764719225094985,0.5794880867145163,5.332098900712544,segura
ISA,2022,3,Q3 2022.xbrl,0.001,5007942.247,12621888.513,71831520.98900001,4605590.069,40546532.595,45152122.664000005,26679398.325,3210906.697,167607.252,1866501.57,29676480.339,9577534.439,1769821.936,5121965.95,-1749400.819,-712128.429,748687.0970000001,3556792.3219999988,668024.5149999999,-556971.0159999998,1815158.3430000003,-349859.706,273365.34900000005,utilidad_neta_trim,12648588.683,2220164.907,-2267492.865,6678321.615,-883325.563,982435.313,6353418.648000001,4.964725867534237,4.176497903274955,0.6285836919827219,1.1822973488664685,0.05917327586164073,2.8019575038442293,1.412397044080666,0.10153130827134066,2.740558391845881,2.7041662576157512,0.06971789234098073,2.683063506343582,0.5023025736095873,0.17552669018196107,0.11159861762119146,0.04470052496162104,0.09297202012501854,0.5908780529220081,5.373004573778133,segura
ISA,2022,4,CIERRE 2022.xbrl,0.001,5369349.875,13721970.168,78733851.758,5360053.521,43823426.458,49183479.979,29550371.779,3210906.697,197369.611,2080458.138,32089642.315,13356004.941,2202580.891,6760582.933,-2383358.117,-1005463.616,1006174.215,3778470.5020000003,432758.95499999984,-633957.2980000002,1638616.983,-293335.18700000003,257487.1179999999,,13356004.941,2202580.891,-2383358.117,6760582.933,-1005463.616,1006174.215,6597576.839,5.179189464078935,4.3653528076780015,0.6246802217954815,1.1563340288423383,0.06088533865627966,2.768185272679271,1.3463168137060952,0.09390534600311025,2.560043498491029,2.5232211775521187,0.06819620474689186,2.580849754641879,0.4939783167305433,0.16491315335161044,0.10620484658494256,0.040781780965945764,0.08586627965032931,0.6008190512671572,5.287533802626934,segura
ISA,2023,1,Q1 2023.xbrl,0.001,6691898.598,14824397.469,80124329.939,7298478.788,44361270.602,51659749.39,28464580.549,3221890.741,195771.864,2370843.589,32475669.629,3911312.898,828098.7810000001,2118297.109,-688810.3740000001,-328470.22500000003,273820.115,3911312.898,828098.7810000001,-688810.3740000001,2118297.109,-328470.22500000003,273820.115,,14502535.18,2599298.564,-2531688.904,7356346.464,-1051785.5350000001,1037303.181,7220076.184,4.826335945764862,3.8994899641629597,0.6447448537707515,1.2242061026690312,0.06803675231917719,2.8518812768000346,1.436433101734683,0.10436056320038097,2.031162643559909,2.0043389903457784,0.08351893367588416,2.822581223429666,0.49784924458980007,0.17923063324711755,0.09392800771912364,0.040211141153415945,0.09181164409862161,0.5510011350250571,5.192781490916634,segura
ISA,2023,2,Q2 2023.xbrl,0.001,4449949.695,12309540.26,75370216.003,7238854.335,39904166.422,47143020.757,28227195.246,3221890.741,180128.841,4093471.583,28508160.911,7458456.259000001,1522088.32,4108257.564,-1232438.936,-551035.853,528825.72,3547143.3610000005,693989.539,-543628.5619999999,1989960.4549999996,-222565.62799999997,255005.60499999998,,14793719.083,2622871.79,-2423367.25,7562032.890000001,-1194230.746,1059678.187,7300147.973,4.465886529229125,3.8563167353758514,0.6254860773534673,1.1549724373915573,0.12556032535344241,3.0123985429777513,1.5196004555231981,0.11295599929475114,1.7004818290766173,1.675598217297185,0.05904122252778042,1.0870845454211622,0.49346266020346874,0.17729630901360274,0.06727705178393237,0.04274753227285108,0.10033184580098596,0.598756608989862,5.133618858134072,segura
ISA,2023,3,Q3 2023.xbrl,0.001,4568115.996,12702709.215,72758663.131,7338639.311,37957770.892,45296410.203,27462252.928,3221890.741,193843.396,4241385.389,27143334.597,10614773.729,2034445.996,5688864.562,-1808896.435,-861825.647,787205.264,3156317.4699999997,512357.676,-576457.4990000001,1580606.9980000001,-310789.794,258379.544,,14393244.231,2467204.951,-2442853.733,7327481.545,-1155160.834,1044692.3819999999,7109911.899999999,4.4142206580646945,3.771720995586458,0.6225569334808289,1.1428312188473337,0.13514173110010172,2.910494314069519,1.437620797986598,0.11189831658738952,1.7309352151916926,1.7045211365341622,0.06278449602317777,1.077033935149438,0.49397563092042546,0.17141409618313588,0.07372414051014294,0.0442818848279149,0.10070940324737782,0.6062787935053883,5.191349229288576,segura
ISA,2023,4,CIERRE 2023.xbrl,0.001,4071927.866,12407460.808,71217175.874,5307301.925,39543479.736,44850781.661,26366394.213,3221890.741,227631.146,2477275.894,28516340.119,14171459.071,2466452.557,7069602.261,-2423491.829,-1129171.71,1059713.172,3556685.342,432006.561,-614595.3939999999,1380737.699,-267346.06299999997,272507.90800000005,,14171459.071,2466452.557,-2423491.829,7069602.261,-1129171.71,1059713.172,7078829.268,4.378353374491924,3.8031272019372,0.6297747855145452,1.1754969512561768,0.07992858571135837,2.9209214503194434,1.4549938591932428,0.11377071095934663,2.337809490271274,2.2949193081755945,0.05717620526267711,1.643711899777603,0.49951308701062963,0.17404365666533703,0.09969728223373893,0.04524036093063119,0.09926821969896414,0.5878692240480371,5.3358428697146625,segura
ISA,2024,1,Q1 2024.xbrl,0.001,4911704.339,12846090.195,71388374.971,6165071.181,39917854.78,46082925.961,25305449.01,3230575.941,172392.853,1981022.724,29127826.237,3668339.506,634454.705,1793978.682,-531703.845,-279334.141,249452.182,3668339.506,634454.705,-531703.845,1793978.682,-279334.141,249452.182,,13928485.679000001,2272808.481,-2266385.3,6745283.834000001,-1080035.626,1035345.2390000001,6654574.646,4.674806522712797,3.936712113936065,0.6455242324779098,1.229334004257607,0.06368036073862887,2.9362062337767547,1.459660773479249,0.10634124470973864,2.0836888687660395,2.055726036231146,0.06880257942550555,2.479378090667475,0.477767274875625,0.1631769980872161,0.09358693228013695,0.04525352961616443,0.09448714635597362,0.5491285217309337,5.222995353636017,segura
ISA,2024,2,Q2 2024.xbrl,0.001,4668994.221,12887596.636,73480910.425,5635354.931,41260578.611,46895933.542,26584976.883,3230575.941,195744.434,2673395.14,30148148.31,7095486.689,1341999.093,3578752.189,-1088662.428,-577168.219,52609.873,3427147.183,707544.3880000002,-556958.5830000001,1784773.5069999998,-297834.07800000004,-196842.309,,13808489.500999998,2286363.33,-2279715.321,6540096.886,-1155304.076,583497.3250000001,6304880.051999999,5.205736378694236,4.465199812971795,0.6382056682580903,1.2345898811365161,0.08145245040266381,2.7656435844956095,1.2588679948604862,0.08743832109455534,2.286918356305391,2.252183288790262,0.06354023370145254,1.7464661886832036,0.45659447773367284,0.16557664253098964,0.09869558859647186,0.04396483280235569,0.08900402632701866,0.5668930091601757,5.234113132664286,segura
ISA,2024,3,Q3 2024.xbrl,0.001,4483589.154,13403454.13,76641269.637,5661257.937,42188893.569,47850151.506000005,28791118.131,3230575.941,173178.574,2897208.3540000003,30607514.527,10616544.856,2233170.003,6240518.766,-1647495.006,-1210757.716,78038.926,3521058.1670000004,891170.9099999999,-558832.578,2661766.577,-633589.497,25429.053000000007,,14173230.198,2665176.5640000002,-2262090.4,7621256.465,-1478103.779,350546.83400000003,6755917.5770000005,4.959314926378652,4.295661306733552,0.6243392330611842,1.1637173217293273,0.08647164055915715,2.9865816047846723,1.3331577721208672,0.09000890437778163,2.3675752419616347,2.3369851194257643,0.058500977022377824,1.547554958486082,0.47666745566253027,0.18804298856135745,0.10101863173287401,0.04215191053463942,0.09944063428355181,0.6016933536227119,5.350116536199894,segura
ISA,2024,4,CIERRE 2024.xbrl,0.001,5924486.853,13542092.433,76995347.157,5621342.525,43105998.492,48727341.017000005,28268006.14,3230575.941,177976.215,2491673.186,31813938.812,14934750.995,2807941.183,7870094.717,-2262263.883,-1386254.526,106697.18,4318206.138999999,574771.1800000002,-614768.8769999999,1629575.9510000004,-175496.81000000006,28658.253999999986,,14934750.995,2807941.183,-2262263.883,7870094.717,-1386254.526,106697.18,6563156.772,5.226998712624992,4.324310104259688,0.6328608521972223,1.2135844257319803,0.0726316494847917,2.9011455389088225,1.2883724064651925,0.08496097848859023,2.4090495060163586,2.3773887035997685,0.07694603728351886,2.3777142549384083,0.4394553865810871,0.18801392697742803,0.10287309818668552,0.04195806708180149,0.10221519880873078,0.5801261786506646,5.357649446369199,segura
ISA,2025,1,Q1 2025.xbrl,0.001,4988762.155,14468124.226,78617479.92300001,6885727.499,43811955.179,50697682.678,27919797.245,3237241.285,188080.833,2815301.804,32344413.729,4011697.406,694598.252,1939125.279,-566927.704,-359558.56200000003,28140.752,4011697.406,694598.252,-566927.704,1939125.279,-359558.56200000003,28140.752,,15278108.895,2868084.7300000004,-2297487.742,8015241.313999999,-1466478.9470000002,-114614.25000000001,6517437.169000002,5.394714919575467,4.629266473255354,0.6448652733165019,1.2593112773874657,0.08007180266739163,2.836766895359567,1.1984701505319286,0.07831321835967828,2.101175834812106,2.0738612434305397,0.063456144357287,1.7720168217531538,0.42658664195887064,0.18772511373699044,0.09644670287608297,0.04117711847505972,0.10195240704548574,0.5507115073154153,5.2802950351226485,segura
ISA,2025,2,Q2 2025.xbrl,0.001,4024010.837,12008916.981,77081781.892,4394169.738,43957389.73,48351559.468,28730222.424,3237241.285,199749.533,1613563.15,32507892.372,7354487.533,1149516.926,3119248.582,-1175063.945,-514268.132,59270.732,3342790.127,454918.674,-608136.241,1180123.3029999998,-154709.56999999995,31129.980000000003,,15193751.838999998,2615459.016,-2348665.4,7410591.11,-1323354.4389999998,113358.03899999999,6400836.893999999,5.330780347486231,4.702110861973794,0.6272760992441225,1.187650238777699,0.04728881360174234,2.725308123498562,1.1618585836024151,0.07997364160624917,2.7329205963868484,2.6874627408851364,0.05220443453990307,2.4938663460429176,0.42128086346454907,0.17214043270645787,0.09878789846437507,0.04199748897263077,0.09613933316153807,0.5941943287892134,5.304920792051286,segura
ISA,2025,3,Q3 2025.xbrl,0.001,4597898.927,12788268.407,77487171.031,4705311.675,43783306.65,48488618.325,28998552.706,3237241.285,166487.08000000002,1644926.681,32437791.918,11395834.729,1849625.592,5160453.68,-1853837.111,-868208.2440000001,88387.624,4041347.1960000005,700108.666,-678773.166,2041205.0979999998,-353940.1120000001,29116.891999999993,,15714040.867999999,2424396.772,-2468605.988,6790029.630999999,-1043705.0540000001,117045.87799999997,6053753.692000001,5.6300140925852515,4.870502034293865,0.625763177050319,1.1753248151570008,0.048262777988850425,2.4522964464266708,1.029505179179692,0.07456689942786922,2.717836625987162,2.6824538306487424,0.059337550536727374,2.7951999199166737,0.38524487385850176,0.1542821984723885,0.10431348343800396,0.041777770977145225,0.08762779103502871,0.5980486495126379,5.287301822482462,segura
ISA,2025,4,CIERRE 2025.xbrl,0.001,4466147.938,11720343.762,76130261.053,4591464.379,43231798.428,47823262.807,28306998.246,3237241.285,166004.971,1753653.649,32037263.84,15918005.563,2420317.832,6841990.225000001,-2513902.39,-1111140.146,118190.444,4522170.833999999,570692.24,-660065.2790000001,1681536.5450000009,-242931.90199999989,29802.820000000007,,15918005.563,2420317.832,-2513902.39,6841990.2250000015,-1111140.146,118190.44399999999,6163550.812,5.482378343212724,4.75777201250726,0.6281767873317369,1.1937301580104815,0.051897189520552944,2.4517860504520224,1.0097879241842798,0.07512398196427675,2.5526374146787214,2.516482289146384,0.05866455567373897,2.5467673964849147,0.38720622301619434,0.15204906308274044,0.09364054824450228,0.04252239832392422,0.08987214979122135,0.5919085521253192,5.22834984134852,segura
ISA,2026,1,Q1 2026.xbrl,0.001,3628266.751,11283695.943,76733409.702,6723909.096,42130546.928,48854456.024,27878953.678,3243311.378,165214.892,2913690.276,30831249.168,3860047.398,558452.032,1732644.329,-695194.4940000001,-189212.443,29222.421,3860047.398,558452.032,-695194.4940000001,1732644.329,-189212.443,29222.421,,15766355.555,2284171.612,-2642169.18,6635509.275,-940794.0269999999,119272.113,5986406.932,5.6369270962216635,5.030842880395087,0.6366777680508395,1.2104091076642163,0.08634451043645501,2.265716736579298,0.9096479298876691,0.07122382687894682,1.6781452250317574,1.6535739689898983,0.04728405482163048,1.2452479183823861,0.37969503548976635,0.14487632249772642,0.05942374859540683,0.042267265205542734,0.08647483932708715,0.5706532412172254,4.95790789891205,segura
ISA,2026,2,Q2 2026.xbrl,0.001,3724781.926,11462578.656,76070853.417,4261252.869,44172798.371,48434051.24,27636802.177,3243311.378,162615.475,1015471.158,33183576.658,8595281.282,1253268.942,3892569.232,-1389848.291,-502471.673,46861.631,4735233.884,694816.91,-694653.7969999999,2159924.903,-313259.23,17639.210000000003,,17158799.312,2524069.848,-2728686.736,7615310.875,-1099343.687,105781.34300000001,6457881.614,5.295706837031528,4.7189260676341656,0.6366965672712719,1.2374459098766952,0.02969296582359561,2.36666288174459,0.9637790796224254,0.07689837463163597,2.6899550457070047,2.6517936222948895,0.048964639657474926,3.6680332047402175,0.37635976134318927,0.14710061013621117,0.0946660312527883,0.04263540150155853,0.1001081298937835,0.5706068658195523,5.281864415910127,segura
ISAGEN,2019,1,Q1 2019.xbrl,1e-06,172152.830293,720098.863228,19100590.637803,991484.324223,12049813.69719,13041298.021413,6059292.61639,1268261.351595,35181.547289999995,722685.310821,8372922.066327999,802955.265419,151941.980729,439728.606398,-232250.710344,-74128.272877,3240.674359,802955.265419,151941.980729,-232250.710344,439728.606398,-74128.272877,3240.674359,,,,,,,,,,,0.6827693587444501,1.5011005331787346,0.0794543212844269,,,,0.7262836593935285,0.6907999442903463,0.0090129584763878,0.23821271543132289,,,-0.014208223512098443,0.0663990645967207,,0.4646234298488554,,
ISAGEN,2019,2,Q2 2019.xbrl,1e-06,638536.00429,1130980.593456,19371339.238819,968039.965511,13140129.871624,14108169.837135,5263169.401684,1268261.351595,34396.335417999995,1281198.725019,9433596.277946,1542674.642236,269190.231251,856092.1299729999,-486976.341997,-132665.656981,3138.848185,739719.376817,117248.25052200002,-254725.631653,416363.52357499994,-58537.38410400001,-101.82617400000026,,,,,,,,,,,0.7283012115581082,2.0358065996387467,0.11957286393855097,,,,1.1683201456036874,1.1327882082421519,0.03296292509350165,0.49838950962156986,,,0.008411428138044108,0.06547102066404786,,0.3730582678293595,,
ISAGEN,2019,3,Q3 2019.xbrl,1e-06,375731.382549,924999.628781,19119157.836266,715566.012735,13055187.697765,13770753.7105,5348404.125766,1268261.351595,34612.785335,724946.6541929999,9335918.662802,2303458.843916,350742.427471,1245766.78172,-777456.559903,-170880.557113,9531.448068,760784.2016799999,81552.19621999998,-290480.21790600003,389674.65174700017,-38214.90013199998,6392.599883,,,,,,,,,,,0.7202594292296218,1.8810966935962565,0.07205609372072666,,,,1.2926824532170185,1.2443112551458513,0.019652088536886145,0.5182883187001651,,,0.010954123494327653,0.066334582435912,,0.388388626955685,,
ISAGEN,2019,4,CIERRE 2019.xbrl,1e-06,135837.317303,726989.683016,18860181.553206,435574.225589,12934212.96944,13369787.195029,5490394.358177,1268261.351595,36777.461354,192426.527494,9370261.081061,3183401.284286,495208.41012,1665275.151372,-978949.384957,-208732.599657,12682.392723,879942.44037,144465.982649,-201492.82505400002,419508.369652,-37852.042544000025,3150.944655000001,,3183401.284286,495208.41012,-978949.384957,1665275.151372,-208732.599657,12682.392723,1695572.787457,5.639797759963467,5.559684822136288,0.7088896338198981,1.741712340628687,0.020122640764909105,1.7320331505509627,0.5188121169975594,0.05311172168675981,1.6690374230314866,1.5846029932755292,0.007202333493969431,0.7059178330141382,0.5326292967923135,0.15555953079634116,0.015451360136958116,0.06724544766534397,0.08829581765552642,0.4106568248310171,4.595118642605172,segura
ISAGEN,2020,1,Q1 2020.xbrl,1e-06,374791.907096,963128.9496,19043875.383859,442429.441933,13001363.961670998,13443793.403604,5600081.980254999,1268261.351595,35801.067324,198654.288255,9420275.751659,870648.980142,115110.986272,424413.741433,-225171.272226,-58310.340656,3233.309936,870648.980142,115110.986272,-225171.272226,424413.741433,-58310.340656,3233.309936,,3251094.999009,458377.415663,-971869.946839,1649960.2864070002,-192914.66743600002,12675.0283,1635837.058238,5.880127236067622,5.651014009167324,0.7059379003812714,1.7176409334414786,0.02065243092845866,1.6831851458711613,0.48468670679147413,0.048971397235280385,2.1769097133139095,2.0959904436387653,0.019680443163037183,1.886653997697262,0.5031649517275368,0.14099170150448473,0.027342098032647748,0.06659681005211465,0.08663994345423282,0.41655519481233133,4.666073138429456,segura
ISAGEN,2020,2,Q2 2020.xbrl,1e-06,106029.461223,676832.561071,18708312.430413,499259.295855,12611661.805383,13110921.101238,5597391.329175,1268261.351595,36415.13199,205882.040945,8989220.432804,1592385.8687109998,138711.73902399998,691625.607385,-441726.470717,-70311.51878299999,6418.011259999999,721736.8885689998,23600.752751999986,-216555.19849100002,267211.86595199996,-12001.178126999992,3184.701323999999,utilidad_neta_trim,3233112.5107609998,364729.91789299995,-933699.5136770001,1500808.6287840002,-146378.461459,15961.555798,1460769.4488269999,6.294697962866543,6.222113297772306,0.7008072561330732,1.6427478325165208,0.02239040201376444,1.5644963153877491,0.40772375707019437,0.041401547701924134,1.355673427996767,1.2827351125916673,0.005667505373206948,0.5150010206636968,0.4518152226268082,0.11281077187355629,0.009491677342705137,0.06779132839011509,0.0802214862706817,0.4269258647774538,4.520625679675228,segura
ISAGEN,2020,3,Q3 2020.xbrl,1e-06,342800.416689,982284.113359,19000317.061318,482271.43534,12776892.899848,13259164.335188,5741152.726129999,1268261.351595,35261.16914,214241.359032,9128586.440859,2348840.448005,276703.830204,1083916.987414,-638604.76967,-135360.559437,9319.088539,756454.5792940003,137992.09118000002,-196878.29895299993,392291.3800290001,-65049.040654,2901.077279000001,,3228782.888375,421169.812853,-840097.594724,1503425.357066,-173212.601981,12470.033194000001,1446950.042752,6.456911105321631,6.219998698838671,0.6978391093368549,1.6273435398031675,0.022931104331656366,1.7223594637565547,0.5161779402421276,0.04641419657248304,2.036786841141633,1.9636720627074904,0.01804182612230687,1.6000664775366638,0.448141015601154,0.13044228348997747,0.026316017590935686,0.0667494835745138,0.0791263299561861,0.4329950652239651,4.626610147640187,segura
ISAGEN,2020,4,CIERRE 2020.xbrl,1e-06,83748.53035999999,644453.4498589999,18628651.582927,431130.651664,12239032.964283,12670163.615947,5958487.96698,1268261.351595,34137.729913,184413.77128,8817747.046999998,3211249.882066,496129.202162,1570268.031161,-821768.318021,-240439.964659,12397.337041,862409.4340609997,219425.371958,-183163.54835100006,486351.04374699993,-105079.405222,3078.2485020000004,,3211249.882066,496129.202162,-821768.318021,1570268.031161,-240439.964659,12397.337041,1570734.8218830002,5.731177976616186,5.677859918600765,0.6801438933754657,1.5108129559322838,0.020485500648413774,1.911408346412864,0.6188198401559757,0.05648938621162758,1.4947984963993055,1.4156166294148047,0.004495683973001825,0.454133819718065,0.4891350345095061,0.15449722705565622,0.011451327931352178,0.06808122133527639,0.08429316658647142,0.47027711303431713,4.607306540929793,segura
ISAGEN,2021,1,Q1 2021.xbrl,1e-06,108113.193912,637530.621516,19049194.992317,373788.082043,12430097.652403,12803885.734446,6245309.257871,1268261.351595,34627.534823,174877.70698299998,8979064.795183,805979.15476,236938.315873,456170.303879,-164914.670031,-50592.547145,3026.187504,805979.15476,236938.315873,-164914.670031,456170.303879,-50592.547145,3026.187504,,3146580.0566839995,617956.531763,-761511.7158260001,1602024.593607,-232722.17114799996,12190.214609,1624380.633346,5.635343289774479,5.568786725572343,0.6721483894521588,1.4657308588248423,0.019104086238429022,2.1330999899115923,0.8274944866586713,0.06883883596853434,1.7055937632668008,1.6129542798628957,0.0056754731082129545,0.6182217034816782,0.5162368679911618,0.1963898965323733,0.013845337799280957,0.06657821247073803,0.08409933302972306,0.487766712965064,4.635172955190946,segura
ISAGEN,2021,2,Q2 2021.xbrl,1e-06,410046.175955,1034704.399937,19473994.801105,439503.232977,13466782.810371,13906286.043348,5567708.757757,1268261.351595,34895.767111,197645.708514,10241964.872498,1590756.308983,443906.600586,904132.443738,-343209.231942,-124009.193859,6048.339929,784777.154223,206968.284713,-178294.561911,447962.139859,-73416.646714,3022.1524249999998,utilidad_neta_trim,3209620.322338,801324.063724,-723251.0792459999,1782774.867514,-294137.639735,12027.665710000001,1830740.4484149998,5.702397950539795,5.478419627282664,0.7140951913245311,1.8750281372867081,0.018932287462282,2.5312654221319297,1.1245772772049385,0.07791015987831558,2.3542589048284612,2.2748607013735476,0.02105608942299466,2.0746525641155262,0.5703915929474874,0.24966319478569585,0.030563896778190932,0.0651258955621697,0.0915464385054083,0.40037352463494624,4.698393850020643,segura
ISAGEN,2021,3,Q3 2021.xbrl,1e-06,141521.858969,838753.117618,19275695.152653,484426.307237,13557929.862947,14042356.170184,5233338.982469,1268261.351595,35748.779642,190697.199525,10016176.794188,2452645.971962,90005.853493,1397005.989319,-532530.114431,-782202.307377,9075.233583,861889.6629789998,-353900.747093,-189320.88248899998,492873.5455809999,-658193.113518,3026.8936539999995,,3315055.4060229994,309431.22545100003,-715693.662782,1883357.0330659999,-887281.712599,12153.482085,1924560.0829170002,5.303484201045434,5.229949547476968,0.7285006355919302,1.950355982653654,0.0186832128663939,2.689083588411234,0.4493328979412171,0.031506679492083745,1.731435937907579,1.657639822568801,0.007341984703961336,0.742128669542663,0.5805514078046295,0.09334119269584637,0.018382050949391177,0.06579588137035065,0.09770630932637389,0.3726823988114543,4.632983744920609,segura
ISAGEN,2021,4,CIERRE 2021.xbrl,1e-06,172826.714418,993775.617178,21121291.278846,516522.130039,14925699.29965,15442221.429689,5679069.849157,1268261.351595,35704.870165,232182.419714,10713431.584178,3481508.064357,523126.556096,2010051.342865,-731987.768334,-763221.7149029999,12107.240467,1028862.0923950002,433120.702603,-199457.65390300006,613045.3535460001,18980.592474000063,3032.0068840000004,,3481508.064357,523126.556096,-731987.768334,2010051.342865,-763221.7149029999,12107.240467,2030443.2798000001,5.390750932461482,5.305633206624283,0.731121086576517,1.927360341503242,0.021212370510365286,2.773875968475918,0.731205929548781,0.048899385303801494,1.9239749071408905,1.854849369068971,0.00818258278512992,0.7443574523466774,0.5832079783434317,0.15025860817375883,0.022595847992352276,0.06004658213606596,0.09516706702862264,0.3677624929168869,4.619653928588481,segura
ISAGEN,2022,1,Q1 2022.xbrl,1e-06,735488.724937,1555483.615506,21702224.950356,530957.520254,15080231.819485,15611189.339739,6091035.610617,1268261.351595,37488.549302,245345.867442,11378147.574221,1192692.033682,360020.780779,790688.454224,-250780.697205,-178084.230679,3035.615978,1192692.033682,360020.780779,-250780.697205,790688.454224,-178084.230679,3035.615978,,3868220.943279,646209.021002,-817853.795508,2344569.49321,-890713.3984369999,12116.668941,2366892.8838879997,4.910865853198036,4.600125671441757,0.7193358918474816,1.9082951052531416,0.021107756344799708,2.894029344716598,0.8049430027210288,0.05663750689472678,2.9295820403144233,2.8589764873804215,0.03389001480813308,2.997762842330614,0.6118815131282651,0.16705587154342424,0.04720834373413836,0.0584392316684652,0.10803360017570642,0.39017114443112855,4.885864124968577,segura
ISAGEN,2022,2,Q2 2022.xbrl,1e-06,188145.184503,1009644.745128,22859833.272032,862196.6421129999,17065185.596536,17927382.238649,4932451.033383,1268261.351595,38109.774407,497603.207576,13124091.028381,2265407.283192,607319.686747,1429241.884705,-528708.524922,-311112.864674,6080.05696,1072715.24951,247298.90596799995,-277927.82771700004,638553.4304810001,-133028.633995,3044.440982,,4156159.038566,686539.642257,-917487.061314,2535160.783832,-950325.3857179999,12138.957498,2566491.0467870003,5.3075167563939285,5.234208421756042,0.7842306645596738,2.7616481428330255,0.03653019947125841,2.797304893990921,0.7615132999852573,0.051291607905183195,1.1710144714245774,1.126813679464168,0.008230383059406971,0.37810283703660447,0.617515119843084,0.1651860854905776,0.006450095294238054,0.055479903834060845,0.11090023070875402,0.27513504022630286,4.507318454229686,segura
ISAGEN,2022,3,Q3 2022.xbrl,1e-06,376280.998903,1430877.8844259998,23678445.941961,1214093.611887,17205513.140113,18419606.752,5258839.189960999,1268261.351595,38518.541818,758892.6698179999,13090409.037884,3453386.708392,914518.133541,2175781.21287,-912037.970934,-464612.787367,9173.231833,1187979.4252,307198.446794,-383329.446012,746539.3281649998,-153499.922693,3093.174873,,4482248.800787,1347638.8361439998,-1111495.624837,2788826.566416,-445632.19489299995,12205.238717,2916971.894591,4.747835155142578,4.6188380264418365,0.7779060668571277,2.633528276380839,0.054796457311342826,2.624366510681292,1.2234362821359916,0.09818863821161114,1.1785564724305433,1.146830301202171,0.01589128779081678,0.49582900700996485,0.6507831278975039,0.30066131891370673,0.00915534208074156,0.053561849232152986,0.11777912170637306,0.2855022509853526,4.57592373394793,segura
ISAGEN,2022,4,CIERRE 2022.xbrl,1e-06,309200.445391,1431562.124601,23808061.966282,1333190.59289,16910525.005838,18243715.598728,5564346.367554,1268261.351595,27889.046571,736513.775945,13351933.404957,4816989.92959,1233837.9102659998,2969610.272859,-1317579.83568,-635121.672715,12655.353616,1363603.221198,319319.7767249999,-405541.86474600004,793829.0599890002,-170508.88534799998,3482.1217830000005,,4816989.92959,1233837.9102659998,-1317579.83568,2969610.272859,-635121.672715,12655.353616,3199194.7722769994,4.403747875242578,4.3070984158003425,0.7662831029491411,2.5319141279652335,0.05227785337076767,2.4280841931873542,0.9460476170984259,0.0884762705127446,1.073786548026683,1.052867523605318,0.01298721608793286,0.41981624171832177,0.6641481130414778,0.2561429291530652,0.004131858017268185,0.05327024742253973,0.12473128963897565,0.30500071860043465,4.609211016095132,segura
ISAGEN,2023,1,Q1 2023.xbrl,1e-06,860465.9352579999,1966041.070765,24269238.31729,1508916.210368,16844683.558546,18353599.768914,5915638.548376,1268261.351595,29043.02353,833030.608347,13267610.090267,1347150.772221,397336.425103,884455.762536,-426573.157069,-190593.308412,4043.30749,1347150.772221,397336.425103,-426573.157069,884455.762536,-190593.308412,4043.30749,,4971448.668129,1271153.5545899998,-1493372.2955439999,3063377.581171,-647630.7504479999,13663.045128000002,3425819.64571,4.115990378031605,3.8648195563756773,0.7562495175564882,2.3836210720624575,0.05907750053009161,2.2940158029796955,0.8603458116584197,0.09111760431171677,1.3029491347869573,1.2837015295651162,0.03545500373800289,1.0329343563562934,0.6890988672320545,0.25569077334321494,0.018835566836530388,0.052257979216902714,0.12622471052124346,0.32231489314676465,4.730583023201601,segura
ISAGEN,2023,2,Q2 2023.xbrl,1e-06,232487.176032,1136718.034203,23056858.59813,1028681.504471,16909187.8175,17937869.321971,5118989.276159,1268261.351595,29670.465897,506588.618191,13299477.349609,2635778.544918,700105.028341,1642498.1531709998,-894334.007882,-327875.543482,8142.064503,1288627.7726970003,302768.60323799995,-467760.85081299994,758042.3906349998,-137282.23507,4098.7570129999995,,5187361.191316,1326623.2518599997,-1683205.31864,3182866.541325,-651884.351523,14717.361159,3676430.283182,3.7552911124022907,3.6920539072537197,0.7779840972536401,2.6970296718729,0.03669319119382167,2.184184093567676,0.7968966103925926,0.09715588902352193,1.1050242755045525,1.0761810759641293,0.01008321125111361,0.4589269629905995,0.7087284165476269,0.2557414459746621,0.004685656949848408,0.0550058173014888,0.1380442408396061,0.2853733174368186,4.687356155744672,segura
ISAGEN,2023,3,Q3 2023.xbrl,1e-06,222785.919957,1261855.651927,23200712.266745,1319880.551917,16600665.420099,17920545.972016,5280166.294729,1268261.351595,29867.739115,775601.679011,13533636.533794,3962408.006268,857804.934145,2259865.628987,-1385907.388653,-390999.288781,12251.922438,1326629.46135,157699.90580399998,-491573.38077099994,617367.475816,-63123.745299,4109.857935,,5326011.227466,1177124.7108699998,-1791449.253399,3053694.688976,-561508.1741289999,15734.044221,3545816.182619,4.035527358396778,3.9726967127899755,0.7724136123916597,2.709997642894202,0.05420286303689684,1.9793003769944126,0.6658624311170039,0.083362841358217,0.9560377642463749,0.9334086414279349,0.00960254656820742,0.2872426994241207,0.6657545452276528,0.2210143126998345,-0.002500996491955581,0.05466475929762193,0.13162073016840295,0.29464316003397967,4.605667203090365,segura
ISAGEN,2023,4,CONSOLIDADO CIERRE 2023.xbrl,1e-06,220352.378389,1279907.151628,23727387.139664,1216189.157845,17082033.108159,18298222.266004,5429164.87366,1268261.351595,29525.906519,1183419.452821,13696364.263642998,5523362.199194999,1035242.62772,2905984.457391,-1869998.911434,-477536.459092,19659.371058,1560954.1929269992,177437.69357500004,-484091.522781,646118.828404,-86537.17031099997,7407.448620000001,,5523362.199194999,1035242.62772,-1869998.911434,2905984.457391,-477536.459092,19659.371058,3402437.369304,4.373271893468474,4.308508797348919,0.7711857255203498,2.7407131783111587,0.07953203321843884,1.8194862833876502,0.564119044309525,0.07089498200237851,1.0523915160499404,1.0281141194553862,0.009286837066886596,0.18619972644841232,0.6160083743557297,0.18742979192472314,0.0026854197391370342,0.05345137010365986,0.12247385016672134,0.2967044991986334,4.576431817305603,segura
ISAGEN,2024,1,Q1 2024.xbrl,1e-06,225762.797748,1386579.884258,23891287.871014,1563667.070175,16712289.794280998,18275956.864456,5615331.006558,1268350.663198,30886.316975,1156085.98236,12911074.485641,1349620.589114,198087.870448,657336.5804409999,-465291.664787,-102411.499868,4699.812333,1349620.589114,198087.870448,-465291.664787,657336.5804409999,-102411.499868,4699.812333,,5525832.016088,835994.073065,-1908717.419152,2678865.275296,-389354.65054799995,20315.875901,3154382.018666,4.459561456018588,4.387990290442557,0.7649632352649028,2.505134684237194,0.08218332228382438,1.6526186574372128,0.4486310757023632,0.060872977948454816,0.886748791162315,0.8669963019246005,0.009449586768484999,0.19528201292358416,0.5708429082683439,0.15128836175820634,-0.007412207616143218,0.05308841742000945,0.11212728630448263,0.3072523670418033,4.450554508187348,segura
ISAGEN,2024,2,Q2 2024.xbrl,1e-06,318568.477283,1432948.597403,23916564.290393,1560223.4297709998,17442190.414646,19002413.844417,4914150.445975999,1268350.663198,30847.571437,1280948.0826909998,13594773.873616,2588801.259585,255639.554167,1110799.707526,-919088.623316,-131682.93264699998,9233.756539,1239180.670471,57551.68371899999,-453796.958529,453463.12708500004,-29271.43277899998,4533.944206,utilidad_neta_trim,5476384.913861999,590777.153546,-1894753.526868,2374286.011746,-281343.848257,20751.063094,2787625.591765,5.336341437046558,5.222061930421245,0.7945294154164962,3.027119767667702,0.08610997748233014,1.471233884637705,0.32274816115574007,0.04110914538710672,0.9184252524738201,0.8986539999414007,0.013319993349168686,0.24869741528771042,0.5090265997754967,0.10787721514070461,-0.005321618557859688,0.053032310485644524,0.09927370766626888,0.25860664261976385,4.32663180471172,segura
ISAGEN,2024,3,Q3 2024.xbrl,1e-06,152653.77901899998,1505311.691702,23915847.419108,1280119.13771,17442993.835376,18723112.973086,5192734.446022,1268350.663198,32174.180283,787498.5806659999,13572764.507529,4170207.556674,543886.62618,1923699.094864,-1389376.26785,-280225.120114,13778.317919,1581406.2970889998,288247.072013,-470287.64453399996,812899.3873380001,-148542.187467,4544.561379999999,,5731161.749600999,721324.3197550001,-1873467.790631,2569817.923268,-366762.29042499996,21185.766539,2982740.16735,4.814453248521913,4.763274208292397,0.7828747459781346,2.7654530069790053,0.054838729334518325,1.5920957820926227,0.3963292510323415,0.05170588322329469,1.1759153092538295,1.1507815702640694,0.00638295504833479,0.19384641797055466,0.5204425032250498,0.12586005268569123,0.009416039082607564,0.05303390011531134,0.10745251373425295,0.27734354076089934,4.497951340850944,segura
ISAGEN,2024,4,CIERRE 2024.xbrl,1e-06,447197.05571,1381012.7715049998,24293248.340485,1206751.4121309998,17524915.235675998,18731666.647807,5561581.692678,1268350.663198,33172.006795,749153.869682,13654102.831992,6095701.037532,904615.597915,2738482.926877,-1841209.269426,-389143.486734,24599.068308,1925493.480858,360728.971735,-451833.0015760001,814783.8320129998,-108918.36661999999,10820.750389000003,,6095701.037532,904615.597915,-1841209.269426,2738482.926877,-389143.486734,24599.068308,3159567.422383,4.558616663673161,4.4170792327761434,0.7710647166352984,2.589777062995649,0.052012811074521124,1.716028413960788,0.5046762916377693,0.06451420574313609,1.144405349454924,1.1169166666478978,0.018408285686716524,0.5969361886895488,0.5183271625247277,0.14840222516576318,0.0071732424141728,0.052210006888386264,0.11272609115485327,0.2969080006198551,4.536533825904574,segura
ISAGEN,2025,1,Q1 2025.xbrl,1e-06,405756.91121,1976547.582002,24826759.277084,917202.821451,17999117.939494,18916320.760945,5910438.516139,1268350.663198,36112.924517,465818.561672,14054334.259313,1425880.5459989998,344550.232459,874629.112647,-430075.689387,-177381.494166,5596.734935,1425880.5459989998,344550.232459,-430075.689387,874629.112647,-177381.494166,5596.734935,,6171960.994417,1051077.959926,-1805993.294026,2955775.459083,-464113.481032,25495.99091,3346680.725894,4.33867285535767,4.217431259746063,0.7619327415965019,2.456696365478869,0.03208083051293949,1.8530969837841598,0.5961118207897959,0.07414343114075908,2.154973290286148,2.115600401681346,0.01634353105379035,0.8710621357671625,0.5422394485190887,0.17029886625608598,0.04266947404322777,0.05108804774083961,0.11905603248875452,0.3124518023791289,4.824589716181227,segura
ISAGEN,2025,2,Q2 2025.xbrl,1e-06,111346.682365,3899447.773347,25379502.800803,1362615.997526,18573234.4767,19935850.474226,5443652.326576999,1268350.663198,36782.215127,890965.9198029999,14368629.572298998,2556557.111896,401284.223948,1454363.317594,-918699.311644,-209638.326204,6143.978039,1130676.565897,56733.99148899998,-488623.622257,579734.2049469999,-32256.832038000022,547.2431039999992,,6063456.889842999,1050260.2676960002,-1840819.957754,3082046.5369449994,-467098.880291,21509.289808,3379688.3955490002,4.515089471620715,4.4821436288881005,0.7855098908239936,2.803190684607391,0.05838725674374151,1.835969010066898,0.5822239991420319,0.07023577774776026,2.8617363809223844,2.834742557868947,0.0043872680737258975,0.12497299828215616,0.5573863980480136,0.1732114677776153,0.09995592883485235,0.04997539444144942,0.12143841276699419,0.27305844481602665,5.171408179886785,segura
ISAGEN,2025,3,Q3 2025.xbrl,1e-06,229542.936427,3923480.853475,25865252.863744,1661631.810363,18515826.272868,20177458.083231,5687794.780513,1268350.663198,41303.59085,864079.7482789999,13524416.243707,3847513.969488,606104.234818,2179442.004094,-1365328.438015,-183247.538266,18653.226751,1290956.8575920002,204820.01087,-446629.12637099996,725078.6865000001,26390.787938000023,12509.248711999999,,5773007.4503460005,966833.206553,-1817161.439591,2994225.836107,-292165.904886,29473.97714,3105634.52817,4.633029373377183,4.559117606121601,0.7800990073255486,2.52971433520818,0.06005351419357999,1.7090581279718353,0.5482766483957776,0.0692433166223847,2.361221558834912,2.336364312727559,0.008874567653995616,0.26565017509574085,0.5379578243890654,0.16747478933100177,0.08744739728728855,0.04903685534719362,0.1157624807257958,0.281888568770711,5.057421942323058,segura
ISAGEN,2025,4,CIERRE 2025.xbrl,1e-06,173857.066077,4020184.197927,25989635.428568,1712864.136827,18353585.995019,20066450.131846,5923185.296722,1268350.663198,41497.121989,1156139.721005,13281606.088925,5227522.586422999,882203.2278059999,2872390.550364,-1838668.886465,-321109.832023,27152.09767,1380008.6169349994,276098.9929879999,-473340.44845,692948.5462699998,-137862.293757,8498.870919,,5227522.586422999,882203.2278059999,-1838668.886465,2872390.550364,-321109.832023,27152.09767,3069134.043964,4.704175706605062,4.647528762031585,0.7720943291797316,2.437496901864629,0.08007757833011782,1.6692151950559602,0.4945726401148356,0.06298457788684457,2.347053751370031,2.3228270067632626,0.006689476909164143,0.15037721039968327,0.5871106232874442,0.16876124650274518,0.08877846968810407,0.04880217218452474,0.11052061727678744,0.29517853221690393,5.044117849403274,segura
ISAGEN,2026,1,Q1 2026.xbrl,1e-06,938597.708191,4876164.994368,26555037.795673,1358737.427829,19222956.778119,20581694.205948,5973343.589725,1268350.663198,41281.291921,863508.327891,14084219.313145,1167110.70985,45001.361803,587081.586166,-540238.769674,-34237.904493999995,6235.360645,1167110.70985,45001.361803,-540238.769674,587081.586166,-34237.904493999995,6235.360645,utilidad_neta_trim,4968752.750274,582654.3571499999,-1948831.9667520002,2584843.023883,-177966.242351,27790.72338,2737243.2896330003,5.460869224759389,5.117970326533633,0.7750579895352916,2.50240546462926,0.05776853503273704,1.4045558243766894,0.3132363851499172,0.04083865422153834,3.588747093070933,3.5583649963718234,0.03534537270905106,1.0869584900048337,0.5508914263206307,0.11726370508531939,0.132458013940848,0.04776309011334455,0.09733908284266068,0.2902260392149221,5.233488223099814,segura
ISAGEN,2026,2,Q2 2026.xbrl,1e-06,287142.418911,6007037.158658,25920552.105343,2215538.26302,18270029.604993,20485567.868013,5434984.23733,1268350.663198,36456.886726,1172181.989138,13445289.484226,2677243.92406,165533.332596,1391701.298366,-1201372.108429,-99385.94713,7754.104143,1510133.2142100001,120531.97079299999,-661133.338755,804619.7122,-65148.042636000006,1518.7434979999998,,5348209.398587,646452.3364539999,-2121341.68325,2809728.5311359996,-210857.452949,28762.223774000002,3007413.6964269998,4.8604791188955785,4.76500092803273,0.7903214323814619,2.689514970984535,0.08019047557397006,1.4176941509108962,0.3182959942565867,0.046192295395163105,2.7113217852847225,2.694866692933347,0.01107778946004053,0.24496402569890963,0.5623216056614313,0.12087266751836474,0.14627384788059583,0.048932239484843196,0.10839771158102882,0.26530796082135494,5.376081523504234,segura
